<?xml version="1.0" encoding="utf-8" ?>
<Defs>


	  
	  	<!--cross saber power crystal-->
		
		
	  <ModularWeapons.ModularPartDef>
		<defName>guy762_powercrystalcross_jade</defName>
		<label>Jadeite</label>
		<kind>guy762_slot_powercrystal_cross</kind>
		<path>NoVisual</path>
		<massFactor>0.4</massFactor>
		<MeleeHitChanceFactor>0.1</MeleeHitChanceFactor>
		<costList>
		  <Jade>1</Jade>
		</costList>
		<isRare>true</isRare>
	  </ModularWeapons.ModularPartDef>
	  
	  <ModularWeapons.ModularPartDef>
		<defName>guy762_powercrystalcross_luxum</defName>
		<label>Luxum</label>
		<kind>guy762_slot_powercrystal_cross</kind>
		<path>NoVisual</path>
		<description>Adds a chance to deal ion damage.</description>
		<massFactor>0.4</massFactor>
		<toolFactors>
			<li>
				<label>tip</label>
				<alwaysTreatAsWeapon>true</alwaysTreatAsWeapon>
				<soundMeleeHit>kotorsound_lightsaber_deflect</soundMeleeHit>
				<soundMeleeMiss>kotorsound_lightsaber_swing</soundMeleeMiss>
				<capacities>
				  <li>guy762_ToolCapacity_SaberStab</li>
				</capacities>
				<!---->
				<power>26</power>
				<chanceFactor>0.75</chanceFactor>
				<cooldownTime>4</cooldownTime>
				<extraMeleeDamages>
					<li>
					  <def>guy762_MeleeDamage_ion</def>
					  <amount>6</amount>
					</li>
				</extraMeleeDamages>
			  </li>
			  <li>
				<label>edge</label>
				<alwaysTreatAsWeapon>true</alwaysTreatAsWeapon>
				<soundMeleeHit>kotorsound_lightsaber_deflect</soundMeleeHit>
				<soundMeleeMiss>kotorsound_lightsaber_swing</soundMeleeMiss>
				<capacities>
				  <li>guy762_ToolCapacity_SaberSlash</li>
				</capacities>
				<!---->
				<power>34</power>
				<chanceFactor>1.25</chanceFactor>
				<cooldownTime>3.5</cooldownTime>
				<extraMeleeDamages>
					<li>
					  <def>guy762_MeleeDamage_ion</def>
					  <amount>6</amount>
					</li>
				</extraMeleeDamages>
			  </li>
		</toolFactors>
		<MeleeHitChanceFactor>0.2</MeleeHitChanceFactor>
		<costList>
		  <guy762_crystalitem_luxum>1</guy762_crystalitem_luxum>
		</costList>
		<isRare>true</isRare>
	  </ModularWeapons.ModularPartDef>
	  
	  <ModularWeapons.ModularPartDef>
		<defName>guy762_powercrystalcross_phond</defName>
		<label>Phond</label>
		<kind>guy762_slot_powercrystal_cross</kind>
		<path>NoVisual</path>
		<description>Adds a chance to deal extra slashing damage.</description>
		<massFactor>0.4</massFactor>
		<toolFactors>
			  <li>
				<label>edge</label>
				<alwaysTreatAsWeapon>true</alwaysTreatAsWeapon>
				<soundMeleeHit>kotorsound_lightsaber_deflect</soundMeleeHit>
				<soundMeleeMiss>kotorsound_lightsaber_swing</soundMeleeMiss>
				<capacities>
				  <li>guy762_ToolCapacity_SaberSlash</li>
				</capacities>
				<!---->
				<power>40</power>
				<chanceFactor>1.25</chanceFactor>
				<cooldownTime>3.5</cooldownTime>
			  </li>
		</toolFactors>
		<costList>
		  <guy762_crystalitem_phond>1</guy762_crystalitem_phond>
		</costList>
		<isRare>true</isRare>
	  </ModularWeapons.ModularPartDef>
	  
	  <ModularWeapons.ModularPartDef>
		<defName>guy762_powercrystalcross_bondar</defName>
		<label>Bondar</label>
		<kind>guy762_slot_powercrystal_cross</kind>
		<path>NoVisual</path>
		<description>Adds a chance to stun enemies.</description>
		<massFactor>0.4</massFactor>
		<toolFactors>
			<li>
				<label>tip</label>
				<alwaysTreatAsWeapon>true</alwaysTreatAsWeapon>
				<soundMeleeHit>kotorsound_lightsaber_deflect</soundMeleeHit>
				<soundMeleeMiss>kotorsound_lightsaber_swing</soundMeleeMiss>
				<capacities>
				  <li>guy762_ToolCapacity_SaberStab</li>
				</capacities>
				<!---->
				<power>26</power>
				<chanceFactor>0.75</chanceFactor>
				<cooldownTime>4</cooldownTime>
				<extraMeleeDamages>
					<li>
					  <def>Stun</def>
					  <amount>6</amount>
					</li>
				</extraMeleeDamages>
			  </li>
			  <li>
				<label>edge</label>
				<alwaysTreatAsWeapon>true</alwaysTreatAsWeapon>
				<soundMeleeHit>kotorsound_lightsaber_deflect</soundMeleeHit>
				<soundMeleeMiss>kotorsound_lightsaber_swing</soundMeleeMiss>
				<capacities>
				  <li>guy762_ToolCapacity_SaberSlash</li>
				</capacities>
				<!---->
				<power>34</power>
				<chanceFactor>1.25</chanceFactor>
				<cooldownTime>3.5</cooldownTime>
				<extraMeleeDamages>
					<li>
					  <def>Stun</def>
					  <amount>6</amount>
					</li>
				</extraMeleeDamages>
			  </li>
		</toolFactors>
		<costList>
		  <guy762_crystalitem_bondar>1</guy762_crystalitem_bondar>
		</costList>
		<isRare>true</isRare>
	  </ModularWeapons.ModularPartDef>
		
	  <ModularWeapons.ModularPartDef>
		<defName>guy762_powercrystalcross_dragite</defName>
		<label>Dragite</label>
		<kind>guy762_slot_powercrystal_cross</kind>
		<path>NoVisual</path>
		<description>Adds a chance to deal sonic damage.</description>
		<massFactor>0.4</massFactor>
		<PainShockThresholdFactor>0.1</PainShockThresholdFactor>
		<toolFactors>
			<li>
				<label>tip</label>
				<alwaysTreatAsWeapon>true</alwaysTreatAsWeapon>
				<soundMeleeHit>kotorsound_lightsaber_deflect</soundMeleeHit>
				<soundMeleeMiss>kotorsound_lightsaber_swing</soundMeleeMiss>
				<capacities>
				  <li>guy762_ToolCapacity_SaberStab</li>
				</capacities>
				<!---->
				<power>26</power>
				<chanceFactor>0.75</chanceFactor>
				<cooldownTime>4</cooldownTime>
				<extraMeleeDamages>
					<li>
					  <def>guy762_MeleeDamage_sonic</def>
					  <amount>2</amount>
					</li>
				</extraMeleeDamages>
			  </li>
			  <li>
				<label>edge</label>
				<alwaysTreatAsWeapon>true</alwaysTreatAsWeapon>
				<soundMeleeHit>kotorsound_lightsaber_deflect</soundMeleeHit>
				<soundMeleeMiss>kotorsound_lightsaber_swing</soundMeleeMiss>
				<capacities>
				  <li>guy762_ToolCapacity_SaberSlash</li>
				</capacities>
				<!---->
				<power>34</power>
				<chanceFactor>1.25</chanceFactor>
				<cooldownTime>3.5</cooldownTime>
				<extraMeleeDamages>
					<li>
					  <def>guy762_MeleeDamage_sonic</def>
					  <amount>2</amount>
					</li>
				</extraMeleeDamages>
			  </li>
		</toolFactors>
		<costList>
		  <guy762_crystalitem_dragite>1</guy762_crystalitem_dragite>
		</costList>
		<isRare>true</isRare>
	  </ModularWeapons.ModularPartDef>
	  
	  <ModularWeapons.ModularPartDef>
		<defName>guy762_powercrystalcross_jenurax</defName>
		<label>Jenurax</label>
		<kind>guy762_slot_powercrystal_cross</kind>
		<path>NoVisual</path>
		<massFactor>0.4</massFactor>
		<MeleeDamageMultiplierFactor>0.2</MeleeDamageMultiplierFactor>
		<BaseDeflectChanceFactor>0.5</BaseDeflectChanceFactor>
		<costList>
		  <guy762_crystalitem_jenurax>1</guy762_crystalitem_jenurax>
		</costList>
		<isRare>true</isRare>
	  </ModularWeapons.ModularPartDef>

	  <ModularWeapons.ModularPartDef>
		<defName>guy762_powercrystalcross_kraytpearl</defName>
		<label>Krayt Dragon Pearl</label>
		<kind>guy762_slot_powercrystal_cross</kind>
		<path>NoVisual</path>
		<massFactor>0.4</massFactor>
		<MeleeDamageMultiplierFactor>0.2</MeleeDamageMultiplierFactor>
		<MeleeHitChanceFactor>0.3</MeleeHitChanceFactor>
		<costList>
		  <guy762_crystalitem_krayt>1</guy762_crystalitem_krayt>
		</costList>
		<isRare>true</isRare>
	  </ModularWeapons.ModularPartDef>
	  
	  <ModularWeapons.ModularPartDef>
		<defName>guy762_powercrystalcross_firkann</defName>
		<label>Firkann</label>
		<kind>guy762_slot_powercrystal_cross</kind>
		<path>NoVisual</path>
		<description>Adds a chance to deal greater ion damage.</description>
		<massFactor>0.4</massFactor>
		<toolFactors>
			<li>
				<label>tip</label>
				<alwaysTreatAsWeapon>true</alwaysTreatAsWeapon>
				<soundMeleeHit>kotorsound_lightsaber_deflect</soundMeleeHit>
				<soundMeleeMiss>kotorsound_lightsaber_swing</soundMeleeMiss>
				<capacities>
				  <li>guy762_ToolCapacity_SaberStab</li>
				</capacities>
				<!---->
				<power>26</power>
				<chanceFactor>0.75</chanceFactor>
				<cooldownTime>4</cooldownTime>
				<extraMeleeDamages>
					<li>
					  <def>guy762_MeleeDamage_ion</def>
					  <amount>12</amount>
					</li>
				</extraMeleeDamages>
			  </li>
			  <li>
				<label>edge</label>
				<alwaysTreatAsWeapon>true</alwaysTreatAsWeapon>
				<soundMeleeHit>kotorsound_lightsaber_deflect</soundMeleeHit>
				<soundMeleeMiss>kotorsound_lightsaber_swing</soundMeleeMiss>
				<capacities>
				  <li>guy762_ToolCapacity_SaberSlash</li>
				</capacities>
				<!---->
				<power>34</power>
				<chanceFactor>1.25</chanceFactor>
				<cooldownTime>3.5</cooldownTime>
				<extraMeleeDamages>
					<li>
					  <def>guy762_MeleeDamage_ion</def>
					  <amount>12</amount>
					</li>
				</extraMeleeDamages>
			  </li>
		</toolFactors>
		<MeleeHitChanceFactor>0.2</MeleeHitChanceFactor>
		<costList>
		  <guy762_crystalitem_firkann>1</guy762_crystalitem_firkann>
		</costList>
		<isRare>true</isRare>
	  </ModularWeapons.ModularPartDef>
	  
	  <ModularWeapons.ModularPartDef>
		<defName>guy762_powercrystalcross_pontite</defName>
		<label>Pontite</label>
		<kind>guy762_slot_powercrystal_cross</kind>
		<path>NoVisual</path>
		<description>Adds a chance to deal cold damage.</description>
		<massFactor>0.4</massFactor>
		<SocialImpactFactor>0.2</SocialImpactFactor>
		<toolFactors>
			<li>
				<label>tip</label>
				<alwaysTreatAsWeapon>true</alwaysTreatAsWeapon>
				<soundMeleeHit>kotorsound_lightsaber_deflect</soundMeleeHit>
				<soundMeleeMiss>kotorsound_lightsaber_swing</soundMeleeMiss>
				<capacities>
				  <li>guy762_ToolCapacity_SaberStab</li>
				</capacities>
				<!---->
				<power>26</power>
				<chanceFactor>0.75</chanceFactor>
				<cooldownTime>4</cooldownTime>
				<extraMeleeDamages>
					<li>
					  <def>Frostbite</def>
					  <amount>10</amount>
					</li>
				</extraMeleeDamages>
			  </li>
			  <li>
				<label>edge</label>
				<alwaysTreatAsWeapon>true</alwaysTreatAsWeapon>
				<soundMeleeHit>kotorsound_lightsaber_deflect</soundMeleeHit>
				<soundMeleeMiss>kotorsound_lightsaber_swing</soundMeleeMiss>
				<capacities>
				  <li>guy762_ToolCapacity_SaberSlash</li>
				</capacities>
				<!---->
				<power>34</power>
				<chanceFactor>1.25</chanceFactor>
				<cooldownTime>3.5</cooldownTime>
				<extraMeleeDamages>
					<li>
					  <def>Frostbite</def>
					  <amount>10</amount>
					</li>
				</extraMeleeDamages>
			  </li>
		</toolFactors>
		<costList>
		  <guy762_crystalitem_pontite>1</guy762_crystalitem_pontite>
		</costList>
		<isRare>true</isRare>
	  </ModularWeapons.ModularPartDef>
	  
	  <ModularWeapons.ModularPartDef>
		<defName>guy762_powercrystalcross_stygium</defName>
		<label>Stygium</label>
		<kind>guy762_slot_powercrystal_cross</kind>
		<path>NoVisual</path>
		<massFactor>0.2</massFactor>
		<MeleeDodgeChanceFactor>0.4</MeleeDodgeChanceFactor>
		<MeleeCooldownMultiplierFactor>-0.1</MeleeCooldownMultiplierFactor>
		<MeleeHitChanceFactor>0.1</MeleeHitChanceFactor>
		<costList>
		  <guy762_crystalitem_stygium>1</guy762_crystalitem_stygium>
		</costList>
		<isRare>true</isRare>
	  </ModularWeapons.ModularPartDef>

	  <ModularWeapons.ModularPartDef>
		<defName>guy762_powercrystalcross_ultimapearl</defName>
		<label>Ultima-pearl</label>
		<kind>guy762_slot_powercrystal_cross</kind>
		<path>NoVisual</path>
		<massFactor>0.4</massFactor>
		<MeleeDamageMultiplierFactor>0.2</MeleeDamageMultiplierFactor>
		<MeleeHitChanceFactor>0.3</MeleeHitChanceFactor>
		<MeleeAverageAPFactor>0.3</MeleeAverageAPFactor>
		<costList>
		  <guy762_crystalitem_ultima>1</guy762_crystalitem_ultima>
		</costList>
		<isRare>true</isRare>
		<researchPrerequisites>
		  <li>guy762_ResearchKotOR_advupgrade</li>
		</researchPrerequisites>
	  </ModularWeapons.ModularPartDef>
	  
		
	  <ModularWeapons.ModularPartDef>
		<defName>guy762_powercrystalcross_barab</defName>
		<label>Barab ore ingot</label>
		<kind>guy762_slot_powercrystal_cross</kind>
		<path>NoVisual</path>
		<description>Adds a chance to deal fire damage.</description>
		<massFactor>0.4</massFactor>
		<toolFactors>
			<li>
				<label>tip</label>
				<alwaysTreatAsWeapon>true</alwaysTreatAsWeapon>
				<soundMeleeHit>kotorsound_lightsaber_deflect</soundMeleeHit>
				<soundMeleeMiss>kotorsound_lightsaber_swing</soundMeleeMiss>
				<capacities>
				  <li>guy762_ToolCapacity_SaberStab</li>
				</capacities>
				<!---->
				<power>26</power>
				<chanceFactor>0.75</chanceFactor>
				<cooldownTime>4</cooldownTime>
				<extraMeleeDamages>
					<li>
					  <def>Flame</def>
					  <amount>12</amount>
					</li>
				</extraMeleeDamages>
			  </li>
			  <li>
				<label>edge</label>
				<alwaysTreatAsWeapon>true</alwaysTreatAsWeapon>
				<soundMeleeHit>kotorsound_lightsaber_deflect</soundMeleeHit>
				<soundMeleeMiss>kotorsound_lightsaber_swing</soundMeleeMiss>
				<capacities>
				  <li>guy762_ToolCapacity_SaberSlash</li>
				</capacities>
				<!---->
				<power>34</power>
				<chanceFactor>1.25</chanceFactor>
				<cooldownTime>3.5</cooldownTime>
				<extraMeleeDamages>
					<li>
					  <def>Flame</def>
					  <amount>12</amount>
					</li>
				</extraMeleeDamages>
			  </li>
		</toolFactors>
		<costList>
		  <guy762_crystalitem_barab>1</guy762_crystalitem_barab>
		</costList>
		<isRare>true</isRare>
		<researchPrerequisites>
		  <li>guy762_ResearchKotOR_advupgrade</li>
		</researchPrerequisites>
	  </ModularWeapons.ModularPartDef>
	  
	  <ModularWeapons.ModularPartDef>
		<defName>guy762_powercrystalcross_hurrikaine</defName>
		<label>Hurrikaine</label>
		<kind>guy762_slot_powercrystal_cross</kind>
		<path>NoVisual</path>
		<description>Adds a chance to deal unstoppable damage.</description>
		<massFactor>0.4</massFactor>
		<toolFactors>
			<li>
				<label>tip</label>
				<alwaysTreatAsWeapon>true</alwaysTreatAsWeapon>
				<soundMeleeHit>kotorsound_lightsaber_deflect</soundMeleeHit>
				<soundMeleeMiss>kotorsound_lightsaber_swing</soundMeleeMiss>
				<capacities>
				  <li>guy762_ToolCapacity_SaberStab</li>
				</capacities>
				<!---->
				<power>26</power>
				<chanceFactor>0.75</chanceFactor>
				<cooldownTime>4</cooldownTime>
				<extraMeleeDamages>
					<li>
					  <def>guy762_MeleeDamage_unstoppable</def>
					  <amount>8</amount>
					</li>
				</extraMeleeDamages>
			  </li>
			  <li>
				<label>edge</label>
				<alwaysTreatAsWeapon>true</alwaysTreatAsWeapon>
				<soundMeleeHit>kotorsound_lightsaber_deflect</soundMeleeHit>
				<soundMeleeMiss>kotorsound_lightsaber_swing</soundMeleeMiss>
				<capacities>
				  <li>guy762_ToolCapacity_SaberSlash</li>
				</capacities>
				<!---->
				<power>34</power>
				<chanceFactor>1.25</chanceFactor>
				<cooldownTime>3.5</cooldownTime>
				<extraMeleeDamages>
					<li>
					  <def>guy762_MeleeDamage_unstoppable</def>
					  <amount>8</amount>
					</li>
				</extraMeleeDamages>
			  </li>
		</toolFactors>
		<costList>
		  <guy762_crystalitem_hurrikaine>1</guy762_crystalitem_hurrikaine>
		</costList>
		<isRare>true</isRare>
		<researchPrerequisites>
		  <li>guy762_ResearchKotOR_advupgrade</li>
		</researchPrerequisites>
	  </ModularWeapons.ModularPartDef>
	  
	  <ModularWeapons.ModularPartDef>
		<defName>guy762_powercrystalcross_qixoni</defName>
		<label>Qixoni</label>
		<kind>guy762_slot_powercrystal_cross</kind>
		<path>NoVisual</path>
		<massFactor>0.4</massFactor>
		<PsychicEntropyRecoveryRateFactor>0.1</PsychicEntropyRecoveryRateFactor>
		<MeleeDamageMultiplierFactor>0.5</MeleeDamageMultiplierFactor>
		<costList>
		  <guy762_crystalitem_qixoni>1</guy762_crystalitem_qixoni>
		</costList>
		<isRare>true</isRare>
		<researchPrerequisites>
		  <li>guy762_ResearchKotOR_advupgrade</li>
		</researchPrerequisites>
	  </ModularWeapons.ModularPartDef>
	  
	  <ModularWeapons.ModularPartDef>
		<defName>guy762_powercrystalcross_solari</defName>
		<label>Solari</label>
		<kind>guy762_slot_powercrystal_cross</kind>
		<path>NoVisual</path>
		<description MayRequire="lee.theforce.psycast">Deals extra damage to dark-siders (if Biotech and AthenaFramework are loaded).</description>
		<massFactor>0.4</massFactor>
		<MeleeDamageMultiplierFactor>0.3</MeleeDamageMultiplierFactor>
		<MeleeHitChanceFactor>0.3</MeleeHitChanceFactor>
		<costList>
		  <guy762_crystalitem_solari>1</guy762_crystalitem_solari>
		</costList>
		<isRare>true</isRare>
		<researchPrerequisites>
		  <li>guy762_ResearchKotOR_advupgrade</li>
		</researchPrerequisites>
	  </ModularWeapons.ModularPartDef>
	  
	  
	  
	  
	  
	  
	  
	  
	  
	  
	  
	  
	  
	  
	  
	  
	  
	  
	  
	  
	  
	  
</Defs>