<?xml version="1.0" encoding="utf-8" ?>
<Defs>
	
	<!-- Horned Kath Hound ===================================================================== --> 
	<SoundDef>
		<defName>kotor_hornedkathhound_angry</defName>
		<context>MapOnly</context>
		<subSounds>
			<li>
				<grains>
					<li Class="AudioGrain_Folder">
						<clipFolderPath>kotor_pawn_animals/horned_kath_hounds/angry</clipFolderPath>
					</li>
				</grains>
				<volumeRange>15.42672~14.7734</volumeRange>
				<pitchRange>0.9770588~1.137647</pitchRange>
				<distRange>0~50.40025</distRange>
				<sustainLoop>False</sustainLoop>
			</li>
		</subSounds>
	</SoundDef>
	
	<SoundDef>
		<defName>kotor_hornedkathhound_calls</defName>
		<context>MapOnly</context>
		<subSounds>
			<li>
				<grains>
					<li Class="AudioGrain_Folder">
						<clipFolderPath>kotor_pawn_animals/horned_kath_hounds/calls</clipFolderPath>
					</li>
				</grains>
				<volumeRange>15.42672~14.7734</volumeRange>
				<pitchRange>0.9770588~1.137647</pitchRange>
				<distRange>0~50.40025</distRange>
				<sustainLoop>False</sustainLoop>
			</li>
		</subSounds>
	</SoundDef>
	
	<SoundDef>
		<defName>kotor_hornedkathhound_death</defName>
		<context>MapOnly</context>
		<subSounds>
			<li>
				<grains>
					<li Class="AudioGrain_Folder">
						<clipFolderPath>kotor_pawn_animals/horned_kath_hounds/death</clipFolderPath>
					</li>
				</grains>
				<volumeRange>15.42672~14.7734</volumeRange>
				<pitchRange>0.9770588~1.137647</pitchRange>
				<distRange>0~50.40025</distRange>
				<sustainLoop>False</sustainLoop>
			</li>
		</subSounds>
	</SoundDef>
	
	<SoundDef>
		<defName>kotor_hornedkathhound_hit</defName>
		<context>MapOnly</context>
		<subSounds>
			<li>
				<grains>
					<li Class="AudioGrain_Folder">
						<clipFolderPath>kotor_pawn_animals/horned_kath_hounds/hit</clipFolderPath>
					</li>
				</grains>
				<volumeRange>15.42672~14.7734</volumeRange>
				<pitchRange>0.9770588~1.137647</pitchRange>
				<distRange>0~50.40025</distRange>
				<sustainLoop>False</sustainLoop>
			</li>
		</subSounds>
	</SoundDef>
	
	<SoundDef>
		<defName>kotor_hornedkathhound_miss</defName>
		<context>MapOnly</context>
		<subSounds>
			<li>
				<grains>
					<li Class="AudioGrain_Folder">
						<clipFolderPath>kotor_pawn_animals/horned_kath_hounds/miss</clipFolderPath>
					</li>
				</grains>
				<volumeRange>15.42672~14.7734</volumeRange>
				<pitchRange>0.9770588~1.137647</pitchRange>
				<distRange>0~50.40025</distRange>
				<sustainLoop>False</sustainLoop>
			</li>
		</subSounds>
	</SoundDef>
	
	<SoundDef>
		<defName>kotor_hornedkathhound_wounded</defName>
		<context>MapOnly</context>
		<subSounds>
			<li>
				<grains>
					<li Class="AudioGrain_Folder">
						<clipFolderPath>kotor_pawn_animals/horned_kath_hounds/wounded</clipFolderPath>
					</li>
				</grains>
				<volumeRange>15.42672~14.7734</volumeRange>
				<pitchRange>0.9770588~1.137647</pitchRange>
				<distRange>0~50.40025</distRange>
				<sustainLoop>False</sustainLoop>
			</li>
		</subSounds>
	</SoundDef>

	<!-- Arkonok ===================================================================== --> 
	<SoundDef>
		<defName>kotor_arkonok_angry</defName>
		<context>MapOnly</context>
		<subSounds>
			<li>
				<grains>
					<li Class="AudioGrain_Folder">
						<clipFolderPath>kotor_pawn_animals/arkonok/angry</clipFolderPath>
					</li>
				</grains>
				<volumeRange>15.42672~14.7734</volumeRange>
				<pitchRange>0.9770588~1.137647</pitchRange>
				<distRange>0~50.40025</distRange>
				<sustainLoop>False</sustainLoop>
			</li>
		</subSounds>
	</SoundDef>
	
	<SoundDef>
		<defName>kotor_arkonok_calls</defName>
		<context>MapOnly</context>
		<subSounds>
			<li>
				<grains>
					<li Class="AudioGrain_Folder">
						<clipFolderPath>kotor_pawn_animals/arkonok/calls</clipFolderPath>
					</li>
				</grains>
				<volumeRange>15.42672~14.7734</volumeRange>
				<pitchRange>0.9770588~1.137647</pitchRange>
				<distRange>0~50.40025</distRange>
				<sustainLoop>False</sustainLoop>
			</li>
		</subSounds>
	</SoundDef>
	
	<SoundDef>
		<defName>kotor_arkonok_death</defName>
		<context>MapOnly</context>
		<subSounds>
			<li>
				<grains>
					<li Class="AudioGrain_Folder">
						<clipFolderPath>kotor_pawn_animals/arkonok/death</clipFolderPath>
					</li>
				</grains>
				<volumeRange>15.42672~14.7734</volumeRange>
				<pitchRange>0.9770588~1.137647</pitchRange>
				<distRange>0~50.40025</distRange>
				<sustainLoop>False</sustainLoop>
			</li>
		</subSounds>
	</SoundDef>
	
	<SoundDef>
		<defName>kotor_arkonok_hit</defName>
		<context>MapOnly</context>
		<subSounds>
			<li>
				<grains>
					<li Class="AudioGrain_Folder">
						<clipFolderPath>kotor_pawn_animals/arkonok/hit</clipFolderPath>
					</li>
				</grains>
				<volumeRange>15.42672~14.7734</volumeRange>
				<pitchRange>0.9770588~1.137647</pitchRange>
				<distRange>0~50.40025</distRange>
				<sustainLoop>False</sustainLoop>
			</li>
		</subSounds>
	</SoundDef>
	
	<SoundDef>
		<defName>kotor_arkonok_miss</defName>
		<context>MapOnly</context>
		<subSounds>
			<li>
				<grains>
					<li Class="AudioGrain_Folder">
						<clipFolderPath>kotor_pawn_animals/arkonok/miss</clipFolderPath>
					</li>
				</grains>
				<volumeRange>15.42672~14.7734</volumeRange>
				<pitchRange>0.9770588~1.137647</pitchRange>
				<distRange>0~50.40025</distRange>
				<sustainLoop>False</sustainLoop>
			</li>
		</subSounds>
	</SoundDef>
	
	<SoundDef>
		<defName>kotor_arkonok_wounded</defName>
		<context>MapOnly</context>
		<subSounds>
			<li>
				<grains>
					<li Class="AudioGrain_Folder">
						<clipFolderPath>kotor_pawn_animals/arkonok/wounded</clipFolderPath>
					</li>
				</grains>
				<volumeRange>15.42672~14.7734</volumeRange>
				<pitchRange>0.9770588~1.137647</pitchRange>
				<distRange>0~50.40025</distRange>
				<sustainLoop>False</sustainLoop>
			</li>
		</subSounds>
	</SoundDef>
	
	<!-- bantha ===================================================================== --> 
	<SoundDef>
		<defName>kotor_bantha_angry</defName>
		<context>MapOnly</context>
		<subSounds>
			<li>
				<grains>
					<li Class="AudioGrain_Folder">
						<clipFolderPath>kotor_pawn_animals/bantha/angry</clipFolderPath>
					</li>
				</grains>
				<volumeRange>15.42672~14.7734</volumeRange>
				<pitchRange>0.9770588~1.137647</pitchRange>
				<distRange>0~50.40025</distRange>
				<sustainLoop>False</sustainLoop>
			</li>
		</subSounds>
	</SoundDef>
	
	<SoundDef>
		<defName>kotor_bantha_calls</defName>
		<context>MapOnly</context>
		<subSounds>
			<li>
				<grains>
					<li Class="AudioGrain_Folder">
						<clipFolderPath>kotor_pawn_animals/bantha/calls</clipFolderPath>
					</li>
				</grains>
				<volumeRange>15.42672~14.7734</volumeRange>
				<pitchRange>0.9770588~1.137647</pitchRange>
				<distRange>0~50.40025</distRange>
				<sustainLoop>False</sustainLoop>
			</li>
		</subSounds>
	</SoundDef>
	
	<SoundDef>
		<defName>kotor_bantha_death</defName>
		<context>MapOnly</context>
		<subSounds>
			<li>
				<grains>
					<li Class="AudioGrain_Folder">
						<clipFolderPath>kotor_pawn_animals/bantha/death</clipFolderPath>
					</li>
				</grains>
				<volumeRange>15.42672~14.7734</volumeRange>
				<pitchRange>0.9770588~1.137647</pitchRange>
				<distRange>0~50.40025</distRange>
				<sustainLoop>False</sustainLoop>
			</li>
		</subSounds>
	</SoundDef>
	
	<SoundDef>
		<defName>kotor_bantha_hit</defName>
		<context>MapOnly</context>
		<subSounds>
			<li>
				<grains>
					<li Class="AudioGrain_Folder">
						<clipFolderPath>kotor_pawn_animals/bantha/hit</clipFolderPath>
					</li>
				</grains>
				<volumeRange>15.42672~14.7734</volumeRange>
				<pitchRange>0.9770588~1.137647</pitchRange>
				<distRange>0~50.40025</distRange>
				<sustainLoop>False</sustainLoop>
			</li>
		</subSounds>
	</SoundDef>
	
	<SoundDef>
		<defName>kotor_bantha_miss</defName>
		<context>MapOnly</context>
		<subSounds>
			<li>
				<grains>
					<li Class="AudioGrain_Folder">
						<clipFolderPath>kotor_pawn_animals/bantha/miss</clipFolderPath>
					</li>
				</grains>
				<volumeRange>15.42672~14.7734</volumeRange>
				<pitchRange>0.9770588~1.137647</pitchRange>
				<distRange>0~50.40025</distRange>
				<sustainLoop>False</sustainLoop>
			</li>
		</subSounds>
	</SoundDef>
	
	<SoundDef>
		<defName>kotor_bantha_wounded</defName>
		<context>MapOnly</context>
		<subSounds>
			<li>
				<grains>
					<li Class="AudioGrain_Folder">
						<clipFolderPath>kotor_pawn_animals/bantha/wounded</clipFolderPath>
					</li>
				</grains>
				<volumeRange>15.42672~14.7734</volumeRange>
				<pitchRange>0.9770588~1.137647</pitchRange>
				<distRange>0~50.40025</distRange>
				<sustainLoop>False</sustainLoop>
			</li>
		</subSounds>
	</SoundDef>
	
	<!-- bogstalker ===================================================================== --> 
	<SoundDef>
		<defName>kotor_bogstalker_angry</defName>
		<context>MapOnly</context>
		<subSounds>
			<li>
				<grains>
					<li Class="AudioGrain_Folder">
						<clipFolderPath>kotor_pawn_animals/bogstalker/angry</clipFolderPath>
					</li>
				</grains>
				<volumeRange>15.42672~14.7734</volumeRange>
				<pitchRange>0.9770588~1.137647</pitchRange>
				<distRange>0~50.40025</distRange>
				<sustainLoop>False</sustainLoop>
			</li>
		</subSounds>
	</SoundDef>
	
	<SoundDef>
		<defName>kotor_bogstalker_calls</defName>
		<context>MapOnly</context>
		<subSounds>
			<li>
				<grains>
					<li Class="AudioGrain_Folder">
						<clipFolderPath>kotor_pawn_animals/bogstalker/calls</clipFolderPath>
					</li>
				</grains>
				<volumeRange>15.42672~14.7734</volumeRange>
				<pitchRange>0.9770588~1.137647</pitchRange>
				<distRange>0~50.40025</distRange>
				<sustainLoop>False</sustainLoop>
			</li>
		</subSounds>
	</SoundDef>
	
	<SoundDef>
		<defName>kotor_bogstalker_death</defName>
		<context>MapOnly</context>
		<subSounds>
			<li>
				<grains>
					<li Class="AudioGrain_Folder">
						<clipFolderPath>kotor_pawn_animals/bogstalker/death</clipFolderPath>
					</li>
				</grains>
				<volumeRange>15.42672~14.7734</volumeRange>
				<pitchRange>0.9770588~1.137647</pitchRange>
				<distRange>0~50.40025</distRange>
				<sustainLoop>False</sustainLoop>
			</li>
		</subSounds>
	</SoundDef>
	
	<SoundDef>
		<defName>kotor_bogstalker_hit</defName>
		<context>MapOnly</context>
		<subSounds>
			<li>
				<grains>
					<li Class="AudioGrain_Folder">
						<clipFolderPath>kotor_pawn_animals/bogstalker/hit</clipFolderPath>
					</li>
				</grains>
				<volumeRange>15.42672~14.7734</volumeRange>
				<pitchRange>0.9770588~1.137647</pitchRange>
				<distRange>0~50.40025</distRange>
				<sustainLoop>False</sustainLoop>
			</li>
		</subSounds>
	</SoundDef>
	
	<SoundDef>
		<defName>kotor_bogstalker_miss</defName>
		<context>MapOnly</context>
		<subSounds>
			<li>
				<grains>
					<li Class="AudioGrain_Folder">
						<clipFolderPath>kotor_pawn_animals/bogstalker/miss</clipFolderPath>
					</li>
				</grains>
				<volumeRange>15.42672~14.7734</volumeRange>
				<pitchRange>0.9770588~1.137647</pitchRange>
				<distRange>0~50.40025</distRange>
				<sustainLoop>False</sustainLoop>
			</li>
		</subSounds>
	</SoundDef>
	
	<SoundDef>
		<defName>kotor_bogstalker_wounded</defName>
		<context>MapOnly</context>
		<subSounds>
			<li>
				<grains>
					<li Class="AudioGrain_Folder">
						<clipFolderPath>kotor_pawn_animals/bogstalker/wounded</clipFolderPath>
					</li>
				</grains>
				<volumeRange>15.42672~14.7734</volumeRange>
				<pitchRange>0.9770588~1.137647</pitchRange>
				<distRange>0~50.40025</distRange>
				<sustainLoop>False</sustainLoop>
			</li>
		</subSounds>
	</SoundDef>
	
	<!-- kinrath ===================================================================== --> 
	<SoundDef>
		<defName>kotor_kinrath_angry</defName>
		<context>MapOnly</context>
		<subSounds>
			<li>
				<grains>
					<li Class="AudioGrain_Folder">
						<clipFolderPath>kotor_pawn_animals/kinrath/angry</clipFolderPath>
					</li>
				</grains>
				<volumeRange>15.42672~14.7734</volumeRange>
				<pitchRange>0.9770588~1.137647</pitchRange>
				<distRange>0~50.40025</distRange>
				<sustainLoop>False</sustainLoop>
			</li>
		</subSounds>
	</SoundDef>
	
	<SoundDef>
		<defName>kotor_kinrath_calls</defName>
		<context>MapOnly</context>
		<subSounds>
			<li>
				<grains>
					<li Class="AudioGrain_Folder">
						<clipFolderPath>kotor_pawn_animals/kinrath/calls</clipFolderPath>
					</li>
				</grains>
				<volumeRange>15.42672~14.7734</volumeRange>
				<pitchRange>0.9770588~1.137647</pitchRange>
				<distRange>0~50.40025</distRange>
				<sustainLoop>False</sustainLoop>
			</li>
		</subSounds>
	</SoundDef>
	
	<SoundDef>
		<defName>kotor_kinrath_death</defName>
		<context>MapOnly</context>
		<subSounds>
			<li>
				<grains>
					<li Class="AudioGrain_Folder">
						<clipFolderPath>kotor_pawn_animals/kinrath/death</clipFolderPath>
					</li>
				</grains>
				<volumeRange>15.42672~14.7734</volumeRange>
				<pitchRange>0.9770588~1.137647</pitchRange>
				<distRange>0~50.40025</distRange>
				<sustainLoop>False</sustainLoop>
			</li>
		</subSounds>
	</SoundDef>
	
	<SoundDef>
		<defName>kotor_kinrath_hit</defName>
		<context>MapOnly</context>
		<subSounds>
			<li>
				<grains>
					<li Class="AudioGrain_Folder">
						<clipFolderPath>kotor_pawn_animals/kinrath/hit</clipFolderPath>
					</li>
				</grains>
				<volumeRange>15.42672~14.7734</volumeRange>
				<pitchRange>0.9770588~1.137647</pitchRange>
				<distRange>0~50.40025</distRange>
				<sustainLoop>False</sustainLoop>
			</li>
		</subSounds>
	</SoundDef>
	
	<SoundDef>
		<defName>kotor_kinrath_miss</defName>
		<context>MapOnly</context>
		<subSounds>
			<li>
				<grains>
					<li Class="AudioGrain_Folder">
						<clipFolderPath>kotor_pawn_animals/kinrath/miss</clipFolderPath>
					</li>
				</grains>
				<volumeRange>15.42672~14.7734</volumeRange>
				<pitchRange>0.9770588~1.137647</pitchRange>
				<distRange>0~50.40025</distRange>
				<sustainLoop>False</sustainLoop>
			</li>
		</subSounds>
	</SoundDef>
	
	<SoundDef>
		<defName>kotor_kinrath_wounded</defName>
		<context>MapOnly</context>
		<subSounds>
			<li>
				<grains>
					<li Class="AudioGrain_Folder">
						<clipFolderPath>kotor_pawn_animals/kinrath/wounded</clipFolderPath>
					</li>
				</grains>
				<volumeRange>15.42672~14.7734</volumeRange>
				<pitchRange>0.9770588~1.137647</pitchRange>
				<distRange>0~50.40025</distRange>
				<sustainLoop>False</sustainLoop>
			</li>
		</subSounds>
	</SoundDef>

	<!-- brith ===================================================================== --> 
	<SoundDef>
		<defName>kotor_brith_angry</defName>
		<context>MapOnly</context>
		<subSounds>
			<li>
				<grains>
					<li Class="AudioGrain_Folder">
						<clipFolderPath>kotor_pawn_animals/brith/angry</clipFolderPath>
					</li>
				</grains>
				<volumeRange>15.42672~14.7734</volumeRange>
				<pitchRange>0.9770588~1.137647</pitchRange>
				<distRange>0~50.40025</distRange>
				<sustainLoop>False</sustainLoop>
			</li>
		</subSounds>
	</SoundDef>
	
	<SoundDef>
		<defName>kotor_brith_calls</defName>
		<context>MapOnly</context>
		<subSounds>
			<li>
				<grains>
					<li Class="AudioGrain_Folder">
						<clipFolderPath>kotor_pawn_animals/brith/calls</clipFolderPath>
					</li>
				</grains>
				<volumeRange>15.42672~14.7734</volumeRange>
				<pitchRange>0.9770588~1.137647</pitchRange>
				<distRange>0~50.40025</distRange>
				<sustainLoop>False</sustainLoop>
			</li>
		</subSounds>
	</SoundDef>
	
	<SoundDef>
		<defName>kotor_brith_death</defName>
		<context>MapOnly</context>
		<subSounds>
			<li>
				<grains>
					<li Class="AudioGrain_Folder">
						<clipFolderPath>kotor_pawn_animals/brith/death</clipFolderPath>
					</li>
				</grains>
				<volumeRange>15.42672~14.7734</volumeRange>
				<pitchRange>0.9770588~1.137647</pitchRange>
				<distRange>0~50.40025</distRange>
				<sustainLoop>False</sustainLoop>
			</li>
		</subSounds>
	</SoundDef>
	
	<SoundDef>
		<defName>kotor_brith_hit</defName>
		<context>MapOnly</context>
		<subSounds>
			<li>
				<grains>
					<li Class="AudioGrain_Folder">
						<clipFolderPath>kotor_pawn_animals/brith/hit</clipFolderPath>
					</li>
				</grains>
				<volumeRange>15.42672~14.7734</volumeRange>
				<pitchRange>0.9770588~1.137647</pitchRange>
				<distRange>0~50.40025</distRange>
				<sustainLoop>False</sustainLoop>
			</li>
		</subSounds>
	</SoundDef>
	
	<SoundDef>
		<defName>kotor_brith_miss</defName>
		<context>MapOnly</context>
		<subSounds>
			<li>
				<grains>
					<li Class="AudioGrain_Folder">
						<clipFolderPath>kotor_pawn_animals/brith/miss</clipFolderPath>
					</li>
				</grains>
				<volumeRange>15.42672~14.7734</volumeRange>
				<pitchRange>0.9770588~1.137647</pitchRange>
				<distRange>0~50.40025</distRange>
				<sustainLoop>False</sustainLoop>
			</li>
		</subSounds>
	</SoundDef>
	
	<SoundDef>
		<defName>kotor_brith_wounded</defName>
		<context>MapOnly</context>
		<subSounds>
			<li>
				<grains>
					<li Class="AudioGrain_Folder">
						<clipFolderPath>kotor_pawn_animals/brith/wounded</clipFolderPath>
					</li>
				</grains>
				<volumeRange>15.42672~14.7734</volumeRange>
				<pitchRange>0.9770588~1.137647</pitchRange>
				<distRange>0~50.40025</distRange>
				<sustainLoop>False</sustainLoop>
			</li>
		</subSounds>
	</SoundDef>

	<!-- cannok ===================================================================== --> 
	<SoundDef>
		<defName>kotor_cannok_angry</defName>
		<context>MapOnly</context>
		<subSounds>
			<li>
				<grains>
					<li Class="AudioGrain_Folder">
						<clipFolderPath>kotor_pawn_animals/cannok/angry</clipFolderPath>
					</li>
				</grains>
				<volumeRange>15.42672~14.7734</volumeRange>
				<pitchRange>0.9770588~1.137647</pitchRange>
				<distRange>0~50.40025</distRange>
				<sustainLoop>False</sustainLoop>
			</li>
		</subSounds>
	</SoundDef>
	
	<SoundDef>
		<defName>kotor_cannok_calls</defName>
		<context>MapOnly</context>
		<subSounds>
			<li>
				<grains>
					<li Class="AudioGrain_Folder">
						<clipFolderPath>kotor_pawn_animals/cannok/calls</clipFolderPath>
					</li>
				</grains>
				<volumeRange>15.42672~14.7734</volumeRange>
				<pitchRange>0.9770588~1.137647</pitchRange>
				<distRange>0~50.40025</distRange>
				<sustainLoop>False</sustainLoop>
			</li>
		</subSounds>
	</SoundDef>
	
	<SoundDef>
		<defName>kotor_cannok_death</defName>
		<context>MapOnly</context>
		<subSounds>
			<li>
				<grains>
					<li Class="AudioGrain_Folder">
						<clipFolderPath>kotor_pawn_animals/cannok/death</clipFolderPath>
					</li>
				</grains>
				<volumeRange>15.42672~14.7734</volumeRange>
				<pitchRange>0.9770588~1.137647</pitchRange>
				<distRange>0~50.40025</distRange>
				<sustainLoop>False</sustainLoop>
			</li>
		</subSounds>
	</SoundDef>
	
	<SoundDef>
		<defName>kotor_cannok_hit</defName>
		<context>MapOnly</context>
		<subSounds>
			<li>
				<grains>
					<li Class="AudioGrain_Folder">
						<clipFolderPath>kotor_pawn_animals/cannok/hit</clipFolderPath>
					</li>
				</grains>
				<volumeRange>15.42672~14.7734</volumeRange>
				<pitchRange>0.9770588~1.137647</pitchRange>
				<distRange>0~50.40025</distRange>
				<sustainLoop>False</sustainLoop>
			</li>
		</subSounds>
	</SoundDef>
	
	<SoundDef>
		<defName>kotor_cannok_miss</defName>
		<context>MapOnly</context>
		<subSounds>
			<li>
				<grains>
					<li Class="AudioGrain_Folder">
						<clipFolderPath>kotor_pawn_animals/cannok/miss</clipFolderPath>
					</li>
				</grains>
				<volumeRange>15.42672~14.7734</volumeRange>
				<pitchRange>0.9770588~1.137647</pitchRange>
				<distRange>0~50.40025</distRange>
				<sustainLoop>False</sustainLoop>
			</li>
		</subSounds>
	</SoundDef>
	
	<SoundDef>
		<defName>kotor_cannok_wounded</defName>
		<context>MapOnly</context>
		<subSounds>
			<li>
				<grains>
					<li Class="AudioGrain_Folder">
						<clipFolderPath>kotor_pawn_animals/cannok/wounded</clipFolderPath>
					</li>
				</grains>
				<volumeRange>15.42672~14.7734</volumeRange>
				<pitchRange>0.9770588~1.137647</pitchRange>
				<distRange>0~50.40025</distRange>
				<sustainLoop>False</sustainLoop>
			</li>
		</subSounds>
	</SoundDef>

	<!-- dewback ===================================================================== --> 
	<SoundDef>
		<defName>kotor_dewback_angry</defName>
		<context>MapOnly</context>
		<subSounds>
			<li>
				<grains>
					<li Class="AudioGrain_Folder">
						<clipFolderPath>kotor_pawn_animals/dewback/angry</clipFolderPath>
					</li>
				</grains>
				<volumeRange>15.42672~14.7734</volumeRange>
				<pitchRange>0.9770588~1.137647</pitchRange>
				<distRange>0~50.40025</distRange>
				<sustainLoop>False</sustainLoop>
			</li>
		</subSounds>
	</SoundDef>
	
	<SoundDef>
		<defName>kotor_dewback_calls</defName>
		<context>MapOnly</context>
		<subSounds>
			<li>
				<grains>
					<li Class="AudioGrain_Folder">
						<clipFolderPath>kotor_pawn_animals/dewback/calls</clipFolderPath>
					</li>
				</grains>
				<volumeRange>15.42672~14.7734</volumeRange>
				<pitchRange>0.9770588~1.137647</pitchRange>
				<distRange>0~50.40025</distRange>
				<sustainLoop>False</sustainLoop>
			</li>
		</subSounds>
	</SoundDef>
	
	<SoundDef>
		<defName>kotor_dewback_death</defName>
		<context>MapOnly</context>
		<subSounds>
			<li>
				<grains>
					<li Class="AudioGrain_Folder">
						<clipFolderPath>kotor_pawn_animals/dewback/death</clipFolderPath>
					</li>
				</grains>
				<volumeRange>15.42672~14.7734</volumeRange>
				<pitchRange>0.9770588~1.137647</pitchRange>
				<distRange>0~50.40025</distRange>
				<sustainLoop>False</sustainLoop>
			</li>
		</subSounds>
	</SoundDef>
	
	<SoundDef>
		<defName>kotor_dewback_hit</defName>
		<context>MapOnly</context>
		<subSounds>
			<li>
				<grains>
					<li Class="AudioGrain_Folder">
						<clipFolderPath>kotor_pawn_animals/dewback/hit</clipFolderPath>
					</li>
				</grains>
				<volumeRange>15.42672~14.7734</volumeRange>
				<pitchRange>0.9770588~1.137647</pitchRange>
				<distRange>0~50.40025</distRange>
				<sustainLoop>False</sustainLoop>
			</li>
		</subSounds>
	</SoundDef>
	
	<SoundDef>
		<defName>kotor_dewback_miss</defName>
		<context>MapOnly</context>
		<subSounds>
			<li>
				<grains>
					<li Class="AudioGrain_Folder">
						<clipFolderPath>kotor_pawn_animals/dewback/miss</clipFolderPath>
					</li>
				</grains>
				<volumeRange>15.42672~14.7734</volumeRange>
				<pitchRange>0.9770588~1.137647</pitchRange>
				<distRange>0~50.40025</distRange>
				<sustainLoop>False</sustainLoop>
			</li>
		</subSounds>
	</SoundDef>
	
	<SoundDef>
		<defName>kotor_dewback_wounded</defName>
		<context>MapOnly</context>
		<subSounds>
			<li>
				<grains>
					<li Class="AudioGrain_Folder">
						<clipFolderPath>kotor_pawn_animals/dewback/wounded</clipFolderPath>
					</li>
				</grains>
				<volumeRange>15.42672~14.7734</volumeRange>
				<pitchRange>0.9770588~1.137647</pitchRange>
				<distRange>0~50.40025</distRange>
				<sustainLoop>False</sustainLoop>
			</li>
		</subSounds>
	</SoundDef>
	
	<!-- boma ===================================================================== --> 
	<SoundDef>
		<defName>kotor_boma_angry</defName>
		<context>MapOnly</context>
		<subSounds>
			<li>
				<grains>
					<li Class="AudioGrain_Folder">
						<clipFolderPath>kotor_pawn_animals/boma/angry</clipFolderPath>
					</li>
				</grains>
				<volumeRange>15.42672~14.7734</volumeRange>
				<pitchRange>0.9770588~1.137647</pitchRange>
				<distRange>0~50.40025</distRange>
				<sustainLoop>False</sustainLoop>
			</li>
		</subSounds>
	</SoundDef>
	
	<SoundDef>
		<defName>kotor_boma_calls</defName>
		<context>MapOnly</context>
		<subSounds>
			<li>
				<grains>
					<li Class="AudioGrain_Folder">
						<clipFolderPath>kotor_pawn_animals/boma/calls</clipFolderPath>
					</li>
				</grains>
				<volumeRange>15.42672~14.7734</volumeRange>
				<pitchRange>0.9770588~1.137647</pitchRange>
				<distRange>0~50.40025</distRange>
				<sustainLoop>False</sustainLoop>
			</li>
		</subSounds>
	</SoundDef>
	
	<SoundDef>
		<defName>kotor_boma_death</defName>
		<context>MapOnly</context>
		<subSounds>
			<li>
				<grains>
					<li Class="AudioGrain_Folder">
						<clipFolderPath>kotor_pawn_animals/boma/death</clipFolderPath>
					</li>
				</grains>
				<volumeRange>15.42672~14.7734</volumeRange>
				<pitchRange>0.9770588~1.137647</pitchRange>
				<distRange>0~50.40025</distRange>
				<sustainLoop>False</sustainLoop>
			</li>
		</subSounds>
	</SoundDef>
	
	<SoundDef>
		<defName>kotor_boma_hit</defName>
		<context>MapOnly</context>
		<subSounds>
			<li>
				<grains>
					<li Class="AudioGrain_Folder">
						<clipFolderPath>kotor_pawn_animals/boma/hit</clipFolderPath>
					</li>
				</grains>
				<volumeRange>15.42672~14.7734</volumeRange>
				<pitchRange>0.9770588~1.137647</pitchRange>
				<distRange>0~50.40025</distRange>
				<sustainLoop>False</sustainLoop>
			</li>
		</subSounds>
	</SoundDef>
	
	<SoundDef>
		<defName>kotor_boma_miss</defName>
		<context>MapOnly</context>
		<subSounds>
			<li>
				<grains>
					<li Class="AudioGrain_Folder">
						<clipFolderPath>kotor_pawn_animals/boma/miss</clipFolderPath>
					</li>
				</grains>
				<volumeRange>15.42672~14.7734</volumeRange>
				<pitchRange>0.9770588~1.137647</pitchRange>
				<distRange>0~50.40025</distRange>
				<sustainLoop>False</sustainLoop>
			</li>
		</subSounds>
	</SoundDef>
	
	<SoundDef>
		<defName>kotor_boma_wounded</defName>
		<context>MapOnly</context>
		<subSounds>
			<li>
				<grains>
					<li Class="AudioGrain_Folder">
						<clipFolderPath>kotor_pawn_animals/boma/wounded</clipFolderPath>
					</li>
				</grains>
				<volumeRange>15.42672~14.7734</volumeRange>
				<pitchRange>0.9770588~1.137647</pitchRange>
				<distRange>0~50.40025</distRange>
				<sustainLoop>False</sustainLoop>
			</li>
		</subSounds>
	</SoundDef>
	
	<!-- drate ===================================================================== --> 
	<SoundDef>
		<defName>kotor_drate_angry</defName>
		<context>MapOnly</context>
		<subSounds>
			<li>
				<grains>
					<li Class="AudioGrain_Folder">
						<clipFolderPath>kotor_pawn_animals/drate/angry</clipFolderPath>
					</li>
				</grains>
				<volumeRange>15.42672~14.7734</volumeRange>
				<pitchRange>0.9770588~1.137647</pitchRange>
				<distRange>0~50.40025</distRange>
				<sustainLoop>False</sustainLoop>
			</li>
		</subSounds>
	</SoundDef>
	
	<SoundDef>
		<defName>kotor_drate_calls</defName>
		<context>MapOnly</context>
		<subSounds>
			<li>
				<grains>
					<li Class="AudioGrain_Folder">
						<clipFolderPath>kotor_pawn_animals/drate/calls</clipFolderPath>
					</li>
				</grains>
				<volumeRange>15.42672~14.7734</volumeRange>
				<pitchRange>0.9770588~1.137647</pitchRange>
				<distRange>0~50.40025</distRange>
				<sustainLoop>False</sustainLoop>
			</li>
		</subSounds>
	</SoundDef>
	
	<SoundDef>
		<defName>kotor_drate_death</defName>
		<context>MapOnly</context>
		<subSounds>
			<li>
				<grains>
					<li Class="AudioGrain_Folder">
						<clipFolderPath>kotor_pawn_animals/drate/death</clipFolderPath>
					</li>
				</grains>
				<volumeRange>15.42672~14.7734</volumeRange>
				<pitchRange>0.9770588~1.137647</pitchRange>
				<distRange>0~50.40025</distRange>
				<sustainLoop>False</sustainLoop>
			</li>
		</subSounds>
	</SoundDef>
	
	<SoundDef>
		<defName>kotor_drate_hit</defName>
		<context>MapOnly</context>
		<subSounds>
			<li>
				<grains>
					<li Class="AudioGrain_Folder">
						<clipFolderPath>kotor_pawn_animals/drate/hit</clipFolderPath>
					</li>
				</grains>
				<volumeRange>15.42672~14.7734</volumeRange>
				<pitchRange>0.9770588~1.137647</pitchRange>
				<distRange>0~50.40025</distRange>
				<sustainLoop>False</sustainLoop>
			</li>
		</subSounds>
	</SoundDef>
	
	<SoundDef>
		<defName>kotor_drate_miss</defName>
		<context>MapOnly</context>
		<subSounds>
			<li>
				<grains>
					<li Class="AudioGrain_Folder">
						<clipFolderPath>kotor_pawn_animals/drate/miss</clipFolderPath>
					</li>
				</grains>
				<volumeRange>15.42672~14.7734</volumeRange>
				<pitchRange>0.9770588~1.137647</pitchRange>
				<distRange>0~50.40025</distRange>
				<sustainLoop>False</sustainLoop>
			</li>
		</subSounds>
	</SoundDef>
	
	<SoundDef>
		<defName>kotor_drate_wounded</defName>
		<context>MapOnly</context>
		<subSounds>
			<li>
				<grains>
					<li Class="AudioGrain_Folder">
						<clipFolderPath>kotor_pawn_animals/drate/wounded</clipFolderPath>
					</li>
				</grains>
				<volumeRange>15.42672~14.7734</volumeRange>
				<pitchRange>0.9770588~1.137647</pitchRange>
				<distRange>0~50.40025</distRange>
				<sustainLoop>False</sustainLoop>
			</li>
		</subSounds>
	</SoundDef>


	<!-- krayt ===================================================================== --> 
	<SoundDef>
		<defName>kotor_krayt_angry</defName>
		<context>MapOnly</context>
		<subSounds>
			<li>
				<grains>
					<li Class="AudioGrain_Folder">
						<clipFolderPath>kotor_pawn_animals/krayt/angry</clipFolderPath>
					</li>
				</grains>
				<volumeRange>15.42672~14.7734</volumeRange>
				<pitchRange>0.9770588~1.137647</pitchRange>
				<distRange>0~50.40025</distRange>
				<sustainLoop>False</sustainLoop>
			</li>
		</subSounds>
	</SoundDef>
	
	<SoundDef>
		<defName>kotor_krayt_calls</defName>
		<context>MapOnly</context>
		<subSounds>
			<li>
				<grains>
					<li Class="AudioGrain_Folder">
						<clipFolderPath>kotor_pawn_animals/krayt/calls</clipFolderPath>
					</li>
				</grains>
				<volumeRange>15.42672~14.7734</volumeRange>
				<pitchRange>0.9770588~1.137647</pitchRange>
				<distRange>0~50.40025</distRange>
				<sustainLoop>False</sustainLoop>
			</li>
		</subSounds>
	</SoundDef>
	
	<SoundDef>
		<defName>kotor_krayt_death</defName>
		<context>MapOnly</context>
		<subSounds>
			<li>
				<grains>
					<li Class="AudioGrain_Folder">
						<clipFolderPath>kotor_pawn_animals/krayt/death</clipFolderPath>
					</li>
				</grains>
				<volumeRange>15.42672~14.7734</volumeRange>
				<pitchRange>0.9770588~1.137647</pitchRange>
				<distRange>0~50.40025</distRange>
				<sustainLoop>False</sustainLoop>
			</li>
		</subSounds>
	</SoundDef>
	
	<SoundDef>
		<defName>kotor_krayt_hit</defName>
		<context>MapOnly</context>
		<subSounds>
			<li>
				<grains>
					<li Class="AudioGrain_Folder">
						<clipFolderPath>kotor_pawn_animals/krayt/hit</clipFolderPath>
					</li>
				</grains>
				<volumeRange>15.42672~14.7734</volumeRange>
				<pitchRange>0.9770588~1.137647</pitchRange>
				<distRange>0~50.40025</distRange>
				<sustainLoop>False</sustainLoop>
			</li>
		</subSounds>
	</SoundDef>
	
	<SoundDef>
		<defName>kotor_krayt_miss</defName>
		<context>MapOnly</context>
		<subSounds>
			<li>
				<grains>
					<li Class="AudioGrain_Folder">
						<clipFolderPath>kotor_pawn_animals/krayt/miss</clipFolderPath>
					</li>
				</grains>
				<volumeRange>15.42672~14.7734</volumeRange>
				<pitchRange>0.9770588~1.137647</pitchRange>
				<distRange>0~50.40025</distRange>
				<sustainLoop>False</sustainLoop>
			</li>
		</subSounds>
	</SoundDef>
	
	<SoundDef>
		<defName>kotor_krayt_wounded</defName>
		<context>MapOnly</context>
		<subSounds>
			<li>
				<grains>
					<li Class="AudioGrain_Folder">
						<clipFolderPath>kotor_pawn_animals/krayt/wounded</clipFolderPath>
					</li>
				</grains>
				<volumeRange>15.42672~14.7734</volumeRange>
				<pitchRange>0.9770588~1.137647</pitchRange>
				<distRange>0~50.40025</distRange>
				<sustainLoop>False</sustainLoop>
			</li>
		</subSounds>
	</SoundDef>
	
</Defs>
