<?xml version="1.0" encoding="utf-8" ?>
<Defs>
	
	
	<PawnKindDef MayRequire="guy762.StarWarsXenotypes" Name="KotORPlayableHero_Handmaiden"  ParentName="guy762_HeroPawnKindBase">
		<defName>KotORPlayableHero_Handmaiden</defName>
		<nameMaker>guy762_HeroNamer_Handmaiden</nameMaker>
		<combatPower>500</combatPower>
		<minGenerationAge>26</minGenerationAge>
		<maxGenerationAge>27</maxGenerationAge>
		<fixedGender>Female</fixedGender>
		<forcedHair>Recruit</forcedHair>
		<xenotypeSet>
			<xenotypeChances>
				<guy762_xenotype_echani>999</guy762_xenotype_echani>
			</xenotypeChances>
			<warnIfTotalAbove1>false</warnIfTotalAbove1>
		</xenotypeSet>
		<useFactionXenotypes>false</useFactionXenotypes>
		<itemQuality>Legendary</itemQuality>
		<apparelMoney>29999</apparelMoney>
		<apparelTags>
		  <li>KotORHeroAccessories_handmaiden</li>
		</apparelTags>
		<apparelRequired>
		   <li>guy762_JediHood_light</li>
		   <li>guy762_JediCloak_light</li>
		   <li>guy762_JediTunic_formal</li>
		   <li>guy762_energyshield_echaniHvy</li>
		</apparelRequired>
		<specificApparelRequirements>
			<li>
				<apparelLayer>OnSkin</apparelLayer>
				<apparelDef>guy762_JediTunic_formal</apparelDef>
				<color>(200,200,205)</color>
			</li>
			<li>
				<apparelLayer>Shell</apparelLayer>
				<apparelDef>guy762_JediCloak_light</apparelDef>
				<quality>Legendary</quality>
				<color>(230,230,235)</color>
			</li>
			<li>
				<apparelLayer>Overhead</apparelLayer>
				<apparelDef>guy762_JediHood_light</apparelDef>
				<quality>Legendary</quality>
				<color>(230,230,235)</color>
			</li>
		</specificApparelRequirements>
		<weaponMoney>99999999</weaponMoney>
		<weaponTags>
		  <li>OR_handmaiden</li>
		</weaponTags>
		<skills>
			<li>
				<skill>Melee</skill>
				<range>18~20</range>
			</li>
			<li>
				<skill>Crafting</skill>
				<range>14~16</range>
			</li>
			<li>
				<skill>Intellectual</skill>
				<range>16~18</range>
			</li>
		</skills>
		<forcedTraits>
			<PsychicSensitivity>1</PsychicSensitivity>
			<Nimble>0</Nimble>
			<Ascetic>0</Ascetic>
			<Jealous>0</Jealous>
		</forcedTraits>
		<backstoryFiltersOverride>
		  <li>
			<categories>
			  <li>guy762BSC_handmaiden</li>
			</categories>
		  </li>
		</backstoryFiltersOverride>
		<modExtensions>
         <li Class="VanillaPsycastsExpanded.PawnKindAbilityExtension_Psycasts">
            <implantDef>VPE_PsycastAbilityImplant</implantDef>
            <initialLevel>10</initialLevel>
            <statUpgradePoints>1~2</statUpgradePoints>
            <unlockedPaths>
				<VPE_LightSide>1~4|2~4</VPE_LightSide>
				<VPE_Force>1~6|3~6</VPE_Force>	
				<VPE_Telekinesis>1~6|3~6</VPE_Telekinesis>		
            </unlockedPaths>
         </li>
		 <li Class="AddGeneForPK.PKAdditionalGenes">
          <geneSets>
            <li>
              <isXenogene>true</isXenogene>
              <chance>1</chance>
              <geneDefs>
                <li>Force_Sensitive</li>
              </geneDefs>
            </li>
          </geneSets>
		</li>
		<li Class="BodyTypeForPawnKind.ModExtension_HeadTypesOfPawnKind">
          <whitelist>
            <li>Female_AverageWide</li>
          </whitelist>
          <blacklist>
            <!--leave blank to disable-->
          </blacklist>
          <priority>
            <li>Female_AverageWide</li>
          </priority>
          <checkGender>False</checkGender>
        </li>
      </modExtensions>
	  </PawnKindDef>
	  
	  <RulePackDef>
        <defName>guy762_HeroNamer_Handmaiden</defName>
        <rulePack>
            <rulesStrings>
                <li>r_name->[brianna] '[handmaiden]' [yusanis]</li>
				<li>brianna->Brianna</li>
				<li>yusanis->Yusanis</li>
				<li>handmaiden->Handmaiden</li>
            </rulesStrings>
        </rulePack>
    </RulePackDef>
	
	
	<!--[PAWN_nameDef] [PAWN_possessive] [PAWN_pronoun]-->
	
	
	<BackstoryDef>
		<defName>guy762_BackstoryC_Handmaiden</defName>
		<title>Echani Handmaiden</title>
		<titleShort>Handmaiden</titleShort>
		<baseDesc>[PAWN_nameDef] was one of the Echani Handmaidens, a group of elite Echani warriors sired by the famed Echani general Yusanis and thought to be totally deaf to the Force. [PAWN_pronoun] trained for many years in the Echani arts of personal combat, but harbored a secret connection to the Force due to [PAWN_possessive] mother's Jedi lineage.</baseDesc>
		<slot>Childhood</slot>
		<skillGains>
			<li>
				<key>Melee</key>
				<value>15</value>
			</li>
		</skillGains>
		<forcedTraits>
		  <Ascetic>0</Ascetic>
		  <Nimble>0</Nimble>
		</forcedTraits>
		<requiredWorkTags>
		  <li>Violent</li>
		</requiredWorkTags>
		<bodyTypeMale>Male</bodyTypeMale>
		<bodyTypeFemale>Female</bodyTypeFemale>
		
		<spawnCategories>
			<li>guy762BSC_handmaiden</li>
		</spawnCategories>
		<!--shuffleable>False</shuffleable-->
	</BackstoryDef>
	
	<BackstoryDef>
		<defName>guy762_BackstoryA_Handmaiden</defName>
		<title>Jedi Guardian</title>
		<titleShort>Jedi Guardian</titleShort>
		<baseDesc>Serving under the corrupt Jedi Master Atris, [PAWN_nameDef] was tasked with spying on a notorious Jedi exile, but had soon fallen in love with them, forsaking [PAWN_possessive] oath and allowing [PAWN_possessive]self to be trained in the ways of the Force. [PAWN_pronoun] became a Jedi Guardian, and after helping defeat the remnant Sith Lords on Malachor V, [PAWN_nameDef] served as a warship Captain in the Republic Navy.</baseDesc>
		<slot>Adulthood</slot>
		<skillGains>
			<li>
				<key>Intellectual</key>
				<value>10</value>
			</li>
		</skillGains>
		<forcedTraits>
		  <PsychicSensitivity>1</PsychicSensitivity>
		</forcedTraits>
		<requiredWorkTags>
		  <li>Violent</li>
		</requiredWorkTags>
		<bodyTypeMale>Male</bodyTypeMale>
		<bodyTypeFemale>Female</bodyTypeFemale>
		
		<spawnCategories>
			<li>guy762BSC_handmaiden</li>
		</spawnCategories>
		<!--shuffleable>False</shuffleable-->
	</BackstoryDef>



</Defs>