<?xml version="1.0" encoding="utf-8" ?>
<Defs>

	
	<PawnKindDef MayRequire="guy762.StarWarsXenotypes" Name="KotORPlayableHero_Visas"  ParentName="guy762_HeroPawnKindBase">
		<defName>KotORPlayableHero_Visas</defName>
		<nameMaker>guy762_HeroNamer_Visas</nameMaker>
		<combatPower>500</combatPower>
		<minGenerationAge>28</minGenerationAge>
		<maxGenerationAge>29</maxGenerationAge>
		<fixedGender>Female</fixedGender>
		<forcedHair>Fringe</forcedHair>
		<forcedHairColor>(82,74,69)</forcedHairColor>
		<skinColorOverride>(255,254,204)</skinColorOverride>
		<xenotypeSet>
			<xenotypeChances>
				<guy762_xenotype_miraluka>999</guy762_xenotype_miraluka>
			</xenotypeChances>
			<warnIfTotalAbove1>false</warnIfTotalAbove1>
		</xenotypeSet>
		<useFactionXenotypes>false</useFactionXenotypes>
		<itemQuality>Legendary</itemQuality>
		<apparelMoney>29999</apparelMoney>
		<apparelTags>
		  <li>OR_apparel_visas</li>
		  <li>KotORHeroAccessories_visas</li>
		</apparelTags>
		<apparelRequired>
		   <li>guy762_VisasHood</li>
		   <li>guy762_VisasRobes</li>
		</apparelRequired>
		<weaponMoney>99999999</weaponMoney>
		<weaponTags>
		  <li>SaV_visas</li>
		</weaponTags>
		<skills>
			<li>
				<skill>Melee</skill>
				<range>16~18</range>
			</li>
			<li>
				<skill>Medicine</skill>
				<range>12~14</range>
			</li>
			<li>
				<skill>Intellectual</skill>
				<range>12~14</range>
			</li>
		</skills>
		<forcedTraits>
			<PsychicSensitivity>2</PsychicSensitivity>
			<Psychopath>0</Psychopath>
			<Masochist>0</Masochist>
			<Bisexual>0</Bisexual>
		</forcedTraits>
		<backstoryFiltersOverride>
		  <li>
			<categories>
			  <li>guy762BSC_visas</li>
			</categories>
		  </li>
		</backstoryFiltersOverride>
		<modExtensions>
         <li Class="VanillaPsycastsExpanded.PawnKindAbilityExtension_Psycasts">
            <implantDef>VPE_PsycastAbilityImplant</implantDef>
            <initialLevel>10</initialLevel>
            <statUpgradePoints>1~2</statUpgradePoints>
            <unlockedPaths>
				<VPE_Darkside>1~4|2~4</VPE_Darkside>
				<VPE_Force>1~6|3~6</VPE_Force>		
				<VPE_Telekinesis>1~4|2~4</VPE_Telekinesis>
				<VPE_JediTraining>1~2|1~2</VPE_JediTraining>
            </unlockedPaths>
         </li>
		 <!--li Class="AddGeneForPK.PKAdditionalGenes">
          <geneSets>
            <li>
              <isXenogene>true</isXenogene>
              <chance>1</chance>
              <geneDefs>
                <li>VPE_ForceW_Corruption</li>
              </geneDefs>
            </li>
          </geneSets>
		</li-->
		<li Class="BodyTypeForPawnKind.ModExtension_HeadTypesOfPawnKind">
          <whitelist>
            <li>Female_AveragePointy</li>
          </whitelist>
          <blacklist>
            <!--leave blank to disable-->
          </blacklist>
          <priority>
            <li>Female_AveragePointy</li>
          </priority>
          <checkGender>False</checkGender>
        </li>
      </modExtensions>
	  </PawnKindDef>
	  
	  <RulePackDef>
        <defName>guy762_HeroNamer_Visas</defName>
        <rulePack>
            <rulesStrings>
                <li>r_name->[visas] '[visas]' [marr]</li>
				<li>visas->Visas</li>
				<li>marr->Marr</li>
            </rulesStrings>
        </rulePack>
    </RulePackDef>
	
	<!--[PAWN_nameDef] [PAWN_possessive] [PAWN_pronoun]-->
	
	
	<BackstoryDef>
		<defName>guy762_BackstoryC_Visas</defName>
		<title>Sith Apprentice</title>
		<titleShort>Apprentice</titleShort>
		<baseDesc>At a young age, [PAWN_nameDef] was forced to watch as [PAWN_possessive] homeworld was destroyed by a Sith Lord of incomprehensible power. Having sensed [PAWN_possessive] strength in the Force from afar, this Sith Lord spared [PAWN_nameDef] from his catastrophic wrath and enslaved [PAWN_possessive] for his own ends.</baseDesc>
		<slot>Childhood</slot>
		<forcedTraits>
		  <PsychicSensitivity>2</PsychicSensitivity>
		  <Psychopath>0</Psychopath>
		  <Masochist>0</Masochist>
		</forcedTraits>
		<requiredWorkTags>
		  <li>Violent</li>
		</requiredWorkTags>
		<workDisables>PlantWork</workDisables>
		<bodyTypeMale>Thin</bodyTypeMale>
		<bodyTypeFemale>Female</bodyTypeFemale>
		
		<spawnCategories>
			<li>guy762BSC_visas</li>
		</spawnCategories>
		<!--shuffleable>False</shuffleable-->
	</BackstoryDef>
	
	<BackstoryDef>
		<defName>guy762_BackstoryA_Visas</defName>
		<title>Dark Jedi</title>
		<titleShort>Dark Jedi</titleShort>
		<baseDesc>Once an apprentice to a powerful Sith Lord, [PAWN_nameDef] fell in love with a Jedi exile who helped free [PAWN_possessive] from [PAWN_possessive] master's control. [PAWN_pronoun] stood beside the exile and defeated [PAWN_possessive] master at the Battle of Telos IV, and afterwards went on to help eliminate the rest of the rogue Sith lords.</baseDesc>
		<slot>Adulthood</slot>
		<skillGains>
			<li>
				<key>Melee</key>
				<value>10</value>
			</li>
		</skillGains>
		<requiredWorkTags>
		  <li>Violent</li>
		</requiredWorkTags>
		<bodyTypeMale>Thin</bodyTypeMale>
		<bodyTypeFemale>Female</bodyTypeFemale>
		
		<spawnCategories>
			<li>guy762BSC_visas</li>
		</spawnCategories>
		<!--shuffleable>False</shuffleable-->
	</BackstoryDef>



</Defs>