<?xml version="1.0" encoding="utf-8" ?>
<Defs>

	
	<PawnKindDef MayRequire="guy762.StarWarsXenotypes" Name="KotORPlayableHero_Yuthura"  ParentName="guy762_HeroPawnKindBase">
		<defName>KotORPlayableVillain_Yuthura</defName>
		<nameMaker>guy762_HeroNamer_Yuthura</nameMaker>
		<combatPower>500</combatPower>
		<minGenerationAge>37</minGenerationAge>
		<maxGenerationAge>39</maxGenerationAge>
		<fixedGender>Female</fixedGender>
		<!--skinColorOverride>(150,135,225)</skinColorOverride-->
		<xenotypeSet>
			<xenotypeChances>
				<guy762_xenotype_twilek>999</guy762_xenotype_twilek>
			</xenotypeChances>
			<warnIfTotalAbove1>false</warnIfTotalAbove1>
		</xenotypeSet>
		<useFactionXenotypes>false</useFactionXenotypes>
		<itemQuality>Legendary</itemQuality>
		<apparelMoney>49999</apparelMoney>
		<apparelTags>
		  <li>KotORHeroAccessories_yuthura</li>
		</apparelTags>
		<apparelRequired>
		   <li>Apparel_Cape</li>
		   <li>guy762_SithUniform_officer</li>
		</apparelRequired>
		<specificApparelRequirements>
			<li>
				<apparelLayer>OnSkin</apparelLayer>
				<apparelDef>guy762_SithUniform_officer</apparelDef>
				<quality>Legendary</quality>
				<color>(100,100,120)</color>
			</li>
			<li>
				<apparelLayer>Shell</apparelLayer>
				<apparelDef>Apparel_Cape</apparelDef>
				<quality>Legendary</quality>
				<stuff>KOTOR_FabricArmorweave</stuff>
			</li>
		</specificApparelRequirements>
		<weaponMoney>99999999</weaponMoney>
		<weaponTags>
		  <li>SE_yuthura</li>
		</weaponTags>
		<skills>
			<li>
				<skill>Melee</skill>
				<range>18~20</range>
			</li>
			<li>
				<skill>Social</skill>
				<range>12~14</range>
			</li>
		</skills>
		<forcedTraits>
			<PsychicSensitivity>1</PsychicSensitivity>
			<Brawler>0</Brawler>
			<Greedy>0</Greedy>
		</forcedTraits>
		<backstoryFiltersOverride>
		  <li>
			<categories>
			  <li>guy762BSC_yuthura</li>
			</categories>
		  </li>
		</backstoryFiltersOverride>
		<modExtensions>
         <li Class="VanillaPsycastsExpanded.PawnKindAbilityExtension_Psycasts">
            <implantDef>VPE_PsycastAbilityImplant</implantDef>
            <initialLevel>10</initialLevel>
            <statUpgradePoints>1~2</statUpgradePoints>
            <unlockedPaths>
				<VPE_Darkside>1~4|2~4</VPE_Darkside>
				<VPE_Force>1~4|2~4</VPE_Force>		
				<VPE_Telekinesis>1~4|2~4</VPE_Telekinesis>
				<VPE_JediTraining>1~4|2~4</VPE_JediTraining>
            </unlockedPaths>
         </li>
		 <li Class="AddGeneForPK.PKAdditionalGenes">
		  <geneSets>
			<li>
			  <isXenogene>true</isXenogene>
			  <chance>1</chance>
			  <geneDefs>
				<li>guy762_Skin_Lavender</li>
				<li>VPE_ForceW_Corruption</li>
			  </geneDefs>
			</li>
		  </geneSets>
		</li>
		<li Class="BodyTypeForPawnKind.ModExtension_HeadTypesOfPawnKind">
		  <whitelist>
			<li>Female_NarrowNormal</li>
		  </whitelist>
		  <blacklist>
			<!--leave blank to disable-->
		  </blacklist>
		  <priority>
			<li>Female_NarrowNormal</li>
		  </priority>
		  <checkGender>False</checkGender>
		</li>
		<li MayRequire="Ludeon.RimWorld.Ideology" Class="BodyTypeForPawnKind.ModExtension_ForcedStyleItem">
		  <forcedFaceTattoo>Face_Cobweb</forcedFaceTattoo>
		</li>
      </modExtensions>
	  </PawnKindDef>
	  
	  <RulePackDef>
        <defName>guy762_HeroNamer_Yuthura</defName>
        <rulePack>
            <rulesStrings>
                <li>r_name->[yuthura] '[yuthura]' [ban]</li>
				<li>yuthura->Yuthura</li>
				<li>ban->Ban</li>
            </rulesStrings>
        </rulePack>
    </RulePackDef>
	
	<!--[PAWN_nameDef] [PAWN_possessive] [PAWN_pronoun]-->
	
	
	<BackstoryDef>
		<defName>guy762_BackstoryC_Yuthura</defName>
		<title>Fallen Padawan</title>
		<titleShort>Fallen Padawan</titleShort>
		<baseDesc>[PAWN_nameDef] was once a slave to a cruel Hutt overlord on Sleheyron. Frustrated by [PAWN_possessive] predicament, [PAWN_pronoun] drew upon [PAWN_possessive] anger and [PAWN_possessive] latent Force sensitivity and slew the Hutt. [PAWN_pronoun] was later inducted into the Jedi Order as a Padawan, but grew frustrated with [PAWN_possessive] teachings and eventually abandoned the order.</baseDesc>
		<slot>Childhood</slot>
		<skillGains>
			<li>
				<key>Melee</key>
				<value>8</value>
			</li>
		</skillGains>
		<forcedTraits>
		  <PsychicSensitivity>1</PsychicSensitivity>
		</forcedTraits>
		<requiredWorkTags>
		  <li>Violent</li>
		</requiredWorkTags>
		<bodyTypeMale>Thin</bodyTypeMale>
		<bodyTypeFemale>Female</bodyTypeFemale>
		
		<spawnCategories>
			<li>guy762BSC_yuthura</li>
		</spawnCategories>
		<!--shuffleable>False</shuffleable-->
	</BackstoryDef>
	
	<BackstoryDef>
		<defName>guy762_BackstoryA_Yuthura</defName>
		<title>Sith Instructor</title>
		<titleShort>Instructor</titleShort>
		<baseDesc>When the Jedi Civil War broke out, [PAWN_nameDef] journeyed to the Sith world Korriban and was one of the first students accepted into the newly established Sith academy there. [PAWN_pronoun] was found to be an exceptional Lightsaber duelist, and was taken under the wing of Headmaster Uthar Wynn. [PAWN_pronoun] was tasked with training Force-sensitive recruits in the ways of the Dark Side and became a distinguished instructor, though was eventually brought back to the Light by a redeemed Revan attempting to infiltrate the Korriban academy.</baseDesc>
		<slot>Adulthood</slot>
		<skillGains>
			<li>
				<key>Melee</key>
				<value>8</value>
			</li>
			<li>
				<key>Social</key>
				<value>8</value>
			</li>
		</skillGains>
		<forcedTraits>
		  <Brawler>0</Brawler>
		  <Greedy>0</Greedy>
		</forcedTraits>
		<requiredWorkTags>
		  <li>Violent</li>
		</requiredWorkTags>
		<bodyTypeMale>Thin</bodyTypeMale>
		<bodyTypeFemale>Female</bodyTypeFemale>
		
		<spawnCategories>
			<li>guy762BSC_yuthura</li>
		</spawnCategories>
		<!--shuffleable>False</shuffleable-->
	</BackstoryDef>



</Defs>