<?xml version="1.0" encoding="utf-8" ?>
<Defs>

	
	<PawnKindDef Name="KotORPlayableVillain_Malak"  ParentName="guy762_HeroPawnKindBase">
		<defName>KotORPlayableVillain_Malak</defName>
		<nameMaker>guy762_HeroNamer_Malak</nameMaker>
		<combatPower>500</combatPower>
		<minGenerationAge>43</minGenerationAge>
		<maxGenerationAge>44</maxGenerationAge>
		<fixedGender>Male</fixedGender>
		<forcedHair>Bald</forcedHair>
		<xenotypeSet>
			<xenotypeChances>
				<Baseliner>999</Baseliner>
			</xenotypeChances>
			<warnIfTotalAbove1>false</warnIfTotalAbove1>
		</xenotypeSet>
		<useFactionXenotypes>false</useFactionXenotypes>
		<itemQuality>Legendary</itemQuality>
		<apparelMoney>999999</apparelMoney>
		<apparelTags>
		  <li>SE_apparel_malak</li>
		  <li>KotORHeroAccessories_sion</li>
		</apparelTags>
		<apparelRequired>
		   <li>guy762_MalakTunic</li>
		   <li>guy762_MalakCape</li>
		</apparelRequired>
		<weaponMoney>99999999</weaponMoney>
		<weaponTags>
		  <li>SE_malak</li>
		</weaponTags>
		<skills>
			<li>
				<skill>Melee</skill>
				<range>16~18</range>
			</li>
			<li>
				<skill>Social</skill>
				<range>16~18</range>
			</li>
			<li>
				<skill>Intellectual</skill>
				<range>8~10</range>
			</li>
		</skills>
		<forcedTraits>
			<PsychicSensitivity>2</PsychicSensitivity>
			<Psychopath>0</Psychopath>
			<Jealous>0</Jealous>
			<Nerves>-2</Nerves>
			<Brawler>0</Brawler>
		</forcedTraits>
		<backstoryFiltersOverride>
		  <li>
			<categories>
			  <li>guy762BSC_malak</li>
			</categories>
		  </li>
		</backstoryFiltersOverride>
		<techHediffsRequired>
			<li>guy762_Implant_malakjaw</li>
		</techHediffsRequired>
		<modExtensions>
			 <li Class="VanillaPsycastsExpanded.PawnKindAbilityExtension_Psycasts">
				<implantDef>VPE_PsycastAbilityImplant</implantDef>
				<initialLevel>30</initialLevel>
				<statUpgradePoints>1~2</statUpgradePoints>
				<unlockedPaths>
				   <VPE_Darkside>1~4|4~8</VPE_Darkside>
				   <VPE_Force>1~6|3~6</VPE_Force>
				   <VPE_Telekinesis>1~6|3~6</VPE_Telekinesis>				
				</unlockedPaths>
			 </li>
			 <li Class="AddGeneForPK.PKAdditionalGenes">
			  <geneSets>
				<li>
				  <isXenogene>true</isXenogene>
				  <chance>1</chance>
				  <geneDefs>
					<li>VPE_ForceM_Corruption</li>
					<li>Skin_LightGray</li>
					<li>Hair_BaldOnly</li>
					<li>Beard_NoBeardOnly</li>
				  </geneDefs>
				</li>
			  </geneSets>
			</li>
			<!--li Class="AthenaFramework.HediffGiverExtension">
			  <bodypartPairs>
				<li>
				  <bodyPartDef>Jaw</bodyPartDef>
				  <hediffDef>guy762_BionicHediff_malakjaw</hediffDef>
				</li>
			  </bodypartPairs>
			</li-->
			<li Class="BodyTypeForPawnKind.ModExtension_ForcedStyleItem">
			  <forcedFaceTattoo>guy762_FaceTattoo_malak</forcedFaceTattoo>
			</li>
			<li Class="BodyTypeForPawnKind.ModExtension_HeadTypesOfPawnKind">
			  <whitelist>
				<li>Male_AveragePointy</li>
			  </whitelist>
			  <blacklist>
				<!--leave blank to disable-->
			  </blacklist>
			  <priority>
				<li>Male_AveragePointy</li>
			  </priority>
			  <checkGender>False</checkGender>
			</li>
		</modExtensions>
	  </PawnKindDef>
	  
	  <RulePackDef>
        <defName>guy762_HeroNamer_Malak</defName>
        <rulePack>
            <rulesStrings>
                <li>r_name->[alek] '[darth] [malak]' [squint]</li>
				<li>alek->Alek</li>
				<li>darth->Darth</li>
				<li>malak->Malak</li>
				<li>squint->Squinquargesimus</li>
            </rulesStrings>
        </rulePack>
    </RulePackDef>
	
	<!--[PAWN_nameDef] [PAWN_possessive] [PAWN_pronoun]-->
	
	
	<BackstoryDef>
		<defName>guy762_BackstoryC_Malak</defName>
		<title>Jedi Crusader</title>
		<titleShort>Crusader</titleShort>
		<baseDesc>[PAWN_nameDef] was born to a primitive tribe on the obscure Outer Rim world Queli. [PAWN_pronoun] displayed great strength in the force and joined the Jedi on Dantooine after fleeing the destruction of [PAWN_possessive] homeworld at the hands of the Mandalorians. When Revan first began to rally Jedi to fight back against the Mandalorians, [PAWN_nameDef] was the first to join them.</baseDesc>
		<slot>Childhood</slot>
		<skillGains>
			<li>
				<key>Melee</key>
				<value>10</value>
			</li>
			<li>
				<key>Social</key>
				<value>10</value>
			</li>
		</skillGains>
		<forcedTraits>
		  <PsychicSensitivity>2</PsychicSensitivity>
		  <Jealous>0</Jealous>
		  <Brawler>0</Brawler>
		</forcedTraits>
		<requiredWorkTags>
		  <li>Violent</li>
		</requiredWorkTags>
		<bodyTypeMale>Hulk</bodyTypeMale>
		<bodyTypeFemale>Hulk</bodyTypeFemale>
		
		<spawnCategories>
			<li>guy762BSC_malak</li>
		</spawnCategories>
		<!--shuffleable>False</shuffleable-->
	</BackstoryDef>
	
	<BackstoryDef>
		<defName>guy762_BackstoryA_Malak</defName>
		<title>Dark Lord of the Sith</title>
		<titleShort>Dark Lord</titleShort>
		<baseDesc>Serving as Revan's right hand during the Mandalorian Wars, [PAWN_nameDef] was the only Jedi Crusader to accompany Revan into the Unknown Regions in pursuit of the mythical Star Forge. Both returned as Sith Lords, launching a brutal attack against the already-weakened Republic. Eventually, in classic Sith tradition, [PAWN_nameDef] eventually betrayed [PAWN_possessive] master and seized absolute control over the Sith Empire.</baseDesc>
		<slot>Adulthood</slot>
		<forcedTraits>
		  <Psychopath>0</Psychopath>
		  <Nerves>-2</Nerves>
		</forcedTraits>
		<requiredWorkTags>
		  <li>Violent</li>
		</requiredWorkTags>
		<workDisables>ManualDumb, Artistic, Cooking, Mining, Caring, PlantWork</workDisables>
		<bodyTypeMale>Hulk</bodyTypeMale>
		<bodyTypeFemale>Hulk</bodyTypeFemale>
		
		<spawnCategories>
			<li>guy762BSC_malak</li>
		</spawnCategories>
		<!--shuffleable>False</shuffleable-->
	</BackstoryDef>




</Defs>