<?xml version="1.0" encoding="utf-8" ?>
<Defs>

    <PawnKindDef Name="guy762_HeroPawnKindBase" ParentName="BasePlayerPawnKind" Abstract="True">
        <label>hero</label>
        <defaultFactionType>PlayerColony</defaultFactionType>
		<forceNormalGearQuality>false</forceNormalGearQuality>
		<ignoreFactionApparelStuffRequirements>true</ignoreFactionApparelStuffRequirements>
		<useFactionXenotypes>false</useFactionXenotypes>
		<chemicalAddictionChance>0.00</chemicalAddictionChance>
		<backstoryCryptosleepCommonality>0</backstoryCryptosleepCommonality>
		<initialResistanceRange>13~21</initialResistanceRange>
		<humanPregnancyChance>0</humanPregnancyChance>
		<biocodeWeaponChance>1</biocodeWeaponChance>
		<isFighter>true</isFighter>
		<generateInitialNonFamilyRelations>False</generateInitialNonFamilyRelations>
		<allowOldAgeInjuries>False</allowOldAgeInjuries>
		<requiredWorkTags>
		  <li>Violent</li>
		</requiredWorkTags>
		<inventoryOptions>
		  <skipChance>0.1</skipChance>
		  <subOptionsChooseOne>
			<li  MayRequire ="guy762.KotORGadgets">
			  <thingDef>guy762_medpac_life</thingDef>
			  <countRange>2~4</countRange>
			</li>
			<li>
				<thingDef>KOTOR_SpacerMedKit</thingDef>
				<countRange>1~3</countRange>
			</li>
		  </subOptionsChooseOne>
		</inventoryOptions>
    </PawnKindDef>
	

</Defs>