﻿<?xml version="1.0" encoding="utf-8" ?>
<Defs>

  
  <ResearchProjectDef ParentName="KOTOR_Research_Base">
    <defName>guy762_ResearchKotOR_uncraftable</defName>
    <label>uncraftable weapons</label>
    <description>Hey! You're not supposed to unlock this one!</description>
    <baseCost>99999999</baseCost>
    <techLevel>Ultra</techLevel>
    <heldByFactionCategoryTags>
      <li>Ancient</li>
    </heldByFactionCategoryTags>
	<techprintCount>999</techprintCount>
    <techprintCommonality>0</techprintCommonality>
    <requiredResearchFacilities>
      <li>MultiAnalyzer</li>
    </requiredResearchFacilities>
    <researchViewX>21.00</researchViewX>
    <researchViewY>7.6</researchViewY>
  </ResearchProjectDef>
  
  <ResearchProjectDef ParentName="KOTOR_Research_Base">
    <defName>guy762_ResearchKotOR_teethree</defName>
    <label>T3-M4's equipment</label>
    <description>Craft the personal belongings of T3-M4.</description>
    <baseCost>99999999</baseCost>
    <techLevel>Ultra</techLevel>
	<prerequisites>
	  <li>guy762_ResearchKotOR_uncraftable</li>
    </prerequisites>
    <requiredResearchFacilities>
      <li>MultiAnalyzer</li>
    </requiredResearchFacilities>
    <researchViewX>22.00</researchViewX>
    <researchViewY>6</researchViewY>
  </ResearchProjectDef>
  
  <ResearchProjectDef ParentName="KOTOR_Research_Base">
    <defName>guy762_ResearchKotOR_hkequipment</defName>
    <label>HK-47's equipment</label>
    <description>Craft the personal belongings of HK-47.</description>
    <baseCost>99999999</baseCost>
    <techLevel>Ultra</techLevel>
	<prerequisites>
	  <li>guy762_ResearchKotOR_uncraftable</li>
    </prerequisites>
    <requiredResearchFacilities>
      <li>MultiAnalyzer</li>
    </requiredResearchFacilities>
    <researchViewX>22.00</researchViewX>
    <researchViewY>6.5</researchViewY>
  </ResearchProjectDef>
  
  <ResearchProjectDef ParentName="KOTOR_Research_Base">
    <defName>guy762_ResearchKotOR_revan</defName>
    <label>Revan's equipment</label>
    <description>Craft the personal belongings of the legendary Revan.</description>
    <baseCost>99999999</baseCost>
    <techLevel>Ultra</techLevel>
	<prerequisites>
	  <li>guy762_ResearchKotOR_uncraftable</li>
    </prerequisites>
    <requiredResearchFacilities>
      <li>MultiAnalyzer</li>
    </requiredResearchFacilities>
    <researchViewX>22.00</researchViewX>
    <researchViewY>7</researchViewY>
  </ResearchProjectDef>
  
  <ResearchProjectDef ParentName="KOTOR_Research_Base">
    <defName>guy762_ResearchKotOR_malak</defName>
    <label>Malak's equipment</label>
    <description>Craft the personal belongings of Darth Malak.</description>
    <baseCost>99999999</baseCost>
    <techLevel>Ultra</techLevel>
	<prerequisites>
	  <li>guy762_ResearchKotOR_uncraftable</li>
    </prerequisites>
    <requiredResearchFacilities>
      <li>MultiAnalyzer</li>
    </requiredResearchFacilities>
    <researchViewX>22.00</researchViewX>
    <researchViewY>7.5</researchViewY>
  </ResearchProjectDef>
  
  <ResearchProjectDef ParentName="KOTOR_Research_Base">
    <defName>guy762_ResearchKotOR_sion</defName>
    <label>Sion's equipment</label>
    <description>Craft the personal belongings of Darth Sion.</description>
    <baseCost>99999999</baseCost>
    <techLevel>Ultra</techLevel>
	<prerequisites>
	  <li>guy762_ResearchKotOR_uncraftable</li>
    </prerequisites>
    <requiredResearchFacilities>
      <li>MultiAnalyzer</li>
    </requiredResearchFacilities>
    <researchViewX>22.00</researchViewX>
    <researchViewY>8</researchViewY>
  </ResearchProjectDef>
  
  <ResearchProjectDef ParentName="KOTOR_Research_Base">
    <defName>guy762_ResearchKotOR_nihilus</defName>
    <label>Nihilus' equipment</label>
    <description>Craft the personal belongings of Darth Nihilus.</description>
    <baseCost>99999999</baseCost>
    <techLevel>Ultra</techLevel>
	<prerequisites>
	  <li>guy762_ResearchKotOR_uncraftable</li>
    </prerequisites>
    <requiredResearchFacilities>
      <li>MultiAnalyzer</li>
    </requiredResearchFacilities>
    <researchViewX>22.00</researchViewX>
    <researchViewY>8.5</researchViewY>
  </ResearchProjectDef>
  
  <ResearchProjectDef ParentName="KOTOR_Research_Base">
    <defName>guy762_ResearchKotOR_visas</defName>
    <label>Visas' equipment</label>
    <description>Craft the personal belongings of Visas Marr.</description>
    <baseCost>99999999</baseCost>
    <techLevel>Ultra</techLevel>
	<prerequisites>
	  <li>guy762_ResearchKotOR_uncraftable</li>
    </prerequisites>
    <requiredResearchFacilities>
      <li>MultiAnalyzer</li>
    </requiredResearchFacilities>
    <researchViewX>22.00</researchViewX>
    <researchViewY>9</researchViewY>
  </ResearchProjectDef>
  
  <ResearchProjectDef ParentName="KOTOR_Research_Base">
    <defName>guy762_ResearchKotOR_exile</defName>
    <label>The Exile's equipment</label>
    <description>Craft the personal belongings of the Jedi Exile.</description>
    <baseCost>99999999</baseCost>
    <techLevel>Ultra</techLevel>
	<prerequisites>
	  <li>guy762_ResearchKotOR_uncraftable</li>
    </prerequisites>
    <requiredResearchFacilities>
      <li>MultiAnalyzer</li>
    </requiredResearchFacilities>
    <researchViewX>22.00</researchViewX>
    <researchViewY>9.5</researchViewY>
  </ResearchProjectDef>

</Defs>
