﻿<?xml version="1.0" encoding="utf-8"?>
<loadFolders>
	<v1.4>
		<li>/</li>
		<li>1.4</li>
		<li IfModActive="Roolo.DualWield">1.4/AdditionalMods/DualWield</li>
		<!--li IfModActive="Owlchemist.Tacticowl">1.4/AdditionalMods/Tacticowl</li-->
		<li IfModActive="smartkar.athenaframework">1.4/AdditionalMods/AthenaFramework</li>
		
		<!--li IfModNotActive="jecrell.StarWarsTheForce">1.4/AdditionalMods/_SpawnableSabers</li>
		<li IfModActive="jecrell.StarWarsTheForce">1.4/AdditionalMods/JecsForce</li-->
		
		<li IfModActive="VanillaExpanded.VPsycastsE">1.4/AdditionalMods/VPE</li>
		<li IfModActive="BiomesTeam.BiomesCaverns">1.4/AdditionalMods/BiomesCaverns</li>
		
		<li IfModNotActive="guy762.KotORDroids">1.4/AdditionalMods/_NO_KotORDroids</li>
		<li IfModActive="lee.theforce.psycast">1.4/AdditionalMods/_ForceVPE</li>
	</v1.4>
</loadFolders>