<?xml version="1.0" encoding="utf-8" ?>
<Defs>

	<CultureDef>
		<defName>guy762_culture_sith</defName>
		<label>Brotherhood of the Sith</label>
		<description>The way of the Sith.</description>
		<ideoNameMaker MayRequire="Ludeon.RimWorld.Ideology">guy762_IdeoNameMaker_sith</ideoNameMaker>
		<deityNameMaker MayRequire="Ludeon.RimWorld.Ideology">guy762_DeityNameMaker_sith</deityNameMaker>
		<deityTypeMaker MayRequire="Ludeon.RimWorld.Ideology">guy762_DeityTypeMaker_sith</deityTypeMaker>
		<leaderTitleMaker MayRequire="Ludeon.RimWorld.Ideology">guy762_LeaderTitleMaker_sith</leaderTitleMaker>
		<festivalNameMaker MayRequire="Ludeon.RimWorld.Ideology">NamerFestivalKriminul</festivalNameMaker>
		<allowedPlaceTags>
			<li>OriginSpacer</li>
		</allowedPlaceTags>
		<iconPath>World/SithEmpire</iconPath>
		<iconColor>(0.8, 0.8, 0.8)</iconColor>
		<thingStyleCategories>
		  <li MayRequire="Ludeon.RimWorld.Ideology">
			<category>Morbid</category>
			<priority>2</priority>
		  </li>
		</thingStyleCategories>
		<styleItemTags>
			  <li>
				<tag>Urban</tag>
				<baseWeight>1</baseWeight>
				<weightFactor>1</weightFactor>
			  </li>
			  <li>
				<tag>Punk</tag>
				<baseWeight>1</baseWeight>
				<weightFactor>1</weightFactor>
			  </li>
			  <li>
				<tag>NoBeard</tag>
				<baseWeight>10</baseWeight>
				<weightFactor>1</weightFactor>
			  </li>
			  <li>
				<tag>TattooFaceCannibal</tag>
				<baseWeight>0.5</baseWeight>
				<weightFactor>1</weightFactor>
			  </li>
			  <li>
				<tag>TattooBodyCannibal</tag>
				<baseWeight>0.5</baseWeight>
				<weightFactor>1</weightFactor>
			  </li>
		</styleItemTags>
	</CultureDef>

	<RulePackDef MayRequire="Ludeon.RimWorld.Ideology">
		<defName>guy762_IdeoNameMaker_sith</defName>
		<rulePack>
			<rulesStrings>
				<li>r_ideoName->Brotherhood of the Sith</li>
				<li>r_ideoAdjective->sith</li>
				<li>r_memberName->sith</li>
			</rulesStrings>
		</rulePack>
	</RulePackDef>

	<RulePackDef MayRequire="Ludeon.RimWorld.Ideology">
		<defName>guy762_DeityNameMaker_sith</defName>
		<rulePack>
			<rulesStrings>
				<li>r_deityName->Bogan</li>
			</rulesStrings>
		</rulePack>
	</RulePackDef>

	<RulePackDef MayRequire="Ludeon.RimWorld.Ideology">
		<defName>guy762_DeityTypeMaker_sith</defName>
		<rulePack>
			<rulesStrings>
				<li>r_deityType->force spirit</li>
			</rulesStrings>
		</rulePack>
	</RulePackDef>

	<RulePackDef MayRequire="Ludeon.RimWorld.Ideology">
		<defName>guy762_LeaderTitleMaker_sith</defName>
		<rulePack>
			<rulesStrings>
				<li>r_leaderTitle->dark lord</li>
			</rulesStrings>
		</rulePack>
	</RulePackDef>

</Defs>