<?xml version="1.0" encoding="utf-8" ?>
<Defs>

	<CultureDef>
		<defName>guy762_culture_mando</defName>
		<label>Children of Mandalore</label>
		<description>The dominant religion amongst the scattered tribes and clans of Mandalorians.</description>
		<ideoNameMaker MayRequire="Ludeon.RimWorld.Ideology">guy762_IdeoNameMaker_mando</ideoNameMaker>
		<deityNameMaker MayRequire="Ludeon.RimWorld.Ideology">guy762_DeityNameMaker_mando</deityNameMaker>
		<deityTypeMaker MayRequire="Ludeon.RimWorld.Ideology">guy762_DeityTypeMaker_mando</deityTypeMaker>
		<leaderTitleMaker MayRequire="Ludeon.RimWorld.Ideology">guy762_LeaderTitleMaker_mando</leaderTitleMaker>
		<festivalNameMaker MayRequire="Ludeon.RimWorld.Ideology">NamerFestivalKriminul</festivalNameMaker>
		<allowedPlaceTags>
			<li>OriginSpacer</li>
		</allowedPlaceTags>
		<iconPath>World/ScumAndVillainy</iconPath>
		<iconColor>(0.8, 0.8, 0.8)</iconColor>
		<thingStyleCategories>
		  <li MayRequire="Ludeon.RimWorld.Ideology">
			<category>Spikecore</category>
			<priority>2</priority>
		  </li>
		</thingStyleCategories>
		<styleItemTags>
			  <li>
				<tag>Urban</tag>
				<baseWeight>1</baseWeight>
				<weightFactor>1</weightFactor>
			  </li>
			  <li>
				<tag>Punk</tag>
				<baseWeight>1</baseWeight>
				<weightFactor>1</weightFactor>
			  </li>
			  <li>
				<tag>NoBeard</tag>
				<baseWeight>10</baseWeight>
				<weightFactor>1</weightFactor>
			  </li>
			  <li>
				<tag>BeardPunk</tag>
				<baseWeight>0.1</baseWeight>
				<weightFactor>1</weightFactor>
			  </li>
			  <li>
				<tag>NoTattoo</tag>
				<baseWeight>1</baseWeight>
				<weightFactor>1</weightFactor>
			  </li>
			  <li>
				<tag>TattooFacePunk</tag>
				<baseWeight>0.4</baseWeight>
				<weightFactor>1</weightFactor>
			  </li>
			  <li>
				<tag>TattooBodyPunk</tag>
				<baseWeight>0.4</baseWeight>
				<weightFactor>1</weightFactor>
			  </li>
			<li>
				<tag>BeardUrban</tag>
				<baseWeight>0.2</baseWeight>
				<weightFactor>1</weightFactor>
			</li>
		</styleItemTags>
	</CultureDef>

	<RulePackDef MayRequire="Ludeon.RimWorld.Ideology">
		<defName>guy762_IdeoNameMaker_mando</defName>
		<rulePack>
			<rulesStrings>
				<li>r_ideoName->Children of Mandalore</li>
				<li>r_ideoAdjective->mandalorian</li>
				<li>r_memberName->mandalorian</li>
			</rulesStrings>
		</rulePack>
	</RulePackDef>

	<RulePackDef MayRequire="Ludeon.RimWorld.Ideology">
		<defName>guy762_DeityNameMaker_mando</defName>
		<rulePack>
			<rulesStrings>
				<li>r_deityName->Mandalore</li>
			</rulesStrings>
		</rulePack>
	</RulePackDef>

	<RulePackDef MayRequire="Ludeon.RimWorld.Ideology">
		<defName>guy762_DeityTypeMaker_mando</defName>
		<rulePack>
			<rulesStrings>
				<li>r_deityType->ancient warlord</li>
			</rulesStrings>
		</rulePack>
	</RulePackDef>

	<RulePackDef MayRequire="Ludeon.RimWorld.Ideology">
		<defName>guy762_LeaderTitleMaker_mando</defName>
		<rulePack>
			<rulesStrings>
				<li>r_leaderTitle->Mandalore</li>
			</rulesStrings>
		</rulePack>
	</RulePackDef>

</Defs>