<?xml version="1.0" encoding="utf-8" ?>
<Defs>

	<CultureDef>
		<defName>guy762_culture_trandoshan</defName>
		<label>Scorekeeper's Hunters</label>
		<description>Worshippers of the Trandoshan goddess of the hunt, the Scorekeeper.</description>
		<ideoNameMaker MayRequire="Ludeon.RimWorld.Ideology">guy762_IdeoNameMaker_trandoshan</ideoNameMaker>
		<deityNameMaker MayRequire="Ludeon.RimWorld.Ideology">guy762_DeityNameMaker_trandoshan</deityNameMaker>
		<deityTypeMaker MayRequire="Ludeon.RimWorld.Ideology">guy762_DeityTypeMaker_trandoshan</deityTypeMaker>
		<leaderTitleMaker MayRequire="Ludeon.RimWorld.Ideology">guy762_LeaderTitleMaker_trandoshan</leaderTitleMaker>
		<festivalNameMaker MayRequire="Ludeon.RimWorld.Ideology">NamerFestivalKriminul</festivalNameMaker>
		<allowedPlaceTags>
			<li>OriginSpacer</li>
		</allowedPlaceTags>
		<iconPath>World/Trandoshan</iconPath>
		<iconColor>(0.8, 0.8, 0.8)</iconColor>
		<thingStyleCategories>
		  <li MayRequire="Ludeon.RimWorld.Ideology">
			<category>Spikecore</category>
			<priority>2</priority>
		  </li>
		  <li MayRequire="Ludeon.RimWorld.Ideology">
			<category>Morbid</category>
			<priority>1</priority>
		  </li>
		</thingStyleCategories>
		<styleItemTags>
			  <li>
				<tag>NoBeard</tag>
				<baseWeight>10</baseWeight>
				<weightFactor>1</weightFactor>
			  </li>
			  <li>
				<tag>NoTattoo</tag>
				<baseWeight>10</baseWeight>
				<weightFactor>1</weightFactor>
			  </li>
		</styleItemTags>
	</CultureDef>

	<RulePackDef MayRequire="Ludeon.RimWorld.Ideology">
		<defName>guy762_IdeoNameMaker_trandoshan</defName>
		<rulePack>
			<rulesStrings>
				<li>r_ideoName->Scorekeeper's Hunters</li>
				<li>r_ideoAdjective->Trandoshan</li>
				<li>r_memberName->Scorekeeper's hunter</li>
			</rulesStrings>
		</rulePack>
	</RulePackDef>

	<RulePackDef MayRequire="Ludeon.RimWorld.Ideology">
		<defName>guy762_DeityNameMaker_trandoshan</defName>
		<rulePack>
			<rulesStrings>
				<li>r_deityName->Scorekeeper</li>
			</rulesStrings>
		</rulePack>
	</RulePackDef>

	<RulePackDef MayRequire="Ludeon.RimWorld.Ideology">
		<defName>guy762_DeityTypeMaker_trandoshan</defName>
		<rulePack>
			<rulesStrings>
				<li>r_deityType->goddess of the hunt</li>
			</rulesStrings>
		</rulePack>
	</RulePackDef>

	<RulePackDef MayRequire="Ludeon.RimWorld.Ideology">
		<defName>guy762_LeaderTitleMaker_trandoshan</defName>
		<rulePack>
			<rulesStrings>
				<li>r_leaderTitle->Scorekeeper's Herald</li>
			</rulesStrings>
		</rulePack>
	</RulePackDef>

</Defs>