<?xml version="1.0" encoding="utf-8" ?>
<Defs>
	
	<MemeDef MayRequire="Ludeon.RimWorld.Ideology">
		<defName>guy762_MemeDef_mando</defName>
		<label>Mandalorian</label>
		<description>War is the Mandalorian way of life, nothing is more important than honor and glory on the field of battle.</description>
		<iconPath>World/ScumAndVillainy</iconPath>
		<groupDef>Misc</groupDef>
		<impact>3</impact>
		<renderOrder>762</renderOrder>
		<consumableBuildings>
		  <li>Effigy</li>
		</consumableBuildings>
		<requireOne>
		  <li>
			<li>Raiding_Respected</li>
			<li>Raiding_Required</li>
		  </li>
		  <li>
			<li>Comfort_Ignored</li>
		  </li>
		  <li>
			<li>RoughLiving_Welcomed</li>
		  </li>
		</requireOne>
		<generalRules>
		  <rulesStrings>
			<li>memeAdjective->mandalorian</li>
			<li>memeHyphenPrefix->mando</li>
			<li>memeConcept->raiding</li>
			<li>memeConcept->war</li>
			<li>memeConcept->piracy</li>
			<li>memeConcept->assault</li>
			<li>memeLeaderNoun->field marshal</li>
			<li>memeMoralist->rally master</li>
		  </rulesStrings>
		</generalRules>
		<descriptionMaker>
		  <rules>
			<rulesStrings>
			  <!-- theist myth -->
			  <li>creation(tag=meme_Supremacist)        ->The people of the [place_summary] [place_name] squabbled endlessly, and [deity0_name] became tired of discord and anointed the [memberNamePlural] as the rightful rulers of all.</li>
			  <li>episode(uses=1,tag=meme_Supremacist)  ->The faithful fought the unbelievers, and [deity0_name] said, "Fight them, everywhere, in my name, until I am worshipped throughout the universe and the true peace may finally reign."</li>
			  <!-- theist founder -->
			  <li>intro(tag=meme_Supremacist)           ->The people of the [place_summary] [place_name] worshipped [deity0_name]. [deity0_pronoun] saw that they were suited for [memeConcept], and ordained that these worshippers would rule above all others.</li>
			  <li>conflict(tag=meme_Supremacist)        ->A [foeLeader] passed a law forbidding [memberNamePlural] from rising to the ruling classes of [place_name].</li>
			  <li>founderJoin(tag=meme_Supremacist)     ->A warrior named [founderName] used [place_massWeapon] to destroy a [place_community]. [deity0_name] saw [founderName]'s ruthlessness and anointed [founder_objective] the rightful ruler of all humanity.</li>
			  <li>victory(tag=meme_Supremacist)         ->[founderName] destroyed the capital of [place_name] with [place_massWeapon], killing the [foeLeader]. [founder_pronoun] took [founder_possessive] place as ruler of [place_name] - and the universe beyond.</li>
			  <!-- ideological founder -->
			  <li>setup(tag=meme_Supremacist)           ->[founderName] built an army that spread [founder_possessive] power and glory across the land, placing those who refused to follow rightly under [founder_possessive] rule.</li>
			  <li>story(uses=1,tag=meme_Supremacist)    ->[founderName] instructed all outsiders to submit. When the first city refused, [founder_pronoun] used [place_massWeapon] to kill everyone inside.</li>
			  <!-- ideological lesson -->
			  <li>lessonIntro(tag=meme_Supremacist)         ->I looked at this [foeLeader], with [foeLeader_possessive] pitiful [foeSoldiers], all that power left fallow. I tried to convince [foeLeader_objective] that</li>
			  <li>lesson(tag=meme_Supremacist)              ->we've long since proven that we have the strength to rightfully rule this universe</li>
			  <li>lessonReinforcement(tag=meme_Supremacist) ->That's why we're proud to express the strength of our hearts using the heels of our boots.</li>
			  <!-- archist -->
			  <li>archistBasis(tag=meme_Supremacist)    ->It took the most superior humans to create the archotechs, so that the archotechs could become superior to all.</li>
			  <li>archistFact(tag=meme_Supremacist)     ->The archotechs rightfully look down on us, as we look down on our inferiors.</li>
			  <li>archistProphecy(tag=meme_Supremacist) ->The archotechs will only take us to join them when we finally rule over all others.</li>
			  <!-- animist -->
			  <li>animistFact(tag=meme_Supremacist)     ->Powerful spirits decide who is fit to rule, and lend power to those who subjugate others.</li>
			  <li>animistProphecy(tag=meme_Supremacist) ->[itIsSaid] that a new order will be created when one supreme ruler commands all of humanity.</li>
			</rulesStrings>
		  </rules>
		</descriptionMaker>
		<symbolPacks>
		  <li>
			<ideoName>Raidism</ideoName>
			<theme>raiding</theme>
			<adjective>raidist</adjective>
			<member>raidist</member>
		  </li>
		  <li>
			<ideoName>Warism</ideoName>
			<theme>warring</theme>
			<adjective>war-like</adjective>
			<member>warrior</member>
		  </li>
		</symbolPacks>
		<agreeableTraits>
		  <li>Abrasive</li>
		  <li>Bloodlust</li>
		</agreeableTraits>
	</MemeDef>
	
	<IdeoIconDef>
		<defName>guy762_IdeoIcon_mando</defName>
		<iconPath>World/ScumAndVillainy</iconPath>
		<memes>
		  <li>guy762_MemeDef_mando</li>
		</memes>
	</IdeoIconDef>

    <MemeDef>
		<defName>guy762_MemeDef_sith</defName>
		<label>Sith</label>
		<description>Peace is a lie, there is only passion. Through passion, I gain strength. Through strength, I gain power. Through power, I gain victory. Through victory, my chains are broken. The Force shall free me.</description>
		<iconPath>World/SithEmpire</iconPath>
		<groupDef>Misc</groupDef>
		<impact>3</impact>
		<renderOrder>763</renderOrder>
		<consumableBuildings>
		  <li>Effigy</li>
		</consumableBuildings>
		<requireOne>
		  <li>
			<li>Slavery_Acceptable</li>
			<li>Slavery_Honorable</li>
		  </li>
		  <li>
			<li>Comfort_Ignored</li>
		  </li>
		  <li>
			<li>RoughLiving_Welcomed</li>
		  </li>
		  <li>
			<li>Execution_DontCare</li>
			<li>Execution_RespectedIfGuilty</li>
			<li>Execution_Required</li>
		  </li>
		</requireOne>
		<generalRules>
		  <rulesStrings>
			<li>memeAdjective->sith</li>
			<li>memeHyphenPrefix->dark</li>
			<li>memeConcept->raiding</li>
			<li>memeConcept->war</li>
			<li>memeConcept->piracy</li>
			<li>memeConcept->assault</li>
			<li>memeLeaderNoun->dark lord</li>
			<li>memeMoralist->dark oracle</li>
		  </rulesStrings>
		</generalRules>
		<descriptionMaker>
		  <rules>
			<rulesStrings>
			  <!-- theist myth -->
			  <li>creation(tag=meme_Supremacist)        ->The people of the [place_summary] [place_name] squabbled endlessly, and [deity0_name] became tired of discord and anointed the [memberNamePlural] as the rightful rulers of all.</li>
			  <li>episode(uses=1,tag=meme_Supremacist)  ->The faithful fought the unbelievers, and [deity0_name] said, "Fight them, everywhere, in my name, until I am worshipped throughout the universe and the true peace may finally reign."</li>
			  <!-- theist founder -->
			  <li>intro(tag=meme_Supremacist)           ->The people of the [place_summary] [place_name] worshipped [deity0_name]. [deity0_pronoun] saw that they were suited for [memeConcept], and ordained that these worshippers would rule above all others.</li>
			  <li>conflict(tag=meme_Supremacist)        ->A [foeLeader] passed a law forbidding [memberNamePlural] from rising to the ruling classes of [place_name].</li>
			  <li>founderJoin(tag=meme_Supremacist)     ->A warrior named [founderName] used [place_massWeapon] to destroy a [place_community]. [deity0_name] saw [founderName]'s ruthlessness and anointed [founder_objective] the rightful ruler of all humanity.</li>
			  <li>victory(tag=meme_Supremacist)         ->[founderName] destroyed the capital of [place_name] with [place_massWeapon], killing the [foeLeader]. [founder_pronoun] took [founder_possessive] place as ruler of [place_name] - and the universe beyond.</li>
			  <!-- ideological founder -->
			  <li>setup(tag=meme_Supremacist)           ->[founderName] built an army that spread [founder_possessive] power and glory across the land, placing those who refused to follow rightly under [founder_possessive] rule.</li>
			  <li>story(uses=1,tag=meme_Supremacist)    ->[founderName] instructed all outsiders to submit. When the first city refused, [founder_pronoun] used [place_massWeapon] to kill everyone inside.</li>
			  <!-- ideological lesson -->
			  <li>lessonIntro(tag=meme_Supremacist)         ->I looked at this [foeLeader], with [foeLeader_possessive] pitiful [foeSoldiers], all that power left fallow. I tried to convince [foeLeader_objective] that</li>
			  <li>lesson(tag=meme_Supremacist)              ->we've long since proven that we have the strength to rightfully rule this universe</li>
			  <li>lessonReinforcement(tag=meme_Supremacist) ->That's why we're proud to express the strength of our hearts using the heels of our boots.</li>
			  <!-- archist -->
			  <li>archistBasis(tag=meme_Supremacist)    ->It took the most superior humans to create the archotechs, so that the archotechs could become superior to all.</li>
			  <li>archistFact(tag=meme_Supremacist)     ->The archotechs rightfully look down on us, as we look down on our inferiors.</li>
			  <li>archistProphecy(tag=meme_Supremacist) ->The archotechs will only take us to join them when we finally rule over all others.</li>
			  <!-- animist -->
			  <li>animistFact(tag=meme_Supremacist)     ->Powerful spirits decide who is fit to rule, and lend power to those who subjugate others.</li>
			  <li>animistProphecy(tag=meme_Supremacist) ->[itIsSaid] that a new order will be created when one supreme ruler commands all of humanity.</li>
			</rulesStrings>
		  </rules>
		</descriptionMaker>
		<ritualsToMake>1</ritualsToMake>
		<replaceRitualsWithTags><li>CelebratedDate</li></replaceRitualsWithTags>
		<replacementPatterns><li>SacrificePrisoner</li></replacementPatterns>
		<symbolPacks>
		  <li>
			<ideoName>Raidism</ideoName>
			<theme>raiding</theme>
			<adjective>raidist</adjective>
			<member>raidist</member>
		  </li>
		  <li>
			<ideoName>Warism</ideoName>
			<theme>warring</theme>
			<adjective>war-like</adjective>
			<member>warrior</member>
		  </li>
		  <li>
			<theme>dominance</theme>
			<adjective>dominant</adjective>
			<member>dominator</member>
		  </li>
		  <li>
			<theme>victory</theme>
			<adjective>victoryist</adjective>
			<member>victorist</member>
		  </li>
		  <li>
			<theme>power</theme>
			<adjective>powerist</adjective>
			<member>poweror</member>
		  </li>
		</symbolPacks>
		<agreeableTraits>
		  <li>Abrasive</li>
		  <li>Bloodlust</li>
		  <li>Psychopath</li>
		  <li>Greedy</li>
		  <li>Jealous</li>
		</agreeableTraits>
		<disagreeableTraits>
		  <li>Kind</li>
		</disagreeableTraits>
	</MemeDef>
	
	<IdeoIconDef>
		<defName>guy762_IdeoIcon_sithA</defName>
		<iconPath>World/ExarSith</iconPath>
		<memes>
		  <li>guy762_MemeDef_sith</li>
		</memes>
	</IdeoIconDef>
	
	<IdeoIconDef>
		<defName>guy762_IdeoIcon_sithB</defName>
		<iconPath>World/SithEmpire</iconPath>
		<memes>
		  <li>guy762_MemeDef_sith</li>
		</memes>
	</IdeoIconDef>
	
	<IdeoIconDef>
		<defName>guy762_IdeoIcon_sithC</defName>
		<iconPath>World/RevanSith</iconPath>
		<memes>
		  <li>guy762_MemeDef_sith</li>
		</memes>
	</IdeoIconDef>
  
  


</Defs>