<?xml version="1.0" encoding="utf-8" ?>
<Defs>

	
			<!--color crystals-->
	
	
	
	<ThingDef ParentName="guy762_crystalbase">
		<defName>guy762_crystalitem_purple</defName>
		<label>Crystal, Violet</label>
		<description>A faceted crystal used in the constructing of a lightsaber. It glows faintly with an inner violet light.</description>
		<graphicData>
		  <texPath>Items/Upgrades/Lightsaber/crystal_2</texPath>
		  <graphicClass>Graphic_Single</graphicClass>
		  <shaderType>TransparentPostLight</shaderType>
		  <color>(100,50,145)</color>
		</graphicData>
		<statBases>
		  <MarketValue>230</MarketValue>
		  <Mass>0.2</Mass>
		</statBases>
		<stackLimit>10</stackLimit><drawGUIOverlay>true</drawGUIOverlay>
		<tradeTags>
		  <li>guy762TT_sabermod_basic</li>
		</tradeTags>
	</ThingDef>
	
	<ThingDef ParentName="guy762_crystalbase">
		<defName>guy762_crystalitem_blue</defName>
		<label>Crystal, Blue</label>
		<description>A faceted crystal used in the constructing of a lightsaber. It glows faintly with an inner blue light.</description>
		<graphicData>
		  <texPath>Items/Upgrades/Lightsaber/crystal_1</texPath>
		  <graphicClass>Graphic_Single</graphicClass>
		  <shaderType>TransparentPostLight</shaderType>
		  <color>(25,65,190)</color>
		</graphicData>
		<statBases>
		  <MarketValue>230</MarketValue>
		  <Mass>0.2</Mass>
		</statBases>
		<stackLimit>10</stackLimit><drawGUIOverlay>true</drawGUIOverlay>
		<tradeTags>
		  <li>guy762TT_sabermod_basic</li>
		</tradeTags>
	</ThingDef>
	
	<ThingDef ParentName="guy762_crystalbase">
		<defName>guy762_crystalitem_green</defName>
		<label>Crystal, Green</label>
		<description>A faceted crystal used in the constructing of a lightsaber. It glows faintly with an inner green light.</description>
		<graphicData>
		  <texPath>Items/Upgrades/Lightsaber/crystal_wateringcan</texPath>
		  <graphicClass>Graphic_Single</graphicClass>
		  <shaderType>TransparentPostLight</shaderType>
		  <color>(130,230,160)</color>
		</graphicData>
		<statBases>
		  <MarketValue>230</MarketValue>
		  <Mass>0.2</Mass>
		</statBases>
		<stackLimit>10</stackLimit><drawGUIOverlay>true</drawGUIOverlay>
		<tradeTags>
		  <li>guy762TT_sabermod_basic</li>
		</tradeTags>
	</ThingDef>
	
	<ThingDef ParentName="guy762_crystalbase">
		<defName>guy762_crystalitem_yellow</defName>
		<label>Crystal, Yellow</label>
		<description>A faceted crystal used in the constructing of a lightsaber. It glows faintly with an inner yellow light.</description>
		<graphicData>
		  <texPath>Items/Upgrades/Lightsaber/crystal_4</texPath>
		  <graphicClass>Graphic_Single</graphicClass>
		  <shaderType>TransparentPostLight</shaderType>
		  <color>(190,160,65)</color>
		</graphicData>
		<statBases>
		  <MarketValue>230</MarketValue>
		  <Mass>0.2</Mass>
		</statBases>
		<stackLimit>10</stackLimit><drawGUIOverlay>true</drawGUIOverlay>
		<tradeTags>
		  <li>guy762TT_sabermod_basic</li>
		</tradeTags>
	</ThingDef>
	
	<ThingDef ParentName="guy762_crystalbase">
		<defName>guy762_crystalitem_orange</defName>
		<label>Crystal, Orange</label>
		<description>A faceted crystal used in the constructing of a lightsaber. It glows faintly with an inner orange light.</description>
		<graphicData>
		  <texPath>Items/Upgrades/Lightsaber/crystal_6</texPath>
		  <graphicClass>Graphic_Single</graphicClass>
		  <shaderType>TransparentPostLight</shaderType>
		  <color>(230,155,75)</color>
		</graphicData>
		<statBases>
		  <MarketValue>230</MarketValue>
		  <Mass>0.2</Mass>
		</statBases>
		<stackLimit>10</stackLimit><drawGUIOverlay>true</drawGUIOverlay>
		<tradeTags>
		  <li>guy762TT_sabermod_basic</li>
		</tradeTags>
	</ThingDef>
	
	<ThingDef ParentName="guy762_crystalbase">
		<defName>guy762_crystalitem_red</defName>
		<label>Crystal, Red</label>
		<description>A faceted crystal used in the constructing of a lightsaber. It glows faintly with an inner red light.</description>
		<graphicData>
		  <texPath>Items/Upgrades/Lightsaber/crystal_3</texPath>
		  <graphicClass>Graphic_Single</graphicClass>
		  <shaderType>TransparentPostLight</shaderType>
		  <color>(200,65,90)</color>
		</graphicData>
		<statBases>
		  <MarketValue>230</MarketValue>
		  <Mass>0.2</Mass>
		</statBases>
		<stackLimit>10</stackLimit><drawGUIOverlay>true</drawGUIOverlay>
		<tradeTags>
		  <li>guy762TT_sabermod_basic</li>
		</tradeTags>
	</ThingDef>
	
	<ThingDef ParentName="guy762_crystalbase">
		<defName>guy762_crystalitem_white</defName>
		<label>Crystal, Silver</label>
		<description>A faceted crystal used in the constructing of a lightsaber. It glows faintly with an inner silver light.</description>
		<graphicData>
		  <texPath>Items/Upgrades/Lightsaber/crystal_5</texPath>
		  <graphicClass>Graphic_Single</graphicClass>
		  <shaderType>TransparentPostLight</shaderType>
		  <color>(235,235,255)</color>
		</graphicData>
		<statBases>
		  <MarketValue>460</MarketValue>
		  <Mass>0.2</Mass>
		</statBases>
		<stackLimit>10</stackLimit><drawGUIOverlay>true</drawGUIOverlay>
		<tradeTags>
		  <li>guy762TT_sabermod_adv</li>
		</tradeTags>
	</ThingDef>
	
	
	
	
	<ThingDef ParentName="guy762_crystalbase">
		<defName>guy762_crystalitem_viridian</defName>
		<label>Crystal, Viridian</label>
		<description>A faceted crystal used in the constructing of a lightsaber. It glows faintly with a silvery green light.</description>
		<graphicData>
		  <texPath>Items/Upgrades/Lightsaber/crystal_7</texPath>
		  <graphicClass>Graphic_Single</graphicClass>
		  <shaderType>TransparentPostLight</shaderType>
		  <color>(160,230,195)</color>
		</graphicData>
		<statBases>
		  <MarketValue>460</MarketValue>
		  <Mass>0.2</Mass>
		</statBases>
		<stackLimit>10</stackLimit><drawGUIOverlay>true</drawGUIOverlay>
		<tradeTags>
		  <li>guy762TT_sabermod_adv</li>
		</tradeTags>
	</ThingDef>
	
	<ThingDef ParentName="guy762_crystalbase">
		<defName>guy762_crystalitem_cyan</defName>
		<label>Crystal, Cyan</label>
		<description>A faceted crystal used in the constructing of a lightsaber. It glows faintly with an inner cyan light.</description>
		<graphicData>
		  <texPath>Items/Upgrades/Lightsaber/crystal_9</texPath>
		  <graphicClass>Graphic_Single</graphicClass>
		  <shaderType>TransparentPostLight</shaderType>
		  <color>(125,215,245)</color>
		</graphicData>
		<statBases>
		  <MarketValue>460</MarketValue>
		  <Mass>0.2</Mass>
		</statBases>
		<stackLimit>10</stackLimit><drawGUIOverlay>true</drawGUIOverlay>
		<tradeTags>
		  <li>guy762TT_sabermod_adv</li>
		</tradeTags>
	</ThingDef>
	
	<ThingDef ParentName="guy762_crystalbase">
		<defName>guy762_crystalitem_bronze</defName>
		<label>Crystal, Bronze</label>
		<description>A faceted crystal used in the constructing of a lightsaber. Yellowish-brown in color, the same sort of crystal is sometimes used in high resolution displays.</description>
		<graphicData>
		  <texPath>Items/Upgrades/Lightsaber/crystal_14</texPath>
		  <graphicClass>Graphic_Single</graphicClass>
		  <shaderType>TransparentPostLight</shaderType>
		  <color>(255,200,120)</color>
		</graphicData>
		<statBases>
		  <MarketValue>460</MarketValue>
		  <Mass>0.2</Mass>
		</statBases>
		<stackLimit>10</stackLimit><drawGUIOverlay>true</drawGUIOverlay>
		<tradeTags>
		  <li>guy762TT_sabermod_adv</li>
		</tradeTags>
	</ThingDef>
	
	<ThingDef ParentName="guy762_crystalbase">
		<defName>guy762_crystalitem_fuchsia</defName>
		<label>Crystal, Fuchsia</label>
		<description>A faceted crystal used in the constructing of a lightsaber. It glows faintly with an inner fuchsia light.</description>
		<graphicData>
		  <texPath>Items/Upgrades/Lightsaber/crystal_1</texPath>
		  <graphicClass>Graphic_Single</graphicClass>
		  <shaderType>TransparentPostLight</shaderType>
		  <color>(255,150,210)</color>
		</graphicData>
		<statBases>
		  <MarketValue>920</MarketValue>
		  <Mass>0.2</Mass>
		</statBases>
		<stackLimit>10</stackLimit><drawGUIOverlay>true</drawGUIOverlay>
		<tradeTags>
		  <li>guy762TT_sabermod_rare</li>
		</tradeTags>
	</ThingDef>
	
	<ThingDef ParentName="guy762_crystalbase">
		<defName>guy762_crystalitem_turquoise</defName>
		<label>Crystal, Turquoise</label>
		<description>A faceted crystal used in the constructing of a lightsaber. These rare turquoise gems are only found underneath the Hrakert Rift on Manaan, and are believed to be a kind of crystallized Kolto formed from immense aquatic pressure.</description>
		<graphicData>
		  <texPath>Items/Upgrades/Lightsaber/crystal_gem</texPath>
		  <graphicClass>Graphic_Single</graphicClass>
		  <shaderType>TransparentPostLight</shaderType>
		  <color>(125,255,230)</color>
		</graphicData>
		<statBases>
		  <MarketValue>920</MarketValue>
		  <Mass>0.2</Mass>
		</statBases>
		<stackLimit>10</stackLimit><drawGUIOverlay>true</drawGUIOverlay>
		<tradeTags>
		  <li>guy762TT_sabermod_rare</li>
		</tradeTags>
	</ThingDef>
	
	
	
	
	
	
	
	
	<ThingDef ParentName="guy762_crystalbase">
		<defName>guy762_crystalitem_cracked</defName>
		<label>fractured Kyber crystal</label>
		<description>This red-hued color crystal is fractured in several places. Most Kyber crystals have difficulty producing a blade with even the slightest imperfection, yet curiously, this one works. It radiates with a dark energy, and the blade which it produces is unstable and difficult to wield. It glows a much deeper shade of red than those commonly used by dark-siders.</description>
		<graphicData>
		  <texPath>Items/Upgrades/Lightsaber/crystal_16</texPath>
		  <graphicClass>Graphic_Single</graphicClass>
		  <shaderType>TransparentPostLight</shaderType>
		  <color>(220,35,35)</color>
		</graphicData>
		<statBases>
		  <MarketValue>15000</MarketValue>
		  <Mass>0.4</Mass>
		</statBases>
		<tradeTags>
		  <li>guy762TT_KotORLegendary</li>
		</tradeTags>
	</ThingDef>
	
	<!--ThingDef ParentName="guy762_crystalbase">
		<defName>guy762_crystalitem_beskar</defName>
		<label>Pride of Mandalore</label>
		<description>A piece of crystallized Beskar ore discovered by the great Tarre Vizsla several centuries ago. It produces a unique "dark" colored blade when used as a lightsaber's primary color crystal.</description>
		<graphicData>
		  <texPath>Items/Upgrades/Lightsaber/crystal_17</texPath>
		  <graphicClass>Graphic_Single</graphicClass>
		  <shaderType>TransparentPostLight</shaderType>            MOVED TO THE CORE MOD
		  <color>(235,245,255)</color>
		</graphicData>
		<statBases>
		  <MarketValue>30000</MarketValue>
		  <Mass>0.4</Mass>
		</statBases>
		<tradeTags>
		  <li>guy762TT_KotORLegendary</li>
		</tradeTags>
	</ThingDef-->
	
	<ThingDef ParentName="guy762_crystalbase">
		<defName>guy762_crystalitem_mantle</defName>
		<label>Mantle of the Force</label>
		<description>The Mantle of the Force is an item assembled by Suvam Tan from pieces found in the ruins of Exar Kun's temples on the fourth moon orbiting Yavin. It appears to be the remains of an even older artifact of unknown origin. It is not known if it was used by Exar Kun, or just uncovered when his temples were destroyed. Nor is it known what the original properties of the item were, but given the current abilities, in its original state it must have been fearsome indeed.\n\nThe Mantle is a crystalline lattice, resembling a lightsaber crystal in many ways, but having the additional property of being able to radically alter the flow of energy that passes through it. Additionally, the Mantle seems to almost act as a focusing tool for Force-sensitive individuals, leading to the idea that the original artifact may once have been a powerful tool of the Sith, or perhaps something they took with them when the dark Jedi originally split from the Order.</description>
		<graphicData>
		  <texPath>Items/Upgrades/Lightsaber/crystal_mantle</texPath>
		  <graphicClass>Graphic_Single</graphicClass>
		  <shaderType>TransparentPostLight</shaderType>
		  <color>(125,215,245)</color>
		</graphicData>
		<statBases>
		  <MarketValue>25000</MarketValue>
		  <Mass>0.4</Mass>
		</statBases>
		<tradeTags>
		  <li>guy762TT_KotORLegendary</li>
		</tradeTags>
	</ThingDef>
	
	<ThingDef ParentName="guy762_crystalbase">
		<defName>guy762_crystalitem_heart</defName>
		<label>Heart of the Guardian</label>
		<description>Though its origins have been lost, the legendary artifact known as the Heart of the Guardian was rumored to have been instrumental in the founding of the guardian order of Jedi. Nothing further is mentioned in any Jedi archive, but both Sith and Jedi whisper their own legends. According to the Jedi, the Heart will appear in a time of greatest turmoil and deliver the galaxy into salvation. The Sith, however, believe it to be an object of their heritage, which will bring the galaxy under their dominion.\n\nThe Heart of the Guardian appears to be a magnificently shaped lightsaber crystal of unknown composition. Analysis by Suvam Tan has yielded inconclusive results, not being able to identify what mineral it's made of. Suvam has even begun to wonder if it is a normal crystal at all, for at times it almost seems as if it were alive.</description>
		<graphicData>
		  <texPath>Items/Upgrades/Lightsaber/crystal_heart</texPath>
		  <graphicClass>Graphic_Single</graphicClass>
		  <shaderType>TransparentPostLight</shaderType>
		  <color>(255,215,120)</color>
		</graphicData>
		<statBases>
		  <MarketValue>20000</MarketValue>
		  <Mass>0.4</Mass>
		</statBases>
		<tradeTags>
		  <li>guy762TT_KotORLegendary</li>
		</tradeTags>
	</ThingDef>
	
	
	
	
			<!--focusing crystals-->
	
	
	
	<ThingDef ParentName="guy762_crystalbase">
		<defName>guy762_crystalitem_adegan</defName>
		<label>Crystal, Adegan</label>
		<description>Adegan crystals, also called Ilum crystals, are one of the most common lightsaber focusing crystals.</description>
		<graphicData>
		  <texPath>Items/Upgrades/Lightsaber/crystal_8</texPath>
		  <graphicClass>Graphic_Single</graphicClass>
		  <shaderType>TransparentPostLight</shaderType>
		  <color>(85,225,240)</color>
		</graphicData>
		<statBases>
		  <MarketValue>1029</MarketValue>
		  <Mass>0.2</Mass>
		</statBases>
		<tradeTags>
		  <li>guy762TT_sabermod_basic</li>
		</tradeTags>
	</ThingDef>
	
	<ThingDef ParentName="guy762_crystalbase">
		<defName>guy762_crystalitem_rubat</defName>
		<label>Crystal, Rubat</label>
		<description>Used in lightsaber construction, rubat crystal is mined on Phemis. It produces a clearly defined blade that a Jedi can easily focus on.</description>
		<graphicData>
		  <texPath>Items/Upgrades/Lightsaber/crystal_9</texPath>
		  <graphicClass>Graphic_Single</graphicClass>
		  <shaderType>TransparentPostLight</shaderType>
		  <color>(200,185,130)</color>
		</graphicData>
		<statBases>
		  <MarketValue>980</MarketValue>
		  <Mass>0.2</Mass>
		</statBases>
		<tradeTags>
		  <li>guy762TT_sabermod_basic</li>
		</tradeTags>
	</ThingDef>
	
	<ThingDef ParentName="guy762_crystalbase">
		<defName>guy762_crystalitem_ruusan</defName>
		<label>Crystal, Ruusan</label>
		<description>Ruusan crystals come from the Mid Rim planet of the same name. While not directly affecting a lightsaber's effectiveness, they aid a Jedi in focusing the Force.</description>
		<graphicData>
		  <texPath>Items/Upgrades/Lightsaber/crystal_10</texPath>
		  <graphicClass>Graphic_Single</graphicClass>
		  <shaderType>TransparentPostLight</shaderType>
		  <color>(255,205,190)</color>
		</graphicData>
		<statBases>
		  <MarketValue>980</MarketValue>
		  <Mass>0.2</Mass>
		</statBases>
		<tradeTags>
		  <li>guy762TT_sabermod_basic</li>
		</tradeTags>
	</ThingDef>
	
	<ThingDef ParentName="guy762_crystalbase">
		<defName>guy762_crystalitem_velmorite</defName>
		<label>Crystal, Velmorite</label>
		<description>Found only on the planet Velmor, these crystals produce a very fine beam that is easy to wield skillfully.</description>
		<graphicData>
		  <texPath>Items/Upgrades/Lightsaber/crystal_3</texPath>
		  <graphicClass>Graphic_Single</graphicClass>
		  <shaderType>TransparentPostLight</shaderType>
		  <color>(210,200,105)</color>
		</graphicData>
		<statBases>
		  <MarketValue>1200</MarketValue>
		  <Mass>0.2</Mass>
		</statBases>
		<tradeTags>
		  <li>guy762TT_sabermod_basic</li>
		</tradeTags>
	</ThingDef>
	
	
	
	
	<ThingDef ParentName="guy762_crystalbase">
		<defName>guy762_crystalitem_sigil</defName>
		<label>Crystal, Sigil</label>
		<description>Mined in the Sigil System, this crystal is a costly but valued addition to a lightsaber. It produces a fiercely bright beam that sears on contact, inflicting great damage.</description>
		<graphicData>
		  <texPath>Items/Upgrades/Lightsaber/crystal_7</texPath>
		  <graphicClass>Graphic_Single</graphicClass>
		  <shaderType>TransparentPostLight</shaderType>
		  <color>(195,165,150)</color>
		</graphicData>
		<statBases>
		  <MarketValue>2980</MarketValue>
		  <Mass>0.2</Mass>
		</statBases>
		<tradeTags>
		  <li>guy762TT_sabermod_adv</li>
		</tradeTags>
	</ThingDef>
	
	<ThingDef ParentName="guy762_crystalbase">
		<defName>guy762_crystalitem_nextor</defName>
		<label>Crystal, Nextor</label>
		<description>This crystal is mined in the mountains of planet M'haeli, and when used in lightsaber construction it produces a volatile blade that can cause surprising amounts of damage.</description>
		<graphicData>
		  <texPath>Items/Upgrades/Lightsaber/crystal_15</texPath>
		  <graphicClass>Graphic_Single</graphicClass>
		  <shaderType>TransparentPostLight</shaderType>
		  <color>(150,195,205)</color>
		</graphicData>
		<statBases>
		  <MarketValue>3980</MarketValue>
		  <Mass>0.2</Mass>
		</statBases>
		<tradeTags>
		  <li>guy762TT_sabermod_adv</li>
		</tradeTags>
	</ThingDef>
	
	<ThingDef ParentName="guy762_crystalbase">
		<defName>guy762_crystalitem_eralam</defName>
		<label>Crystal, Eralam</label>
		<description>Once mined on the third moon of Erai, ancient Sith bombardment shattered much that remained. If they can be found, these crystals produce a clear, superior lightsaber beam.</description>
		<graphicData>
		  <texPath>Items/Upgrades/Lightsaber/crystal_8</texPath>
		  <graphicClass>Graphic_Single</graphicClass>
		  <shaderType>TransparentPostLight</shaderType>
		  <color>(255,255,255)</color>
		</graphicData>
		<statBases>
		  <MarketValue>1300</MarketValue>
		  <Mass>0.2</Mass>
		</statBases>
		<tradeTags>
		  <li>guy762TT_sabermod_adv</li>
		</tradeTags>
	</ThingDef>
	
	<ThingDef ParentName="guy762_crystalbase">
		<defName>guy762_crystalitem_kasha</defName>
		<label>Crystal, Kasha</label>
		<description>This crystal is traditionally used by the Cereans as a meditation tool. When used as a lightsaber crystal, it helps clear the wielder's mind of distractions, even during tense combat.</description>
		<graphicData>
		  <texPath>Items/Upgrades/Lightsaber/crystal_4</texPath>
		  <graphicClass>Graphic_Single</graphicClass>
		  <shaderType>TransparentPostLight</shaderType>
		  <color>(235,255,255)</color>
		</graphicData>
		<statBases>
		  <MarketValue>1372</MarketValue>
		  <Mass>0.2</Mass>
		</statBases>
		<tradeTags>
		  <li>guy762TT_sabermod_adv</li>
		</tradeTags>
	</ThingDef>
	
	<ThingDef ParentName="guy762_crystalbase">
		<defName>guy762_crystalitem_damind</defName>
		<label>Crystal, Damind</label>
		<description>Found on the desert world of Daminia, this crystal can be used in lightsaber construction to produce a clearly defined beam of subtly wider width and length.</description>
		<graphicData>
		  <texPath>Items/Upgrades/Lightsaber/crystal_12</texPath>
		  <graphicClass>Graphic_Single</graphicClass>
		  <shaderType>TransparentPostLight</shaderType>
		  <color>(255,165,210)</color>
		</graphicData>
		<statBases>
		  <MarketValue>1980</MarketValue>
		  <Mass>0.2</Mass>
		</statBases>
		<tradeTags>
		  <li>guy762TT_sabermod_adv</li>
		</tradeTags>
	</ThingDef>
	
	
	
	
	
	<ThingDef ParentName="guy762_crystalbase">
		<defName>guy762_crystalitem_sapith</defName>
		<label>Crystal, Sapith</label>
		<description>This crystallized material was excreted once every 11 years by the ancient Volice worm of Lwhekk, now extinct. It produces a more intense lightsaber beam, granting better control.</description>
		<graphicData>
		  <texPath>Items/Upgrades/Lightsaber/crystal_11</texPath>
		  <graphicClass>Graphic_Single</graphicClass>
		  <shaderType>TransparentPostLight</shaderType>
		  <color>(185,220,175)</color>
		</graphicData>
		<statBases>
		  <MarketValue>3980</MarketValue>
		  <Mass>0.2</Mass>
		</statBases>
		<tradeTags>
		  <li>guy762TT_sabermod_rare</li>
		</tradeTags>
	</ThingDef>
	
	<ThingDef ParentName="guy762_crystalbase">
		<defName>guy762_crystalitem_opila</defName>
		<label>Crystal, Opila</label>
		<description>Found in the asteroid fields of the Fyrth system, this crystal can be used in lightsaber construction to produce an intense beam that seems extraordinarily quick to the cut.</description>
		<graphicData>
		  <texPath>Items/Upgrades/Lightsaber/crystal_6</texPath>
		  <graphicClass>Graphic_Single</graphicClass>
		  <shaderType>TransparentPostLight</shaderType>
		  <color>(125,135,190)</color>
		</graphicData>
		<statBases>
		  <MarketValue>2980</MarketValue>
		  <Mass>0.2</Mass>
		</statBases>
		<tradeTags>
		  <li>guy762TT_sabermod_rare</li>
		</tradeTags>
	</ThingDef>
	
	<ThingDef ParentName="guy762_crystalbase">
		<defName>guy762_crystalitem_upari</defName>
		<label>Crystal, Upari</label>
		<description>Strangely, this crystal is usually encountered scattered in the orbit of primarily forest worlds. It is brittle but versatile, and a Master Jedi can get it to produce many effects.</description>
		<graphicData>
		  <texPath>Items/Upgrades/Lightsaber/crystal_14</texPath>
		  <graphicClass>Graphic_Single</graphicClass>
		  <shaderType>TransparentPostLight</shaderType>
		  <color>(145,255,255)</color>
		</graphicData>
		<statBases>
		  <MarketValue>4731</MarketValue>
		  <Mass>0.2</Mass>
		</statBases>
		<tradeTags>
		  <li>guy762TT_sabermod_rare</li>
		</tradeTags>
	</ThingDef>
	
	<ThingDef ParentName="guy762_crystalbase">
		<defName>guy762_crystalitem_lorrdian</defName>
		<label>Lorrdian Gemstone</label>
		<description>During their subjugation, the Lorrdians were banned from speaking to each other and thus learned to use subtle gestures and ticks to communicate. The few Force-Adepts found after the Jedi freed the population of slaves has imprinted these gemstones with the Force to enhance the ability to read an opponent.</description>
		<graphicData>
		  <texPath>Items/Upgrades/Lightsaber/crystal_10</texPath>
		  <graphicClass>Graphic_Single</graphicClass>
		  <shaderType>TransparentPostLight</shaderType>
		  <color>(255,150,210)</color>
		</graphicData>
		<statBases>
		  <MarketValue>4750</MarketValue>
		  <Mass>0.2</Mass>
		</statBases>
		<tradeTags>
		  <li>guy762TT_sabermod_rare</li>
		</tradeTags>
	</ThingDef>
	
	
	
	
	
	<ThingDef ParentName="guy762_crystalbase">
		<defName>guy762_crystalitem_ankarres</defName>
		<label>Ankarres Sapphire</label>
		<description>This crystal possesses legendary healing powers and numerous other effects. It is one of the most potent crystals that can be used in lightsaber creation.</description>
		<graphicData>
		  <texPath>Items/Upgrades/Lightsaber/crystal_gem</texPath>
		  <graphicClass>Graphic_Single</graphicClass>
		  <shaderType>TransparentPostLight</shaderType>
		  <color>(130,125,255)</color>
		</graphicData>
		<statBases>
		  <MarketValue>5000</MarketValue>
		  <Mass>0.2</Mass>
		</statBases>
		<tradeTags>
		  <li>guy762TT_KotORLegendary</li>
		</tradeTags>
	</ThingDef>
	
	<ThingDef ParentName="guy762_crystalbase">
		<defName>guy762_crystalitem_kaiburr</defName>
		<label>Crystal, Kaiburr</label>
		<description>Perhaps the most powerful crystal that can be used in a lightsaber, the Kaiburr gem bestows insight and fortitude upon its owner.</description>
		<graphicData>
		  <texPath>Items/Upgrades/Lightsaber/crystal_gem</texPath>
		  <graphicClass>Graphic_Single</graphicClass>
		  <shaderType>TransparentPostLight</shaderType>
		  <color>(255,20,70)</color>
		</graphicData>
		<statBases>
		  <MarketValue>5000</MarketValue>
		  <Mass>0.2</Mass>
		</statBases>
		<tradeTags>
		 <li>guy762TT_KotORLegendary</li>
		</tradeTags>
	</ThingDef>
	
	
	
	
			<!--power crystals-->
	
	
	
	<ThingDef ParentName="guy762_crystalbase">
		<defName>guy762_crystalitem_dragite</defName>
		<label>Crystal, Dragite</label>
		<description>Dragite crystals are found on M'haeli, in the D'olop mountain range. The beam they create resonates loudly when it strikes, inflicting a minor amount of sonic damage.</description>
		<graphicData>
		  <texPath>Items/Upgrades/Lightsaber/crystal_13</texPath>
		  <graphicClass>Graphic_Single</graphicClass>
		  <shaderType>TransparentPostLight</shaderType>
		  <color>(215,160,100)</color>
		</graphicData>
		<statBases>
		  <MarketValue>980</MarketValue>
		  <Mass>0.4</Mass>
		</statBases>
		<tradeTags>
		  <li>guy762TT_sabermod_basic</li>
		</tradeTags>
	</ThingDef>
	
	<ThingDef ParentName="guy762_crystalbase">
		<defName>guy762_crystalitem_jenurax</defName>
		<label>Crystal, Jenurax</label>
		<description>The refined form of Opila, this crystal has been cleansed of all impurities. When used in lightsaber construction it produces a blade of unerring quickness.</description>
		<graphicData>
		  <texPath>Items/Upgrades/Lightsaber/crystal_18</texPath>
		  <graphicClass>Graphic_Single</graphicClass>
		  <shaderType>TransparentPostLight</shaderType>
		  <color>(190,180,135)</color>
		</graphicData>
		<statBases>
		  <MarketValue>980</MarketValue>
		  <Mass>0.4</Mass>
		</statBases>
		<tradeTags>
		  <li>guy762TT_sabermod_basic</li>
		</tradeTags>
	</ThingDef>
	
	<ThingDef ParentName="guy762_crystalbase">
		<defName>guy762_crystalitem_luxum</defName>
		<label>Crystal, Luxum</label>
		<description>Ambria was a world in the grip of the dark side. Through years of mental battle, strange Jedi Master Thon contained the evil to Lake Natth. Long meditation can form this powerful crystal from the tainted water.</description>
		<graphicData>
		  <texPath>Items/Upgrades/Lightsaber/crystal_13</texPath>
		  <graphicClass>Graphic_Single</graphicClass>
		  <shaderType>TransparentPostLight</shaderType>
		  <color>(150,180,215)</color>
		</graphicData>
		<statBases>
		  <MarketValue>1500</MarketValue>
		  <Mass>0.4</Mass>
		</statBases>
		<tradeTags>
		  <li>guy762TT_sabermod_basic</li>
		</tradeTags>
	</ThingDef>
	
	<ThingDef ParentName="guy762_crystalbase">
		<defName>guy762_crystalitem_phond</defName>
		<label>Crystal, Phond</label>
		<description>The strange byproduct of rare impurities bonding during the making of certain alloys and some random external condition, this crystal produces a fiercely burning lightsaber beam.</description>
		<graphicData>
		  <texPath>Items/Upgrades/Lightsaber/crystal_16</texPath>
		  <graphicClass>Graphic_Single</graphicClass>
		  <shaderType>TransparentPostLight</shaderType>
		  <color>(195,155,145)</color>
		</graphicData>
		<statBases>
		  <MarketValue>1470</MarketValue>
		  <Mass>0.4</Mass>
		</statBases>
		<tradeTags>
		  <li>guy762TT_sabermod_basic</li>
		</tradeTags>
	</ThingDef>
	
	<ThingDef ParentName="guy762_crystalbase">
		<defName>guy762_crystalitem_bondar</defName>
		<label>Crystal, Bondar</label>
		<description>This crystal was mined on a far-orbit asteroid circling the Alderaan system. It produces a volatile lightsaber beam that pulses on impact, discharging part of its energy into an opponent.</description>
		<graphicData>
		  <texPath>Items/Upgrades/Lightsaber/crystal_16</texPath>
		  <graphicClass>Graphic_Single</graphicClass>
		  <shaderType>TransparentPostLight</shaderType>
		  <color>(205,170,110)</color>
		</graphicData>
		<statBases>
		  <MarketValue>1372</MarketValue>
		  <Mass>0.4</Mass>
		</statBases>
		<tradeTags>
		  <li>guy762TT_sabermod_basic</li>
		</tradeTags>
	</ThingDef>
	
	
	
	
	<ThingDef ParentName="guy762_crystalbase">
		<defName>guy762_crystalitem_pontite</defName>
		<label>Crystal, Pontite</label>
		<description>Pontite is one of the rarest forms of Adegan crystal. It radiates a powerful aura that cools both skin and tempers.</description>
		<graphicData>
		  <texPath>Items/Upgrades/Lightsaber/crystal_2</texPath>
		  <graphicClass>Graphic_Single</graphicClass>
		  <shaderType>TransparentPostLight</shaderType>
		  <color>(125,130,225)</color>
		</graphicData>
		<statBases>
		  <MarketValue>3980</MarketValue>
		  <Mass>0.4</Mass>
		</statBases>
		<tradeTags>
		  <li>guy762TT_sabermod_adv</li>
		</tradeTags>
	</ThingDef>
	
	<!--ThingDef ParentName="guy762_crystalbase">
		<defName>guy762_crystalitem_krayt</defName>
		<label>Krayt Dragon Pearl</label>
		<description>Taken from the gullet of a krayt dragon, this crystalline "pearl" appears to have refractory qualities that might allow it to function as a lightsaber crystal once properly adapted.</description>
		<graphicData>
		  <texPath>Items/Upgrades/Lightsaber/crystal_pearl</texPath>
		  <graphicClass>Graphic_Single</graphicClass>
		  <shaderType>TransparentPostLight</shaderType>
		  <color>(255,255,180)</color>
		</graphicData>
		<statBases>
		  <MarketValue>2500</MarketValue>         MOVED TO CORE MOD!
		  <Mass>0.4</Mass>
		</statBases>
		<tradeTags>
		  <li>guy762TT_sabermod_adv</li>
		</tradeTags>
	</ThingDef-->
	
	<ThingDef ParentName="guy762_crystalbase">
		<defName>guy762_crystalitem_firkann</defName>
		<label>crystal, Firkann</label>
		<description>This heavy crystal is collected by the natives of Rafa V. If used in lightsaber construction it produces an electrically charged beam that is much easier to manipulate than standard beams.</description>
		<graphicData>
		  <texPath>Items/Upgrades/Lightsaber/crystal_8</texPath>
		  <graphicClass>Graphic_Single</graphicClass>
		  <shaderType>TransparentPostLight</shaderType>
		  <color>(40,100,160)</color>
		</graphicData>
		<statBases>
		  <MarketValue>2480</MarketValue>
		  <Mass>0.4</Mass>
		</statBases>
		<tradeTags>
		  <li>guy762TT_sabermod_adv</li>
		</tradeTags>
	</ThingDef>
	
	<!--ThingDef ParentName="guy762_crystalbase">
		<defName>guy762_crystalitem_stygium</defName>
		<label>Crystal, Stygium</label>
		<description>The stygium mineral can be used to create cloaking effects that foil enemy sensors. In its pure crystal form, it is suitable for a lightsaber.</description>
		<graphicData>
		  <texPath>Items/Upgrades/Lightsaber/crystal_styg</texPath>
		  <graphicClass>Graphic_Single</graphicClass>
		  <shaderType>TransparentPostLight</shaderType>
		  <color>(255,255,255)</color>
		</graphicData>
		<statBases>
		  <MarketValue>2980</MarketValue>                        THIS HAS BEEN MOVED TO THE CRAFTING ITEMS DOC IN THE CORE MOD!
		  <Mass>0.2</Mass>
		</statBases>
		<tradeTags>
		  <li>guy762TT_sabermod_adv</li>
		</tradeTags>
	</ThingDef-->
	
	
	
	
	
	
	
	<ThingDef ParentName="guy762_crystalbase">
		<defName>guy762_crystalitem_ultima</defName>
		<label>Ultima Pearl</label>
		<description>An unusual choice for a lightsaber focusing crystal, this rare stone can be found on Calamari. Difficult to properly install in a lightsaber, this valuable stone has powerful effects.</description>
		<graphicData>
		  <texPath>Items/Upgrades/Lightsaber/crystal_pearl</texPath>
		  <graphicClass>Graphic_Single</graphicClass>
		  <shaderType>TransparentPostLight</shaderType>
		  <color>(200,255,255)</color>
		</graphicData>
		<statBases>
		  <MarketValue>4980</MarketValue>
		  <Mass>0.4</Mass>
		</statBases>
		<tradeTags>
		  <li>guy762TT_sabermod_rare</li>
		</tradeTags>
	</ThingDef>
	
	<ThingDef ParentName="guy762_crystalbase">
		<defName>guy762_crystalitem_barab</defName>
		<label>Barab Ore Ingot</label>
		<description>The ore from Barab I actually lies on the planet's surface, meaning it is exposed to high doses of radiation and torrential downpours daily. This ore can be found in concentrated ingots that actual store and magnify the radiation. When placed in a lightsaber, the ingots produce a blade that burns almost to the point of losing its cohesion.</description>
		<graphicData>
		  <texPath>Items/Upgrades/Lightsaber/crystal_17</texPath>
		  <graphicClass>Graphic_Single</graphicClass>
		  <shaderType>TransparentPostLight</shaderType>
		  <color>(170,160,160)</color>
		</graphicData>
		<statBases>
		  <MarketValue>5000</MarketValue>
		  <Mass>0.4</Mass>
		</statBases>
		<tradeTags>
		  <li>guy762TT_sabermod_rare</li>
		</tradeTags>
	</ThingDef>
	
	<ThingDef ParentName="guy762_crystalbase">
		<defName>guy762_crystalitem_hurrikaine</defName>
		<label>Crystal, Hurrikaine</label>
		<description>The very rare Hurrikaine crystal is best known for its unparalleled beauty. When used in a lightsaber, the dark gemstone creates a devastating beam that can partially penetrate any defenses.</description>
		<graphicData>
		  <texPath>Items/Upgrades/Lightsaber/crystal_16</texPath>
		  <graphicClass>Graphic_Single</graphicClass>
		  <shaderType>TransparentPostLight</shaderType>
		  <color>(95,60,255)</color>
		</graphicData>
		<statBases>
		  <MarketValue>6980</MarketValue>
		  <Mass>0.4</Mass>
		</statBases>
		<tradeTags>
		  <li>guy762TT_sabermod_rare</li>
		</tradeTags>
	</ThingDef>
	
	
	
	
	
	
	<ThingDef ParentName="guy762_crystalbase">
		<defName>guy762_crystalitem_qixoni</defName>
		<label>Crystal, Qixoni</label>
		<description>Qixoni crystals were formed on a planet that was destroyed millenia ago when its star went supernova. They are exceedingly rare and also quite powerful.</description>
		<graphicData>
		  <texPath>Items/Upgrades/Lightsaber/crystal_8</texPath>
		  <graphicClass>Graphic_Single</graphicClass>
		  <shaderType>TransparentPostLight</shaderType>
		  <color>(210,40,40)</color>
		</graphicData>
		<statBases>
		  <MarketValue>7500</MarketValue>
		  <Mass>0.4</Mass>
		</statBases>
		<tradeTags>
		  <li>guy762TT_KotORLegendary</li>
		</tradeTags>
	</ThingDef>
	
	<ThingDef ParentName="guy762_crystalbase">
		<defName>guy762_crystalitem_solari</defName>
		<label>Crystal, Solari</label>
		<description>There are many famous lightsaber crystals spoken of in the history of the Jedi Order, though few are as powerful as the legendary Solari Crystal.\n\nWhen the great Jedi Master Ood Bnar initiated his life-cycle change after a thousand years of serving the Order, he bequeathed the Solari Crystal to his most promising student, a young female Jedi named Shaela Nuur. When Shaela disappeared shortly after the time of the Great Hunt, the Solari Crystal vanished with her.</description>
		<graphicData>
		  <texPath>Items/Upgrades/Lightsaber/crystal_5</texPath>
		  <graphicClass>Graphic_Single</graphicClass>
		  <shaderType>TransparentPostLight</shaderType>
		  <color>(160,190,235)</color>
		</graphicData>
		<statBases>
		  <MarketValue>15000</MarketValue>
		  <Mass>0.4</Mass>
		</statBases>
		<tradeTags>
		  <li>guy762TT_KotORLegendary</li>
		</tradeTags>
	</ThingDef>
	
	

	
	
</Defs>