﻿<?xml version="1.0" encoding="utf-8"?>
<Defs>
  <WHands.ClutterHandsTDef>
     <defName>ClutterHandsSettings_-96925639_All</defName>
      <label>Weapon hand settings</label>
      <thingClass>Thing</thingClass>
      <WeaponCompLoader>
          <li>
              <MainHand>(-0.119, 0.100, -0.091)</MainHand>
              <ThingTargets>
                 <li>Modular_Autopistol</li> <!-- modular autopistol -->
              </ThingTargets>
          </li>
          <li>
              <MainHand>(-0.206, 0.100, -0.114)</MainHand>
              <SecHand>(0.200, -0.100, -0.050)</SecHand>
              <ThingTargets>
                 <li>Modular_AssaultRifle</li> <!-- modular assault rifle -->
              </ThingTargets>
          </li>
          <li>
              <MainHand>(-0.300, 0.100, -0.078)</MainHand>
              <SecHand>(0.200, -0.100, -0.050)</SecHand>
              <ThingTargets>
                 <li>Modular_BoltActionRifle</li> <!-- modular bolt-action rifle -->
              </ThingTargets>
          </li>
          <li>
              <MainHand>(-0.188, 0.100, -0.100)</MainHand>
              <SecHand>(0.138, -0.100, -0.064)</SecHand>
              <ThingTargets>
                 <li>Modular_BullpupRifle</li> <!-- modular bullpup rifle -->
              </ThingTargets>
          </li>
          <li>
              <MainHand>(-0.197, 0.100, -0.123)</MainHand>
              <SecHand>(0.200, -0.100, -0.050)</SecHand>
              <ThingTargets>
                 <li>Modular_ChargeRifle</li> <!-- modular charge rifle -->
              </ThingTargets>
          </li>
          <li>
              <MainHand>(-0.224, 0.100, -0.123)</MainHand>
              <SecHand>(0.200, -0.100, -0.050)</SecHand>
              <ThingTargets>
                 <li>Modular_LMG</li> <!-- modular LMG -->
              </ThingTargets>
          </li>
          <li>
              <MainHand>(-0.188, 0.100, -0.068)</MainHand>
              <ThingTargets>
                 <li>Modular_Revolver</li> <!-- modular revolver -->
              </ThingTargets>
          </li>
          <li>
              <MainHand>(-0.197, 0.100, -0.050)</MainHand>
              <SecHand>(0.200, -0.100, -0.050)</SecHand>
              <ThingTargets>
                 <li>Modular_Shotgun</li> <!-- modular shotgun -->
              </ThingTargets>
          </li>
          <li>
              <MainHand>(-0.151, 0.100, -0.100)</MainHand>
              <ThingTargets>
                 <li>Modular_SMG</li> <!-- modular SMG -->
              </ThingTargets>
          </li>
          <li>
              <MainHand>(-0.197, 0.100, -0.119)</MainHand>
              <ThingTargets>
                 <li>Gun_MachinePistol</li> <!-- machine pistol -->
              </ThingTargets>
          </li>
          
		  
		  
          <li>
              <MainHand>(-0.307, 0.100, -0.298)</MainHand>
              <ThingTargets>
                 <li>Force_Lightsaber_Custom</li> <!-- Lightsaber -->
              </ThingTargets>
          </li>
          <li>
              <MainHand>(-0.050, 0.100, -0.073)</MainHand>
              <SecHand>(0.092, -0.100, 0.056)</SecHand>
              <ThingTargets>
                 <li>Force_Lightsaber_Dual</li> <!-- Lightsaber -->
              </ThingTargets>
          </li>
      </WeaponCompLoader>
  </WHands.ClutterHandsTDef>
</Defs>
