<?xml version="1.0" encoding="utf-8" ?>
<Defs>
	
	<ThingDef ParentName="KOTOR_CrystalFormation_Base">
		<defName>KOTOR_MediumCrystal_cool</defName>
		<label>medium crystal formation, cool</label>
		<description>A medium-sized crystal formation, cool to the touch. It radiates with Force energy.</description>
		<graphicData>
		  <texPath>Buildings/Crystal_Formations/colored/medium_cool</texPath>
		  <drawSize>(2.0,2.0)</drawSize>
		</graphicData>
		<size>(1,2)</size>
		<statBases>
			<MaxHitPoints>1000</MaxHitPoints>
			<Beauty>10</Beauty>
			<BeautyOutdoors>10</BeautyOutdoors>
			<MeditationFocusStrength>2</MeditationFocusStrength>
		</statBases>
		<building>
			<!--mineableThing>KotORChunk_durasteel</mineableThing>
			<mineableYield>1</mineableYield>
			<mineableScatterCommonality>0.25</mineableScatterCommonality>
			<mineableScatterLumpSizeRange>10~25</mineableScatterLumpSizeRange-->
		</building>
		<comps>
		  <li Class="CompProperties_Glower">
			<glowRadius>2</glowRadius>
			<glowColor>(135,0,255,0)</glowColor>
		  </li>
		</comps>
		<modExtensions>
		  <li Class="SecondaryMineableYield.ModExtension_SecondaryMineableYield">
			<mineableDropChance>1.0</mineableDropChance>
			<entries>
			  <!--
				GRAND TOTAL 1.00
			  -->
			  
			  <!--BLOCK 1 TOTAL 0.20-->
			  <li>
				<randomWeight>0.05</randomWeight>
				<mineableThing>guy762_crystalitem_purple</mineableThing>
				<mineableYield>2</mineableYield>
			  </li>
			  <li>
				<randomWeight>0.05</randomWeight>
				<mineableThing>guy762_crystalitem_blue</mineableThing>
				<mineableYield>2</mineableYield>
			  </li>
			  <li>
				<randomWeight>0.10</randomWeight>
				<mineableThing>guy762_crystalitem_cyan</mineableThing>
				<mineableYield>1</mineableYield>
			  </li>
			  
			  
			  <!--BLOCK 2 TOTAL 0.40-->
			  <li>
				<randomWeight>0.20</randomWeight>
				<mineableThing>guy762_crystalitem_adegan</mineableThing>
				<mineableYield>1</mineableYield>
			  </li>
			  <li>
				<randomWeight>0.10</randomWeight>
				<mineableThing>guy762_crystalitem_nextor</mineableThing>
				<mineableYield>1</mineableYield>
			  </li>
			  <li>
				<randomWeight>0.10</randomWeight>
				<mineableThing>guy762_crystalitem_kasha</mineableThing>
				<mineableYield>1</mineableYield>
			  </li>
			  
			  
			  <!--BLOCK 3 TOTAL 0.40-->
			  <li>
				<randomWeight>0.20</randomWeight>
				<mineableThing>guy762_crystalitem_luxum</mineableThing>
				<mineableYield>1</mineableYield>
			  </li>
			  <li>
				<randomWeight>0.10</randomWeight>
				<mineableThing>guy762_crystalitem_pontite</mineableThing>
				<mineableYield>1</mineableYield>
			  </li>
			  <li>
				<randomWeight>0.10</randomWeight>
				<mineableThing>guy762_crystalitem_firkann</mineableThing>
				<mineableYield>1</mineableYield>
			  </li>


			</entries>
		  </li>
		</modExtensions>
	</ThingDef>
	
	
	
	
	<ThingDef ParentName="KOTOR_CrystalFormation_Base">
		<defName>KOTOR_MediumCrystal_warm</defName>
		<label>medium crystal formation, warm</label>
		<description>A medium-sized crystal formation, warm to the touch. It radiates with Force energy.</description>
		<graphicData>
		  <texPath>Buildings/Crystal_Formations/colored/medium_warm</texPath>
		  <drawSize>(2.0,2.0)</drawSize>
		</graphicData>
		<size>(1,2)</size>
		<statBases>
			<MaxHitPoints>1000</MaxHitPoints>
			<Beauty>10</Beauty>
			<BeautyOutdoors>10</BeautyOutdoors>
			<MeditationFocusStrength>2</MeditationFocusStrength>
		</statBases>
		<building>
			<!--mineableThing>KotORChunk_durasteel</mineableThing>
			<mineableYield>1</mineableYield>
			<mineableScatterCommonality>0.25</mineableScatterCommonality>
			<mineableScatterLumpSizeRange>10~25</mineableScatterLumpSizeRange-->
		</building>
		<comps>
		  <li Class="CompProperties_Glower">
			<glowRadius>2</glowRadius>
			<glowColor>(255,90,0,0)</glowColor>
		  </li>
		</comps>
		<modExtensions>
		  <li Class="SecondaryMineableYield.ModExtension_SecondaryMineableYield">
			<mineableDropChance>1.0</mineableDropChance>
			<entries>
			  <!--
				GRAND TOTAL 0.80
			  -->
			  
			  <!--BLOCK 1 TOTAL 0.20-->
			  <li>
				<randomWeight>0.05</randomWeight>
				<mineableThing>guy762_crystalitem_orange</mineableThing>
				<mineableYield>2</mineableYield>
			  </li>
			  <li>
				<randomWeight>0.05</randomWeight>
				<mineableThing>guy762_crystalitem_red</mineableThing>
				<mineableYield>2</mineableYield>
			  </li>
			  <li>
				<randomWeight>0.10</randomWeight>
				<mineableThing>guy762_crystalitem_bronze</mineableThing>
				<mineableYield>1</mineableYield>
			  </li>
			  
			  
			  <!--BLOCK 2 TOTAL 0.40-->
			  <li>
				<randomWeight>0.20</randomWeight>
				<mineableThing>guy762_crystalitem_ruusan</mineableThing>
				<mineableYield>1</mineableYield>
			  </li>
			  <li>
				<randomWeight>0.10</randomWeight>
				<mineableThing>guy762_crystalitem_sigil</mineableThing>
				<mineableYield>1</mineableYield>
			  </li>
			  <li>
				<randomWeight>0.10</randomWeight>
				<mineableThing>guy762_crystalitem_damind</mineableThing>
				<mineableYield>1</mineableYield>
			  </li>

			  
			  
			  <!--BLOCK 3 TOTAL 0.20-->
			  <li>
				<randomWeight>0.10</randomWeight>
				<mineableThing>guy762_crystalitem_dragite</mineableThing>
				<mineableYield>1</mineableYield>
			  </li>
			  <li>
				<randomWeight>0.10</randomWeight>
				<mineableThing>guy762_crystalitem_phond</mineableThing>
				<mineableYield>1</mineableYield>
			  </li>


			</entries>
		  </li>
		</modExtensions>
	</ThingDef>
	
	
	
	
	<ThingDef ParentName="KOTOR_CrystalFormation_Base">
		<defName>KOTOR_MediumCrystal_soft</defName>
		<label>medium crystal formation, soft</label>
		<description>A medium-sized crystal formation, glowing with a soft natural light. It radiates with Force energy.</description>
		<graphicData>
		  <texPath>Buildings/Crystal_Formations/colored/medium_soft</texPath>
		  <drawSize>(2.0,2.0)</drawSize>
		</graphicData>
		<size>(1,2)</size>
		<statBases>
			<MaxHitPoints>1000</MaxHitPoints>
			<Beauty>10</Beauty>
			<BeautyOutdoors>10</BeautyOutdoors>
			<MeditationFocusStrength>2</MeditationFocusStrength>
		</statBases>
		<building>
			<!--mineableThing>KotORChunk_durasteel</mineableThing>
			<mineableYield>1</mineableYield>
			<mineableScatterCommonality>0.25</mineableScatterCommonality>
			<mineableScatterLumpSizeRange>10~25</mineableScatterLumpSizeRange-->
		</building>
		<comps>
		  <li Class="CompProperties_Glower">
			<glowRadius>4</glowRadius>
			<glowColor>(160,255,0,0)</glowColor>
		  </li>
		</comps>
		<modExtensions>
		  <li Class="SecondaryMineableYield.ModExtension_SecondaryMineableYield">
			<mineableDropChance>1.0</mineableDropChance>
			<entries>
			  <!--
				GRAND TOTAL 1.00
			  -->
			  
			  <!--BLOCK 1 TOTAL 0.19-->
			  <li>
				<randomWeight>0.05</randomWeight>
				<mineableThing>guy762_crystalitem_green</mineableThing>
				<mineableYield>2</mineableYield>
			  </li>
			  <li>
				<randomWeight>0.05</randomWeight>
				<mineableThing>guy762_crystalitem_yellow</mineableThing>
				<mineableYield>2</mineableYield>
			  </li>
			  <li>
				<randomWeight>0.09</randomWeight>
				<mineableThing>guy762_crystalitem_viridian</mineableThing>
				<mineableYield>1</mineableYield>
			  </li>
			  
			  
			  <!--BLOCK 2 TOTAL 0.41-->
			  <li>
				<randomWeight>0.20</randomWeight>
				<mineableThing>guy762_crystalitem_rubat</mineableThing>
				<mineableYield>1</mineableYield>
			  </li>
			  <li>
				<randomWeight>0.20</randomWeight>
				<mineableThing>guy762_crystalitem_velmorite</mineableThing>
				<mineableYield>1</mineableYield>
			  </li>
			  <li>
				<randomWeight>0.01</randomWeight>
				<mineableThing>guy762_crystalitem_sapith</mineableThing>
				<mineableYield>1</mineableYield>
			  </li>

			  
			  
			  <!--BLOCK 3 TOTAL 0.40-->
			  <li>
				<randomWeight>0.20</randomWeight>
				<mineableThing>guy762_crystalitem_jenurax</mineableThing>
				<mineableYield>1</mineableYield>
			  </li>
			  <li>
				<randomWeight>0.20</randomWeight>
				<mineableThing>guy762_crystalitem_bondar</mineableThing>
				<mineableYield>1</mineableYield>
			  </li>


			</entries>
		  </li>
		</modExtensions>
	</ThingDef>
	
	
	
	
	<ThingDef ParentName="KOTOR_CrystalFormation_Base">
		<defName>KOTOR_StygiumCrystal</defName>
		<label>Stygium crystal formation</label>
		<description>A rare Stygium crystal formation. It reflects light in a bizarre manner. It's almost as though you could see right through the formation, and it radiates strongly with Force energy.</description>
		<graphicData>
		  <texPath>Buildings/Crystal_Formations/colored/medium_stygium</texPath>
		  <drawSize>(2.0,2.0)</drawSize>
		  <color>RGBA(255,255,255,120)</color>
		</graphicData>
		<size>(1,2)</size>
		<statBases>
			<MaxHitPoints>4000</MaxHitPoints>
			<Beauty>20</Beauty>
			<BeautyOutdoors>20</BeautyOutdoors>
			<MeditationFocusStrength>3</MeditationFocusStrength>
		</statBases>
		<building>
			<!--mineableThing>KotORChunk_durasteel</mineableThing>
			<mineableYield>1</mineableYield>
			<mineableScatterCommonality>0.25</mineableScatterCommonality>
			<mineableScatterLumpSizeRange>10~25</mineableScatterLumpSizeRange-->
		</building>
		<comps>
		  <li Class="CompProperties_Glower">
			<glowRadius>4</glowRadius>
			<glowColor>(150,75,150,0)</glowColor>
		  </li>
		</comps>
		<modExtensions>
		  <li Class="SecondaryMineableYield.ModExtension_SecondaryMineableYield">
			<mineableDropChance>1.0</mineableDropChance>
			<entries>

			  <li>
				<randomWeight>0.60</randomWeight>
				<mineableThing>guy762_crystalitem_stygium</mineableThing>
				<mineableYield>3</mineableYield>
			  </li>
			  <li>
				<randomWeight>0.30</randomWeight>
				<mineableThing>guy762_crystalitem_stygium</mineableThing>
				<mineableYield>2</mineableYield>
			  </li>
			  <li>
				<randomWeight>0.07</randomWeight>
				<mineableThing>guy762_crystalitem_stygium</mineableThing>
				<mineableYield>5</mineableYield>
			  </li>
			  <li>
				<randomWeight>0.03</randomWeight>
				<mineableThing>guy762_crystalitem_stygium</mineableThing>
				<mineableYield>7</mineableYield>
			  </li>

			</entries>
		  </li>
		</modExtensions>
	</ThingDef>

	  
	
	
  
</Defs>