<?xml version="1.0" encoding="utf-8" ?>
<Defs>
	
	<ThingDef ParentName="KOTOR_CrystalFormation_Base">
		<defName>KOTOR_LargeCrystal_cool</defName>
		<label>large crystal formation, cool</label>
		<description>A large-sized crystal formation, cool to the touch. It radiates with Force energy.</description>
		<graphicData>
		  <texPath>Buildings/Crystal_Formations/colored/large_cool</texPath>
		  <drawSize>(4.0,4.0)</drawSize>
		</graphicData>
		<size>(2,3)</size>
		<statBases>
			<MaxHitPoints>2000</MaxHitPoints>
			<Beauty>15</Beauty>
			<BeautyOutdoors>15</BeautyOutdoors>
			<MeditationFocusStrength>4</MeditationFocusStrength>
		</statBases>
		<building>
			<!--mineableThing>KotORChunk_durasteel</mineableThing>
			<mineableYield>1</mineableYield>
			<mineableScatterCommonality>0.25</mineableScatterCommonality>
			<mineableScatterLumpSizeRange>10~25</mineableScatterLumpSizeRange-->
		</building>
		<comps>
		  <li Class="CompProperties_Glower">
			<glowRadius>4</glowRadius>
			<glowColor>(0,255,240,0)</glowColor>
		  </li>
		</comps>
		<modExtensions>
		  <li Class="SecondaryMineableYield.ModExtension_SecondaryMineableYield">
			<mineableDropChance>1.0</mineableDropChance>
			<entries>
			  <!--
				GRAND TOTAL 0.84
			  -->
			  
			  <!--BLOCK 1 TOTAL 0.25-->
			  <li>
				<randomWeight>0.10</randomWeight>
				<mineableThing>guy762_crystalitem_cyan</mineableThing>
				<mineableYield>2</mineableYield>
			  </li>
			  <li>
				<randomWeight>0.10</randomWeight>
				<mineableThing>guy762_crystalitem_viridian</mineableThing>
				<mineableYield>2</mineableYield>
			  </li>
			  <li>
				<randomWeight>0.05</randomWeight>
				<mineableThing>guy762_crystalitem_turquoise</mineableThing>
				<mineableYield>1</mineableYield>
			  </li>
			  
			  
			  <!--BLOCK 2 TOTAL 0.28-->
			  <li>
				<randomWeight>0.10</randomWeight>
				<mineableThing>guy762_crystalitem_adegan</mineableThing>
				<mineableYield>2</mineableYield>
			  </li>
			  <li>
				<randomWeight>0.05</randomWeight>
				<mineableThing>guy762_crystalitem_nextor</mineableThing>
				<mineableYield>1</mineableYield>
			  </li>
			  <li>
				<randomWeight>0.05</randomWeight>
				<mineableThing>guy762_crystalitem_kasha</mineableThing>
				<mineableYield>1</mineableYield>
			  </li>
			  <li>
				<randomWeight>0.05</randomWeight>
				<mineableThing>guy762_crystalitem_damind</mineableThing>
				<mineableYield>1</mineableYield>
			  </li>
			  <li>
				<randomWeight>0.01</randomWeight>
				<mineableThing>guy762_crystalitem_sapith</mineableThing>
				<mineableYield>1</mineableYield>
			  </li>
			  <li>
				<randomWeight>0.01</randomWeight>
				<mineableThing>guy762_crystalitem_opila</mineableThing>
				<mineableYield>1</mineableYield>
			  </li>
			  <li>
				<randomWeight>0.01</randomWeight>
				<mineableThing>guy762_crystalitem_upari</mineableThing>
				<mineableYield>1</mineableYield>
			  </li>
			  
			  
			  <!--BLOCK 3 TOTAL 0.21-->
			  <li>
				<randomWeight>0.10</randomWeight>
				<mineableThing>guy762_crystalitem_luxum</mineableThing>
				<mineableYield>2</mineableYield>
			  </li>
			  <li>
				<randomWeight>0.05</randomWeight>
				<mineableThing>guy762_crystalitem_pontite</mineableThing>
				<mineableYield>1</mineableYield>
			  </li>
			  <li>
				<randomWeight>0.05</randomWeight>
				<mineableThing>guy762_crystalitem_firkann</mineableThing>
				<mineableYield>1</mineableYield>
			  </li>
			  <li>
				<randomWeight>0.01</randomWeight>
				<mineableThing>guy762_crystalitem_hurrikaine</mineableThing>
				<mineableYield>1</mineableYield>
			  </li>
			  
			  
			  
			  <!--BLOCK 4 TOTAL 0.10-->
			  <li>
				<randomWeight>0.05</randomWeight>
				<mineableThing>guy762_crystalitem_white</mineableThing>
				<mineableYield>1</mineableYield>
			  </li>
			  <li>
				<randomWeight>0.05</randomWeight>
				<mineableThing>guy762_crystalitem_eralam</mineableThing>
				<mineableYield>1</mineableYield>
			  </li>


			</entries>
		  </li>
		</modExtensions>
	</ThingDef>
	
	
	
	
	<ThingDef ParentName="KOTOR_CrystalFormation_Base">
		<defName>KOTOR_LargeCrystal_warm</defName>
		<label>large crystal formation, warm</label>
		<description>A large-sized crystal formation, warm to the touch. It radiates with Force energy.</description>
		<graphicData>
		  <texPath>Buildings/Crystal_Formations/colored/large_warm</texPath>
		  <drawSize>(4.0,4.0)</drawSize>
		</graphicData>
		<size>(2,3)</size>
		<statBases>
			<MaxHitPoints>2000</MaxHitPoints>
			<Beauty>15</Beauty>
			<BeautyOutdoors>15</BeautyOutdoors>
			<MeditationFocusStrength>4</MeditationFocusStrength>
		</statBases>
		<building>
			<!--mineableThing>KotORChunk_durasteel</mineableThing>
			<mineableYield>1</mineableYield>
			<mineableScatterCommonality>0.25</mineableScatterCommonality>
			<mineableScatterLumpSizeRange>10~25</mineableScatterLumpSizeRange-->
		</building>
		<comps>
		  <li Class="CompProperties_Glower">
			<glowRadius>6</glowRadius>
			<glowColor>(255,35,0,0)</glowColor>
		  </li>
		</comps>
		<modExtensions>
		  <li Class="SecondaryMineableYield.ModExtension_SecondaryMineableYield">
			<mineableDropChance>1.0</mineableDropChance>
			<entries>
			  <!--
				GRAND TOTAL 0.93
			  -->
			  
			  <!--BLOCK 1 TOTAL 0.15-->
			  <li>
				<randomWeight>0.10</randomWeight>
				<mineableThing>guy762_crystalitem_bronze</mineableThing>
				<mineableYield>2</mineableYield>
			  </li>
			  <li>
				<randomWeight>0.05</randomWeight>
				<mineableThing>guy762_crystalitem_fuchsia</mineableThing>
				<mineableYield>1</mineableYield>
			  </li>
			  
			  
			  <!--BLOCK 2 TOTAL 0.36-->
			  <li>
				<randomWeight>0.10</randomWeight>
				<mineableThing>guy762_crystalitem_ruusan</mineableThing>
				<mineableYield>2</mineableYield>
			  </li>
			  <li>
				<randomWeight>0.10</randomWeight>
				<mineableThing>guy762_crystalitem_rubat</mineableThing>
				<mineableYield>2</mineableYield>
			  </li>
			  <li>
				<randomWeight>0.10</randomWeight>
				<mineableThing>guy762_crystalitem_velmorite</mineableThing>
				<mineableYield>2</mineableYield>
			  </li>
			  <li>
				<randomWeight>0.05</randomWeight>
				<mineableThing>guy762_crystalitem_sigil</mineableThing>
				<mineableYield>1</mineableYield>
			  </li>
			  <li>
				<randomWeight>0.01</randomWeight>
				<mineableThing>guy762_crystalitem_lorrdian</mineableThing>
				<mineableYield>1</mineableYield>
			  </li>

			  
			  
			  <!--BLOCK 3 TOTAL 0.42-->
			  <li>
				<randomWeight>0.10</randomWeight>
				<mineableThing>guy762_crystalitem_dragite</mineableThing>
				<mineableYield>2</mineableYield>
			  </li>
			  <li>
				<randomWeight>0.10</randomWeight>
				<mineableThing>guy762_crystalitem_phond</mineableThing>
				<mineableYield>2</mineableYield>
			  </li>
			  <li>
				<randomWeight>0.10</randomWeight>
				<mineableThing>guy762_crystalitem_jenurax</mineableThing>
				<mineableYield>2</mineableYield>
			  </li>
			  <li>
				<randomWeight>0.10</randomWeight>
				<mineableThing>guy762_crystalitem_bondar</mineableThing>
				<mineableYield>2</mineableYield>
			  </li>
			  <li>
				<randomWeight>0.01</randomWeight>
				<mineableThing>guy762_crystalitem_barab</mineableThing>
				<mineableYield>1</mineableYield>
			  </li>
			  <li>
				<randomWeight>0.01</randomWeight>
				<mineableThing>guy762_crystalitem_qixoni</mineableThing>
				<mineableYield>1</mineableYield>
			  </li>


			</entries>
		  </li>
		</modExtensions>
	</ThingDef>

	  
	
	
  
</Defs>