<?xml version="1.0" encoding="utf-8" ?>
<Defs>
	
	<ThingDef ParentName="KOTOR_CrystalFormation_Base">
		<defName>KOTOR_SmallCrystal_red</defName>
		<label>small crystal formation, red</label>
		<description>A small-sized crystal formation, warm to the touch. It radiates with Force energy.</description>
		<graphicData>
		  <texPath>Buildings/Crystal_Formations/small_dyeable</texPath>
		  <graphicClass>Graphic_Random</graphicClass>
		  <color>(200,65,90)</color>
		  <drawSize>(2.0,2.0)</drawSize>
		</graphicData>
		<statBases>
			<MaxHitPoints>500</MaxHitPoints>
			<Beauty>5</Beauty>
			<BeautyOutdoors>5</BeautyOutdoors>
			<MeditationFocusStrength>0.5</MeditationFocusStrength>
		</statBases>
		<building>
			<!--mineableThing>KotORChunk_durasteel</mineableThing>
			<mineableYield>1</mineableYield>
			<mineableScatterCommonality>0.25</mineableScatterCommonality>
			<mineableScatterLumpSizeRange>10~25</mineableScatterLumpSizeRange-->
		</building>
		<comps>
		  <li Class="CompProperties_Glower">
			<glowRadius>2</glowRadius>
			<glowColor>(200,65,90)</glowColor>
		  </li>
		</comps>
		<modExtensions>
		  <li Class="SecondaryMineableYield.ModExtension_SecondaryMineableYield">
			<mineableDropChance>1.0</mineableDropChance>
			<entries>
			  <li>
				<randomWeight>0.60</randomWeight>
				<mineableThing>guy762_crystalitem_red</mineableThing>
				<mineableYield>2</mineableYield>
			  </li>
			  <li>
				<randomWeight>0.40</randomWeight>
				<mineableThing>guy762_crystalitem_red</mineableThing>
				<mineableYield>1</mineableYield>
			  </li>

			</entries>
		  </li>
		</modExtensions>
	</ThingDef>
	
	<ThingDef ParentName="KOTOR_CrystalFormation_Base">
		<defName>KOTOR_SmallCrystal_orange</defName>
		<label>small crystal formation, orange</label>
		<description>A small-sized crystal formation, warm to the touch. It radiates with Force energy.</description>
		<graphicData>
		  <texPath>Buildings/Crystal_Formations/small_dyeable</texPath>
		  <graphicClass>Graphic_Random</graphicClass>
		  <color>(230,155,75)</color>
		  <drawSize>(2.0,2.0)</drawSize>
		</graphicData>
		<statBases>
			<MaxHitPoints>500</MaxHitPoints>
			<Beauty>5</Beauty>
			<BeautyOutdoors>5</BeautyOutdoors>
			<MeditationFocusStrength>0.5</MeditationFocusStrength>
		</statBases>
		<building>
			<!--mineableThing>KotORChunk_durasteel</mineableThing>
			<mineableYield>1</mineableYield>
			<mineableScatterCommonality>0.25</mineableScatterCommonality>
			<mineableScatterLumpSizeRange>10~25</mineableScatterLumpSizeRange-->
		</building>
		<comps>
		  <li Class="CompProperties_Glower">
			<glowRadius>2</glowRadius>
			<glowColor>(230,155,75)</glowColor>
		  </li>
		</comps>
		<modExtensions>
		  <li Class="SecondaryMineableYield.ModExtension_SecondaryMineableYield">
			<mineableDropChance>1.0</mineableDropChance>
			<entries>
			  <li>
				<randomWeight>0.60</randomWeight>
				<mineableThing>guy762_crystalitem_orange</mineableThing>
				<mineableYield>2</mineableYield>
			  </li>
			  <li>
				<randomWeight>0.20</randomWeight>
				<mineableThing>guy762_crystalitem_orange</mineableThing>
				<mineableYield>1</mineableYield>
			  </li>

			</entries>
		  </li>
		</modExtensions>
	</ThingDef>
	
	<ThingDef ParentName="KOTOR_CrystalFormation_Base">
		<defName>KOTOR_SmallCrystal_yellow</defName>
		<label>small crystal formation, yellow</label>
		<description>A small-sized crystal formation, warm to the touch. It radiates with Force energy.</description>
		<graphicData>
		  <texPath>Buildings/Crystal_Formations/small_dyeable</texPath>
		  <graphicClass>Graphic_Random</graphicClass>
		  <color>(190,160,65)</color>
		  <drawSize>(2.0,2.0)</drawSize>
		</graphicData>
		<statBases>
			<MaxHitPoints>500</MaxHitPoints>
			<Beauty>5</Beauty>
			<BeautyOutdoors>5</BeautyOutdoors>
			<MeditationFocusStrength>0.5</MeditationFocusStrength>
		</statBases>
		<building>
			<!--mineableThing>KotORChunk_durasteel</mineableThing>
			<mineableYield>1</mineableYield>
			<mineableScatterCommonality>0.25</mineableScatterCommonality>
			<mineableScatterLumpSizeRange>10~25</mineableScatterLumpSizeRange-->
		</building>
		<comps>
		  <li Class="CompProperties_Glower">
			<glowRadius>2</glowRadius>
			<glowColor>(190,160,65)</glowColor>
		  </li>
		</comps>
		<modExtensions>
		  <li Class="SecondaryMineableYield.ModExtension_SecondaryMineableYield">
			<mineableDropChance>1.0</mineableDropChance>
			<entries>
			  <li>
				<randomWeight>0.60</randomWeight>
				<mineableThing>guy762_crystalitem_yellow</mineableThing>
				<mineableYield>2</mineableYield>
			  </li>
			  <li>
				<randomWeight>0.40</randomWeight>
				<mineableThing>guy762_crystalitem_yellow</mineableThing>
				<mineableYield>1</mineableYield>
			  </li>

			</entries>
		  </li>
		</modExtensions>
	</ThingDef>
	
	
	<ThingDef ParentName="KOTOR_CrystalFormation_Base">
		<defName>KOTOR_SmallCrystal_green</defName>
		<label>small crystal formation, green</label>
		<description>A small-sized crystal formation, cool to the touch. It radiates with Force energy.</description>
		<graphicData>
		  <texPath>Buildings/Crystal_Formations/small_dyeable</texPath>
		  <graphicClass>Graphic_Random</graphicClass>
		  <color>(130,230,160)</color>
		  <drawSize>(2.0,2.0)</drawSize>
		</graphicData>
		<statBases>
			<MaxHitPoints>500</MaxHitPoints>
			<Beauty>5</Beauty>
			<BeautyOutdoors>5</BeautyOutdoors>
			<MeditationFocusStrength>0.5</MeditationFocusStrength>
		</statBases>
		<building>
			<!--mineableThing>KotORChunk_durasteel</mineableThing>
			<mineableYield>1</mineableYield>
			<mineableScatterCommonality>0.25</mineableScatterCommonality>
			<mineableScatterLumpSizeRange>10~25</mineableScatterLumpSizeRange-->
		</building>
		<comps>
		  <li Class="CompProperties_Glower">
			<glowRadius>2</glowRadius>
			<glowColor>(130,230,160)</glowColor>
		  </li>
		</comps>
		<modExtensions>
		  <li Class="SecondaryMineableYield.ModExtension_SecondaryMineableYield">
			<mineableDropChance>1.0</mineableDropChance>
			<entries>
			  <li>
				<randomWeight>0.60</randomWeight>
				<mineableThing>guy762_crystalitem_green</mineableThing>
				<mineableYield>2</mineableYield>
			  </li>
			  <li>
				<randomWeight>0.40</randomWeight>
				<mineableThing>guy762_crystalitem_green</mineableThing>
				<mineableYield>1</mineableYield>
			  </li>

			</entries>
		  </li>
		</modExtensions>
	</ThingDef>
	
	
	<ThingDef ParentName="KOTOR_CrystalFormation_Base">
		<defName>KOTOR_SmallCrystal_blue</defName>
		<label>small crystal formation, blue</label>
		<description>A small-sized crystal formation, cool to the touch. It radiates with Force energy.</description>
		<graphicData>
		  <texPath>Buildings/Crystal_Formations/small_dyeable</texPath>
		  <graphicClass>Graphic_Random</graphicClass>
		  <color>(25,65,190)</color>
		  <drawSize>(2.0,2.0)</drawSize>
		</graphicData>
		<statBases>
			<MaxHitPoints>500</MaxHitPoints>
			<Beauty>5</Beauty>
			<BeautyOutdoors>5</BeautyOutdoors>
			<MeditationFocusStrength>0.5</MeditationFocusStrength>
		</statBases>
		<building>
			<!--mineableThing>KotORChunk_durasteel</mineableThing>
			<mineableYield>1</mineableYield>
			<mineableScatterCommonality>0.25</mineableScatterCommonality>
			<mineableScatterLumpSizeRange>10~25</mineableScatterLumpSizeRange-->
		</building>
		<comps>
		  <li Class="CompProperties_Glower">
			<glowRadius>2</glowRadius>
			<glowColor>(25,65,190)</glowColor>
		  </li>
		</comps>
		<modExtensions>
		  <li Class="SecondaryMineableYield.ModExtension_SecondaryMineableYield">
			<mineableDropChance>1.0</mineableDropChance>
			<entries>
			  <li>
				<randomWeight>0.60</randomWeight>
				<mineableThing>guy762_crystalitem_blue</mineableThing>
				<mineableYield>2</mineableYield>
			  </li>
			  <li>
				<randomWeight>0.40</randomWeight>
				<mineableThing>guy762_crystalitem_blue</mineableThing>
				<mineableYield>1</mineableYield>
			  </li>

			</entries>
		  </li>
		</modExtensions>
	</ThingDef>
	
	
	
	<ThingDef ParentName="KOTOR_CrystalFormation_Base">
		<defName>KOTOR_SmallCrystal_purple</defName>
		<label>small crystal formation, violet</label>
		<description>A small-sized crystal formation, cool to the touch. It radiates with Force energy.</description>
		<graphicData>
		  <texPath>Buildings/Crystal_Formations/small_dyeable</texPath>
		  <graphicClass>Graphic_Random</graphicClass>
		  <color>(100,50,145)</color>
		  <drawSize>(2.0,2.0)</drawSize>
		</graphicData>
		<statBases>
			<MaxHitPoints>500</MaxHitPoints>
			<Beauty>5</Beauty>
			<BeautyOutdoors>5</BeautyOutdoors>
			<MeditationFocusStrength>0.5</MeditationFocusStrength>
		</statBases>
		<building>
			<!--mineableThing>KotORChunk_durasteel</mineableThing>
			<mineableYield>1</mineableYield>
			<mineableScatterCommonality>0.25</mineableScatterCommonality>
			<mineableScatterLumpSizeRange>10~25</mineableScatterLumpSizeRange-->
		</building>
		<comps>
		  <li Class="CompProperties_Glower">
			<glowRadius>2</glowRadius>
			<glowColor>(100,50,145)</glowColor>
		  </li>
		</comps>
		<modExtensions>
		  <li Class="SecondaryMineableYield.ModExtension_SecondaryMineableYield">
			<mineableDropChance>1.0</mineableDropChance>
			<entries>
			  <li>
				<randomWeight>0.60</randomWeight>
				<mineableThing>guy762_crystalitem_purple</mineableThing>
				<mineableYield>2</mineableYield>
			  </li>
			  <li>
				<randomWeight>0.40</randomWeight>
				<mineableThing>guy762_crystalitem_purple</mineableThing>
				<mineableYield>1</mineableYield>
			  </li>

			</entries>
		  </li>
		</modExtensions>
	</ThingDef>
	
	
	
	<ThingDef ParentName="KOTOR_CrystalFormation_Base">
		<defName>KOTOR_SmallCrystal_white</defName>
		<label>small crystal formation, silver</label>
		<description>A small-sized crystal formation, cool to the touch. It radiates with Force energy.</description>
		<graphicData>
		  <texPath>Buildings/Crystal_Formations/small_dyeable</texPath>
		  <graphicClass>Graphic_Random</graphicClass>
		  <color>(235,235,255)</color>
		  <drawSize>(2.0,2.0)</drawSize>
		</graphicData>
		<statBases>
			<MaxHitPoints>500</MaxHitPoints>
			<Beauty>5</Beauty>
			<BeautyOutdoors>5</BeautyOutdoors>
			<MeditationFocusStrength>0.5</MeditationFocusStrength>
		</statBases>
		<building>
			<!--mineableThing>KotORChunk_durasteel</mineableThing>
			<mineableYield>1</mineableYield>
			<mineableScatterCommonality>0.25</mineableScatterCommonality>
			<mineableScatterLumpSizeRange>10~25</mineableScatterLumpSizeRange-->
		</building>
		<comps>
		  <li Class="CompProperties_Glower">
			<glowRadius>2</glowRadius>
			<glowColor>(235,235,255)</glowColor>
		  </li>
		</comps>
		<modExtensions>
		  <li Class="SecondaryMineableYield.ModExtension_SecondaryMineableYield">
			<mineableDropChance>1.0</mineableDropChance>
			<entries>
			  <li>
				<randomWeight>0.60</randomWeight>
				<mineableThing>guy762_crystalitem_white</mineableThing>
				<mineableYield>2</mineableYield>
			  </li>
			  <li>
				<randomWeight>0.40</randomWeight>
				<mineableThing>guy762_crystalitem_white</mineableThing>
				<mineableYield>1</mineableYield>
			  </li>

			</entries>
		  </li>
		</modExtensions>
	</ThingDef>
	
	
</Defs>