<?xml version="1.0" encoding="utf-8"?>
<Defs>

	<HeadTypeDef>
        <defName>guy762_DroidHeadType_DevWD</defName>
        <graphicPath>Droid/DevWD/DevWD_head</graphicPath>
        <gender>None</gender>
    </HeadTypeDef>
	
	<BackstoryDef>
		<defName>guy762_Backstory_DevWD</defName>
		<title>Devastator-class war droid</title>
		<titleShort>Devastator war droid</titleShort>
		<baseDesc>This is a common war droid.</baseDesc>
		<slot>Childhood</slot>
		<spawnCategories>
			<li>guy762BSC_Droid_DevWD</li>
			<li>guy762BSC_Droid_all</li>
		</spawnCategories>
		<workDisables>
			<li>ManualSkilled</li>
			<li>Intellectual</li>
			<li>Artistic</li>
			<li>Caring</li>
			<li>Animals</li>
			<li>Hunting</li>
			<li>Social</li>
		</workDisables>
		<requiredWorkTags>
			<li>Violent</li>
			<li>Hauling</li>
			<li>Firefighting</li>
		</requiredWorkTags>
	</BackstoryDef>
	
	<BackstoryDef>
		<defName>guy762_Backstory_DevAD</defName>
		<title>Devastator-class Type II assassin droid</title>
		<titleShort>Devastator Type II</titleShort>
		<baseDesc>This is a sophisticated assassin droid.</baseDesc>
		<slot>Childhood</slot>
		<spawnCategories>
			<li>guy762BSC_Droid_DevWD</li>
			<li>guy762BSC_Droid_all</li>
		</spawnCategories>
		<workDisables>
			<li>ManualSkilled</li>
			<li>Firefighting</li>
			<li>Intellectual</li>
			<li>Artistic</li>
			<li>Caring</li>
			<li>Animals</li>
			<li>ManualDumb</li>
			<li>Social</li>
		</workDisables>
		<requiredWorkTags>
			<li>Violent</li>
			<li>Hunting</li>  
		</requiredWorkTags>
	</BackstoryDef>
	
	
	
	<AlienRace.ThingDef_AlienRace Name="guy762_DroidRace_DevWD" ParentName="guy762_KotORDroidBase">
		<defName>guy762_DroidRace_DevWD</defName>
		<label>Devastator-class war droid</label>
		<description>Originally designed by Ubrikkian Steamworks as a competitor to the Kellenech Sentinel droid, the original Devastator prototype was recieved with little interest from the Republic military, deemed too complicated for widespread field use and too dangerous for the private market. This significantly stripped-down production model was eventually approved for sale, and found many buyers in Outer Rim militias and private security forces as a cheap battle droid, but few of the original prototypes remain.\n\nThis droid is capable of the following work types:\n\n-Combat\n-Hauling\n-Firefighting</description>
		<alienRace>
			<graphicPaths>
                <body>
                    <path>Droid/DevWD/DevWD_body</path>
                </body>
				<bodyMasks>
				  <path>Droid/DevWD/DevWD_bodymask</path>
				</bodyMasks>
                <head>
                    <path>Droid/DevWD/DevWD_head</path>
					<genderGraphics>
                        <Male>Droid/DevWD/DevWD_head</Male>
                        <Female>Droid/DevWD/DevWD_head</Female>
                        <None>Droid/DevWD/DevWD_head</None>
                    </genderGraphics>
                </head>
				<headMasks>
				  <path>Droid/DevWD/DevWD_headmask</path>
				  <genderGraphics>
                        <Male>Droid/DevWD/DevWD_headmask</Male>
                        <Female>Droid/DevWD/DevWD_headmask</Female>
                        <None>Droid/DevWD/DevWD_headmask</None>
                    </genderGraphics>
				</headMasks>
                <skinShader>Cutout</skinShader>
            </graphicPaths>
			<raceRestriction>
				<whiteApparelList>
				  <li>guy762_grenadebelt_frag</li>
				  <li>guy762_grenadebelt_stun</li>
				  <li>guy762_grenadebelt_ion</li>
				  <li>guy762_grenadebelt_sonic</li>
				  <li>guy762_grenadebelt_plasma</li>
				  <li>guy762_grenadebelt_thermaldet</li>
				  <li>Apparel_Bandolier</li>
				  <li>Apparel_Cape</li>
				</whiteApparelList>
				<apparelList>
				  <li>guy762_DroidArmorLte</li>
				  <li>guy762_DroidArmorLte_czerka</li> <!--THERE IS ANOTHER LIST IN THIS DOC-->
				  <li>guy762_DroidArmorLte_env</li>
				  <li>guy762_DroidArmorLte_desh</li>
				  <li>guy762_DroidArmorLte_impact</li>
				  <li>guy762_DroidArmorLte_composite</li>
				  <li>guy762_DroidArmorLte_agrinium</li>
				  
				  <li>guy762_DroidSensor_motion</li>
				  <li>guy762_DroidSensor_surveillance</li>
				  <li>guy762_DroidSensor_fighting</li>
				  <li>guy762_DroidSensor_repair</li>
				  <li>guy762_DroidSensor_memory</li>
				  <li>guy762_DroidSensor_EMPresist</li>
				  <li>guy762_DroidSensor_battle</li>
				  <li>guy762_DroidSensor_microoptics</li>
				  <li>guy762_DroidSensor_perception</li>
				  
				  <li>guy762_DroidShield_basicI</li>
				  <li>guy762_DroidShield_envI</li>
				  <li>guy762_DroidShield_melee</li>
				  <li>guy762_DroidShield_basicII</li>
				  <li>guy762_DroidShield_envII</li>
				  <li>guy762_DroidShield_defI</li>
				  <li>guy762_DroidShield_basicIII</li>
				  <li>guy762_DroidShield_ion</li>
				  <li>guy762_DroidShield_defII</li>
				  <li>guy762_DroidShield_baragwin</li>
				  <li MayRequire ="guy762.KotORGadgets">guy762_DroidShield_arkanian</li>
				  <li MayRequire ="guy762.KotORGadgets">guy762_DroidShield_echani</li>
				  <li MayRequire ="guy762.KotORGadgets">guy762_DroidShield_verpine</li>
				  
				</apparelList>
			</raceRestriction>
            <generalSettings>
                <alienPartGenerator>
					<colorChannels Inherit="False">
						<li>
							<name>skin</name>
							<first Class="ColorGenerator_Options">
								<options>
									<li> <!--republic beige-->
										<weight>100</weight>
										<only>RGBA(225,210,195,255)</only>
									</li>
								</options>
							</first>
						</li>
					</colorChannels>
					<headBodyPartDef>ATR_MechanicalHead</headBodyPartDef>
					<headTypes>
                        <li>guy762_DroidHeadType_DevWD</li>
                    </headTypes>
					<bodyTypes Inherit="False">
                        <li>Female</li>
                    </bodyTypes>
					<customDrawSize>(1.1)</customDrawSize>
                </alienPartGenerator>
				<forcedRaceTraitEntries>
				  <li>
					<defName>Asexual</defName>
				  </li>
				</forcedRaceTraitEntries>
            </generalSettings>
		</alienRace>
        <uiIconPath>UI/Icon_DevWD</uiIconPath>
		<statBases>
			<MarketValue>1000</MarketValue>
			<MoveSpeed>4</MoveSpeed>
			<ComfyTemperatureMin>-25</ComfyTemperatureMin>
			<ComfyTemperatureMax>25</ComfyTemperatureMax>
			
			<GlobalLearningFactor>0.1</GlobalLearningFactor>
			<WorkSpeedGlobal>0.5</WorkSpeedGlobal>
			
			<ArmorRating_Sharp>0.1</ArmorRating_Sharp>
			<ArmorRating_Blunt>0.05</ArmorRating_Blunt>
            <ArmorRating_Heat>0.2</ArmorRating_Heat>
			<InjuryHealingFactor>0.25</InjuryHealingFactor>
            <!--IncomingDamageFactor>1</IncomingDamageFactor-->
			
            <EMPResistance MayRequire="Ludeon.RimWorld.Biotech">0</EMPResistance>
			
            <MHC_MaintenanceRetention>0.75</MHC_MaintenanceRetention>
			
            <MHC_NutritionalIntakeEfficiency>0.75</MHC_NutritionalIntakeEfficiency>
            <MHC_ChargingSpeed>0.75</MHC_ChargingSpeed>
			
			<MDR_ComplexityLimit MayRequire="Killathon.MechanicalHumanlikes.MechDronesReprogrammed">10</MDR_ComplexityLimit>
            <MDR_SkillLimit MayRequire="Killathon.MechanicalHumanlikes.MechDronesReprogrammed">12</MDR_SkillLimit>
			
			<Mass>75</Mass>
		</statBases>
		<race>
			<body>ATR_KotORDroidBody_NoTechBiped</body>
			<hasGenders>false</hasGenders>
			<lifeExpectancy>100</lifeExpectancy>
			<baseHealthScale>1</baseHealthScale>
			<baseHungerRate>0.65</baseHungerRate>
			<baseBodySize>1</baseBodySize>
			<lifeStageAges>
				<li>
					<def>AnimalAdult</def>
					<minAge>0.0</minAge>
					<soundAmbience>kotorsound_DevastatorWD_ambient</soundAmbience>
					<soundAngry>kotorsound_DevastatorWD_angry</soundAngry>
					<soundCall>kotorsound_DevastatorWD_call</soundCall>
					<soundWounded>kotorsound_DevastatorWD_wounded</soundWounded>
					<soundDeath>kotorsound_DevastatorWD_death</soundDeath>
				</li>
			</lifeStageAges>
		</race>
		<modExtensions>
			<li Class="MechHumanlikes.MHC_MechanicalPawnExtension">
                <canBeSapient>false</canBeSapient>
				<droneSkillLevel>10</droneSkillLevel>
                <dronesCanHaveTraits>false</dronesCanHaveTraits>
				<useCustomNoneGenderNameMakers>true</useCustomNoneGenderNameMakers>
                <sapientNoneGenderNameMaker>guy762_DroidNamer_DevWD</sapientNoneGenderNameMaker>
                <droneNoneGenderNameMaker>guy762_DroidNamer_DevWD</droneNoneGenderNameMaker>
                <letPawnKindHandleDroneBackstories>false</letPawnKindHandleDroneBackstories>
                <droneChildhoodBackstoryDef>guy762_Backstory_DevWD</droneChildhoodBackstoryDef>
                <droneAdulthoodBackstoryDef>guy762_Backstory_wardroid</droneAdulthoodBackstoryDef>
                <blacklistedNeeds>
                    <li>DrugDesire</li>
                    <li MayRequire="Dubwise.DubsBadHygiene">Hygiene</li>
                    <li MayRequire="Dubwise.DubsBadHygiene">Bladder</li>
                    <li MayRequire="Dubwise.DubsBadHygiene">DBHThirst</li>
					<li MayRequire="rim.job.world">Sex</li>
                </blacklistedNeeds>
                <blacklistedSapientNeeds>
                    <li>RoomSize</li>
                    <li>Joy</li>
                    <li>Beauty</li>
                    <li>Comfort</li>
                    <li>Outdoors</li>
                    <li>Indoors</li>
                </blacklistedSapientNeeds>
                <mechanicalNeeds>
                    <li><key>MHC_Coolant</key><value>0.75</value></li>
                    <li><key>MHC_Lubrication</key><value>1</value></li>
                </mechanicalNeeds>
            </li>
            <li Class="ATReforged.ATR_PawnExtension">
                <isAndroid>true</isAndroid>
            </li>
			<li Class="MechHumanlikes.MDR_ProgrammableDroneExtension" MayRequire="Killathon.MechanicalHumanlikes.MechDronesReprogrammed">
                <maxDirectives>1</maxDirectives>
				<inherentSkills>
                    <li><key>Shooting</key><value>8</value></li>
                    <li><key>Melee</key><value>4</value></li>
                </inherentSkills>
				<inherentWorkTypes>
					<li>Hunting</li>
					<li>Hauling</li>
					<li>Firefighter</li>
					<li>BasicWorker</li>
				</inherentWorkTypes>
				<forbiddenWorkTypes>
					<li>Art</li>
					<li>Doctor</li>
					<li>Cooking</li>
					<li>Growing</li>
					<li>Handling</li>
					<li>Construction</li>
					<li>Smithing</li>
					<li>Crafting</li>
					<li>Tailoring</li>
					<li>Warden</li>
					<li MayRequire="Orion.Hospitality">Diplomat</li>
					<li>Research</li>
				</forbiddenWorkTypes>
            </li>
		</modExtensions>
		<tools>
			<li>
				<label>right fist</label>
				<capacities>
					<li>Blunt</li>
				</capacities>
				<power>6</power>
				<cooldownTime>2</cooldownTime>
				<linkedBodyPartsGroup>RightHand</linkedBodyPartsGroup>
				<surpriseAttack>
					<extraMeleeDamages>
						<li>
							<def>Stun</def>
							<amount>8</amount>
						</li>
					</extraMeleeDamages>
				</surpriseAttack>
			</li>
			<li>
				<label>left fist</label>
				<capacities>
					<li>Blunt</li>
				</capacities>
				<power>6</power>
				<cooldownTime>2</cooldownTime>
				<linkedBodyPartsGroup>LeftHand</linkedBodyPartsGroup>
				<surpriseAttack>
					<extraMeleeDamages>
						<li>
							<def>Stun</def>
							<amount>8</amount>
						</li>
					</extraMeleeDamages>
				</surpriseAttack>
			</li>
			<li>
				<label>head</label>
				<capacities>
					<li>Blunt</li>
				</capacities>
				<power>4</power>
				<cooldownTime>2</cooldownTime>
				<linkedBodyPartsGroup>HeadAttackTool</linkedBodyPartsGroup>
                <ensureLinkedBodyPartsGroupAlwaysUsable>true</ensureLinkedBodyPartsGroupAlwaysUsable>
				<chanceFactor>0.2</chanceFactor>
			</li>
		</tools>
		<recipes>
            <li>MHC_CoolantInjection</li>
            <li>MHC_LubricantInjection</li>
        </recipes>
		<butcherProducts>
            <Steel>20</Steel>
			<Plasteel>10</Plasteel>
			<ComponentIndustrial>2</ComponentIndustrial>
		</butcherProducts>
		<tradeTags>
            <li>guy762TT_KotORDroids_battlebasic</li>
		</tradeTags>
	</AlienRace.ThingDef_AlienRace>
	
	
	
	
	
	
	
	<AlienRace.ThingDef_AlienRace ParentName="guy762_DroidRace_DevWD">
		<defName>guy762_DroidRace_DevAD</defName>
		<label>Devastator-class Type II assassin droid</label>
		<description>Loosely-based on schematics for the original Ubrikkian Steamworks prototype, this is an upgrade over the common "war droid" variant of the Devastator-class droid. This model has not been approved by the Republic for manufacture and does not "officially" exist; rather, the design was secretly sold to various interested underworld organizations, and is manufactured privately without any involvement from Ubrikkian.\n\nCompared to the "war droid" variant, this advanced model is faster, can handle significantly more system upgrades, and has the necessary mounts to equip proper Class II armor plating. However, most of the basic programmed labor functions normally required for use as a military war droid have been removed to clear space for enhanced combat capabilities.\n\nThis droid is capable of the following work types:\n\n-Combat\n-Hunting</description>
		<alienRace>
            <raceRestriction>
				<apparelList  Inherit="False">
				  <li>guy762_DroidArmorMid</li>
				  <li>guy762_DroidArmorMid_czerka</li> <!--THERE IS ANOTHER LIST IN THIS DOC-->
				  <li>guy762_DroidArmorMid_env</li>
				  <li>guy762_DroidArmorMid_desh</li>
				  <li>guy762_DroidArmorMid_impact</li>
				  <li>guy762_DroidArmorMid_composite</li>
				  <li>guy762_DroidArmorMid_quadranium</li>
				  
				  <li>guy762_DroidSoftware_computer</li>
				  <li>guy762_DroidSoftware_security</li>
				  <li>guy762_DroidSoftware_lockout</li>
				  <li>guy762_DroidSoftware_exchange</li>
				  <li>guy762_DroidSoftware_repair</li>
				  <li>guy762_DroidSoftware_demo</li>
				  <li>guy762_DroidSoftware_anatomy</li>
				  
				  <li>guy762_DroidHardware_agility</li>
				  <li>guy762_DroidHardware_motivator</li>
				  <li>guy762_DroidHardware_durability</li>
				  <li>guy762_DroidHardware_parabolic</li>
				  <li>guy762_DroidHardware_systems</li>
				  <li>guy762_DroidHardware_remote</li>
				  
				  <li>guy762_DroidSensor_motion</li>
				  <li>guy762_DroidSensor_surveillance</li>
				  <li>guy762_DroidSensor_fighting</li>
				  <li>guy762_DroidSensor_repair</li>
				  <li>guy762_DroidSensor_memory</li>
				  <li>guy762_DroidSensor_EMPresist</li>
				  <li>guy762_DroidSensor_battle</li>
				  <li>guy762_DroidSensor_microoptics</li>
				  <li>guy762_DroidSensor_perception</li>
				  
				  <li>guy762_DroidWeapon_holdout</li>
				  <li>guy762_DroidWeapon_trishot</li>
				  <li>guy762_DroidWeapon_pulse</li>
				  <li>guy762_DroidWeapon_sonic</li>
				  <li>guy762_DroidWeapon_plasma</li>
				  <li>guy762_DroidWeapon_railgun</li>
				  
				  <li>guy762_DroidShield_basicI</li>
				  <li>guy762_DroidShield_envI</li>
				  <li>guy762_DroidShield_melee</li>
				  <li>guy762_DroidShield_basicII</li>
				  <li>guy762_DroidShield_envII</li>
				  <li>guy762_DroidShield_defI</li>
				  <li>guy762_DroidShield_basicIII</li>
				  <li>guy762_DroidShield_ion</li>
				  <li>guy762_DroidShield_defII</li>
				  <li>guy762_DroidShield_baragwin</li>
				  <li MayRequire ="guy762.KotORGadgets">guy762_DroidShield_arkanian</li>
				  <li MayRequire ="guy762.KotORGadgets">guy762_DroidShield_echani</li>
				  <li MayRequire ="guy762.KotORGadgets">guy762_DroidShield_verpine</li>
				  
				  <li>guy762_DroidSensor_warfare</li>
				  <li MayRequire ="guy762.KotORGadgets">guy762_DroidStealthDevice</li>
				</apparelList>
			</raceRestriction>
			<generalSettings>
                <alienPartGenerator>
					<colorChannels Inherit="False">
						<li>
							<name>skin</name>
							<first Class="ColorGenerator_Options">
								<options>
									<li> <!--flat crimson-->
										<weight>1</weight>
										<only>RGBA(145,65,70,255)</only>
									</li>
								</options>
							</first>
						</li>
					</colorChannels>
                </alienPartGenerator>
            </generalSettings>
		</alienRace>
		<statBases>
			<MarketValue>8600</MarketValue>
			<MoveSpeed>6</MoveSpeed>
			<!--IncomingDamageFactor>0.9</IncomingDamageFactor-->
			<InjuryHealingFactor>0.45</InjuryHealingFactor>
			
			<MHC_MaintenanceRetention>0.85</MHC_MaintenanceRetention>
			
			<MDR_ComplexityLimit MayRequire="Killathon.MechanicalHumanlikes.MechDronesReprogrammed">15</MDR_ComplexityLimit>
            <MDR_SkillLimit MayRequire="Killathon.MechanicalHumanlikes.MechDronesReprogrammed">16</MDR_SkillLimit>
		</statBases>
		<race>
			<body>ATR_KotORDroidBody_DevAD</body>
			<lifeExpectancy>1000</lifeExpectancy>
			<baseHealthScale>1.25</baseHealthScale>
		</race>
		<modExtensions Inherit="False">
			<li Class="MechHumanlikes.MHC_MechanicalPawnExtension">
                <canBeSapient>false</canBeSapient>
				<droneSkillLevel>14</droneSkillLevel>
                <dronesCanHaveTraits>false</dronesCanHaveTraits>
				<useCustomNoneGenderNameMakers>true</useCustomNoneGenderNameMakers>
                <sapientNoneGenderNameMaker>guy762_DroidNamer_DevWD</sapientNoneGenderNameMaker>
                <droneNoneGenderNameMaker>guy762_DroidNamer_DevWD</droneNoneGenderNameMaker>
                <letPawnKindHandleDroneBackstories>false</letPawnKindHandleDroneBackstories>
                <droneChildhoodBackstoryDef>guy762_Backstory_DevAD</droneChildhoodBackstoryDef>
                <droneAdulthoodBackstoryDef>guy762_Backstory_asndroid</droneAdulthoodBackstoryDef>
                <blacklistedNeeds>
                    <li>DrugDesire</li>
                    <li MayRequire="Dubwise.DubsBadHygiene">Hygiene</li>
                    <li MayRequire="Dubwise.DubsBadHygiene">Bladder</li>
                    <li MayRequire="Dubwise.DubsBadHygiene">DBHThirst</li>
					<li MayRequire="rim.job.world">Sex</li>
                </blacklistedNeeds>
                <blacklistedSapientNeeds>
                    <li>RoomSize</li>
                    <li>Joy</li>
                    <li>Beauty</li>
                    <li>Comfort</li>
                    <li>Outdoors</li>
                    <li>Indoors</li>
                </blacklistedSapientNeeds>
                <mechanicalNeeds>
                    <li><key>MHC_Coolant</key><value>1</value></li>
                    <li><key>MHC_Lubrication</key><value>2.5</value></li>
                </mechanicalNeeds>
            </li>
            <li Class="ATReforged.ATR_PawnExtension">
                <isAndroid>true</isAndroid>
            </li>
			<li Class="MechHumanlikes.MDR_ProgrammableDroneExtension" MayRequire="Killathon.MechanicalHumanlikes.MechDronesReprogrammed">
                <maxDirectives>2</maxDirectives>
				<inherentSkills>
                    <li><key>Shooting</key><value>14</value></li>
                    <li><key>Melee</key><value>10</value></li>
                </inherentSkills>
				<inherentWorkTypes>
					<li>Hunting</li>
				</inherentWorkTypes>
				<forbiddenWorkTypes>
					<li>Art</li>
					<li>Doctor</li>
					<li>Cooking</li>
					<li>Growing</li>
					<li>PlantCutting</li>
					<li>Handling</li>
					<li>Construction</li>
					<li>Smithing</li>
					<li>Crafting</li>
					<li>Tailoring</li>
					<li>Warden</li>
					<li MayRequire="Orion.Hospitality">Diplomat</li>
					<li>Research</li>
				</forbiddenWorkTypes>
            </li>
		</modExtensions>
        <uiIconPath>UI/Icon_DevAD</uiIconPath>
		<tradeTags>
            <li>guy762TT_KotORDroids_battleadv</li>
		</tradeTags>
		<butcherProducts>
            <Steel>40</Steel>
			<Plasteel>20</Plasteel>
			<ComponentIndustrial>8</ComponentIndustrial>
			<ComponentSpacer>1</ComponentSpacer>
		</butcherProducts>
	</AlienRace.ThingDef_AlienRace>
	
	
	


</Defs>