<?xml version="1.0" encoding="utf-8"?>
<Defs>

	
	<BackstoryDef>
		<defName>guy762_Backstory_AssaultMk1</defName>
		<title>Assault Droid Mark I</title>
		<titleShort>Assault Droid</titleShort>
		<baseDesc>This is an advanced assault droid.</baseDesc>
		<slot>Childhood</slot>
		<spawnCategories>
			<li>guy762BSC_Droid_assault_mk1</li>
			<li>guy762BSC_Droid_all</li>
		</spawnCategories>
		<workDisables>
			<li>Social</li>
			<li>AllWork</li>
		</workDisables>
		<requiredWorkTags>
			<li>Violent</li>
		</requiredWorkTags>
	</BackstoryDef>
	
	
	
	
	
	<AlienRace.ThingDef_AlienRace Name="guy762_DroidRace_ADMkI" ParentName="guy762_KotORDroidBase">
		<defName>guy762_DroidRace_ADMkI</defName>
		<label>Assault Droid Mark I</label>
		<description>One of Revan's many war droid designs created during the Mandalorian Wars, this peculiar one-legged design only caught on after the wars ended, and was marketed by Czerka Arms as a powerful security/defense droid.\n\nThis droid is capable of the following work types:\n\n-Combat</description>
		<alienRace>
			<graphicPaths>
                <body>
                    <path>Droid/AssaultMk1/AssaultMk1</path>
                </body>
				<bodyMasks>
				  <path>Droid/AssaultMk1/AssaultMk1_mask</path>
				</bodyMasks>
				<head>
                    <path>768blank</path>
                </head>
                <skinShader>Cutout</skinShader>
            </graphicPaths>
			<raceRestriction>
				<apparelList>
				  <li>guy762_DroidArmorHvy</li>
				  <li>guy762_DroidArmorHvy_czerka</li> <!--THERE IS ANOTHER LIST IN THIS DOC-->
				  <li>guy762_DroidArmorHvy_env</li>
				  <li>guy762_DroidArmorHvy_desh</li>
				  <li>guy762_DroidArmorHvy_impact</li>
				  <li>guy762_DroidArmorHvy_composite</li>
				  <li>guy762_DroidArmorHvy_diatium</li>
				  
				  <li>guy762_DroidHardware_agility</li>
				  <li>guy762_DroidHardware_motivator</li>
				  <li>guy762_DroidHardware_durability</li>
				  <li>guy762_DroidHardware_parabolic</li>
				  <li>guy762_DroidHardware_systems</li>
				  <li>guy762_DroidHardware_remote</li>
				  
				  <li>guy762_DroidSensor_motion</li>
				  <li>guy762_DroidSensor_surveillance</li>
				  <li>guy762_DroidSensor_fighting</li>
				  <li>guy762_DroidSensor_repair</li>
				  <li>guy762_DroidSensor_memory</li>
				  <li>guy762_DroidSensor_EMPresist</li>
				  <li>guy762_DroidSensor_battle</li>
				  <li>guy762_DroidSensor_microoptics</li>
				  <li>guy762_DroidSensor_perception</li>
				  
				  <li>guy762_DroidWeapon_holdout</li>
				  <li>guy762_DroidWeapon_trishot</li>
				  <li>guy762_DroidWeapon_pulse</li>
				  <li>guy762_DroidWeapon_sonic</li>
				  <li>guy762_DroidWeapon_plasma</li>
				  <li>guy762_DroidWeapon_railgun</li>
				  
				  <li>guy762_DroidWeapon_flamethrower</li>
				  <li>guy762_DroidWeapon_ion</li>
				  <li>guy762_DroidWeapon_seekerrocket</li>
				  <li>guy762_DroidWeapon_microrocket</li>
				  <li>guy762_DroidWeapon_stunbeam</li>
				  <li>guy762_DroidWeapon_toxbeam</li>
				  
				  <li>guy762_HvyShield_basic</li>
				  <li>guy762_HvyShield_env</li>
				  <li>guy762_HvyShield_thermal</li>
				  <li>guy762_HvyShield_debris</li>
				  <li>guy762_HvyShield_echani</li>
				  <li>guy762_HvyShield_baragwin</li>
				  <li>guy762_HvyShield_ion</li>
				  <li>guy762_HvyShield_deflector</li>
				  <li>guy762_HvyShield_balmorran</li>
				  <li>guy762_HvyShield_starforge</li>
				  
				  <li>guy762_DroidSensor_warfare</li>
				</apparelList>
			</raceRestriction>
            <generalSettings>
                <alienPartGenerator>
					<colorChannels Inherit="False">
						<li>
							<name>skin</name>
							<first Class="ColorGenerator_Options">
								<options>
									<li> <!--slightly darker t3-->
										<weight>100</weight>
										<only>RGBA(215,235,235,255)</only>
									</li>
								</options>
							</first>
							<second Class="ColorGenerator_Options">
								<options>
									<li> <!--LED cyan-->
										<weight>100</weight>
										<only>RGBA(0,255,255,255)</only>
									</li>
								</options>
							</second>
						</li>
					</colorChannels>
					<headTypes>
                        <li>guy762_DroidHeadType_HK</li>
                    </headTypes>
					<customDrawSize>(1.5)</customDrawSize>
                </alienPartGenerator>
				<forcedRaceTraitEntries>
				  <li>
					<defName>Asexual</defName>
				  </li>
				</forcedRaceTraitEntries>
            </generalSettings>
		</alienRace>
        <uiIconPath>UI/Icon_ADMk1</uiIconPath>
		<statBases>
			<MarketValue>14000</MarketValue>
			<MoveSpeed>3</MoveSpeed>
			<ComfyTemperatureMin>-150</ComfyTemperatureMin>
			<ComfyTemperatureMax>150</ComfyTemperatureMax>
			
			<GlobalLearningFactor>0.4</GlobalLearningFactor>
			
			<ArmorRating_Sharp>0.4</ArmorRating_Sharp>
			<ArmorRating_Blunt>0.3</ArmorRating_Blunt>
            <ArmorRating_Heat>0.5</ArmorRating_Heat>
            <InjuryHealingFactor>0.75</InjuryHealingFactor>
            <!--IncomingDamageFactor>0.9</IncomingDamageFactor-->
			
			<AimingDelayFactor>0.9</AimingDelayFactor>
            <RangedCooldownFactor MayRequire="Ludeon.RimWorld.Biotech">0.9</RangedCooldownFactor>
            <StaggerDurationFactor MayRequire="Ludeon.RimWorld.Biotech">0.75</StaggerDurationFactor>
            <EMPResistance MayRequire="Ludeon.RimWorld.Biotech">0.8</EMPResistance>
			
			<MDR_ComplexityLimit MayRequire="Killathon.MechanicalHumanlikes.MechDronesReprogrammed">15</MDR_ComplexityLimit>
            <MDR_SkillLimit MayRequire="Killathon.MechanicalHumanlikes.MechDronesReprogrammed">16</MDR_SkillLimit>
			
            <MHC_MaintenanceRetention>0.5</MHC_MaintenanceRetention>
			
            <MHC_NutritionalIntakeEfficiency>1</MHC_NutritionalIntakeEfficiency>
            <MHC_ChargingSpeed>1</MHC_ChargingSpeed>
			
			<Mass>150</Mass>
		</statBases>
		<race>
			<body>ATR_KotORDroidBody_ADMkI</body>
			<hasGenders>false</hasGenders>
			<lifeExpectancy>500</lifeExpectancy>
			<baseHealthScale>2</baseHealthScale>
			<baseHungerRate>0.85</baseHungerRate>
			<baseBodySize>1.5</baseBodySize>
			<lifeStageAges>
				<li>
					<def>AnimalAdult</def>
					<minAge>0.0</minAge>
					<soundAmbience>kotorsound_AssaultMk1_ambient</soundAmbience>
					<soundAngry>kotorsound_AssaultMk1_angry</soundAngry>
					<soundCall>kotorsound_AssaultMk1_call</soundCall>
					<soundWounded>kotorsound_AssaultMk1_wounded</soundWounded>
					<soundDeath>kotorsound_AssaultMk1_death</soundDeath>
				</li>
			</lifeStageAges>
		</race>
		<modExtensions>
			<li Class="MechHumanlikes.MHC_MechanicalPawnExtension">
                <canBeSapient>false</canBeSapient>
				<droneSkillLevel>14</droneSkillLevel>
                <dronesCanHaveTraits>false</dronesCanHaveTraits>
				<useCustomNoneGenderNameMakers>true</useCustomNoneGenderNameMakers>
                <sapientNoneGenderNameMaker>guy762_DroidNamer_ADMkI</sapientNoneGenderNameMaker>
                <droneNoneGenderNameMaker>guy762_DroidNamer_ADMkI</droneNoneGenderNameMaker>
                <letPawnKindHandleDroneBackstories>false</letPawnKindHandleDroneBackstories>
                <droneChildhoodBackstoryDef>guy762_Backstory_AssaultMk1</droneChildhoodBackstoryDef>
                <droneAdulthoodBackstoryDef>guy762_Backstory_assaultdroid</droneAdulthoodBackstoryDef>
                <blacklistedNeeds>
                    <li>DrugDesire</li>
                    <li MayRequire="Dubwise.DubsBadHygiene">Hygiene</li>
                    <li MayRequire="Dubwise.DubsBadHygiene">Bladder</li>
                    <li MayRequire="Dubwise.DubsBadHygiene">DBHThirst</li>
					<li MayRequire="rim.job.world">Sex</li>
                </blacklistedNeeds>
                <blacklistedSapientNeeds>
                    <li>RoomSize</li>
                    <li>Joy</li>
                    <li>Beauty</li>
                    <li>Comfort</li>
                    <li>Outdoors</li>
                    <li>Indoors</li>
                </blacklistedSapientNeeds>
                <mechanicalNeeds>
                    <li><key>MHC_Coolant</key><value>2</value></li>
                    <li><key>MHC_Lubrication</key><value>2</value></li>
                </mechanicalNeeds>
            </li>
            <li Class="ATReforged.ATR_PawnExtension">
                <isAndroid>true</isAndroid>
            </li>
			<li Class="MechHumanlikes.MDR_ProgrammableDroneExtension" MayRequire="Killathon.MechanicalHumanlikes.MechDronesReprogrammed">
                <maxDirectives>2</maxDirectives>
				<inherentSkills>
                    <li><key>Shooting</key><value>14</value></li>
                    <li><key>Melee</key><value>10</value></li>
                </inherentSkills>
				<inherentWorkTypes>
					<li>Hunting</li>
				</inherentWorkTypes>
				<forbiddenWorkTypes>
					<li>Art</li>
					<li>Doctor</li>
					<li>Cleaning</li>
					<li>Cooking</li>
					<li>Growing</li>
					<li>PlantCutting</li>
					<li>Handling</li>
					<li>Smithing</li>
					<li>Crafting</li>
					<li>Tailoring</li>
					<li>Construction</li>
					<li>Warden</li>
					<li MayRequire="Orion.Hospitality">Diplomat</li>
					<li>Research</li>
				</forbiddenWorkTypes>
            </li>
		</modExtensions>
		<tools>
			<li>
				<label>right arm</label>
				<capacities>
					<li>Blunt</li>
				</capacities>
				<power>14</power>
				<cooldownTime>2</cooldownTime>
				<linkedBodyPartsGroup>FrontRightPaw</linkedBodyPartsGroup>
				<surpriseAttack>
					<extraMeleeDamages>
						<li>
							<def>Stun</def>
							<amount>22</amount>
						</li>
					</extraMeleeDamages>
				</surpriseAttack>
			</li>
			<li>
				<label>left arm</label>
				<capacities>
					<li>Blunt</li>
				</capacities>
				<power>14</power>
				<cooldownTime>2</cooldownTime>
				<linkedBodyPartsGroup>FrontLeftPaw</linkedBodyPartsGroup>
				<surpriseAttack>
					<extraMeleeDamages>
						<li>
							<def>Stun</def>
							<amount>22</amount>
						</li>
					</extraMeleeDamages>
				</surpriseAttack>
			</li>
		</tools>
		<recipes>
            <li>MHC_CoolantInjection</li>
            <li>MHC_LubricantInjection</li>
        </recipes>
		<butcherProducts>
            <Plasteel>60</Plasteel>
            <Uranium>20</Uranium>
            <ComponentIndustrial>5</ComponentIndustrial>
            <ComponentSpacer>2</ComponentSpacer>
		</butcherProducts>
		<tradeTags>
            <li>guy762TT_KotORDroids_battleadv</li>
		</tradeTags>
	</AlienRace.ThingDef_AlienRace>
	
	<AlienRace.ThingDef_AlienRace ParentName="guy762_DroidRace_ADMkI">
		<defName>guy762_DroidRace_ADMkI_sf</defName>
		<label>Star Forge Assault Droid</label>
		<description>This variant of Czerka's Mark I Assault Droid was developed specifically for the defense of the recently-discovered Star Forge. Its base design was overhauled to the point where mass production would be completely unsustainable without the resources and capabilities of the Star Forge. Many among the Sith (including Revan themself) believed these droids were indestructible, but such theories were dismissed after Revan effortlessly cleaved through them before confronting Darth Malak at the end of the war.\n\nThis droid is capable of the following work types:\n\n-Combat</description>
		<alienRace>
            <raceRestriction>
				<apparelList  Inherit="False">
				  <li>guy762_DroidArmorHvy</li>
				  <li>guy762_DroidArmorHvy_czerka</li> <!--THERE IS ANOTHER LIST IN THIS DOC-->
				  <li>guy762_DroidArmorHvy_env</li>
				  <li>guy762_DroidArmorHvy_desh</li>
				  <li>guy762_DroidArmorHvy_impact</li>
				  <li>guy762_DroidArmorHvy_composite</li>
				  <li>guy762_DroidArmorHvy_diatium</li>
				  
				  <li>guy762_DroidHardware_agility</li>
				  <li>guy762_DroidHardware_motivator</li>
				  <li>guy762_DroidHardware_durability</li>
				  <li>guy762_DroidHardware_parabolic</li>
				  <li>guy762_DroidHardware_systems</li>
				  <li>guy762_DroidHardware_remote</li>
				  
				  <li>guy762_DroidSensor_motion</li>
				  <li>guy762_DroidSensor_surveillance</li>
				  <li>guy762_DroidSensor_fighting</li>
				  <li>guy762_DroidSensor_repair</li>
				  <li>guy762_DroidSensor_memory</li>
				  <li>guy762_DroidSensor_EMPresist</li>
				  <li>guy762_DroidSensor_battle</li>
				  <li>guy762_DroidSensor_microoptics</li>
				  <li>guy762_DroidSensor_perception</li>
				  
				  <li>guy762_DroidWeapon_holdout</li>
				  <li>guy762_DroidWeapon_trishot</li>
				  <li>guy762_DroidWeapon_pulse</li>
				  <li>guy762_DroidWeapon_sonic</li>
				  <li>guy762_DroidWeapon_plasma</li>
				  <li>guy762_DroidWeapon_railgun</li>
				  
				  <li>guy762_DroidWeapon_flamethrower</li>
				  <li>guy762_DroidWeapon_ion</li>
				  <li>guy762_DroidWeapon_seekerrocket</li>
				  <li>guy762_DroidWeapon_microrocket</li>
				  <li>guy762_DroidWeapon_stunbeam</li>
				  <li>guy762_DroidWeapon_toxbeam</li>
				  
				  <li>guy762_LgtCannon_mininglaser</li>
				  <li>guy762_LgtCannon_hvyrep</li>
				  <li>guy762_LgtCannon_blaster</li>
				  <li>guy762_LgtCannon_pulse</li>
				  <li>guy762_LgtCannon_massdriver</li>
				  <li>guy762_LgtCannon_railgun</li>

				  <li>guy762_HvyShield_basic</li>
				  <li>guy762_HvyShield_env</li>
				  <li>guy762_HvyShield_thermal</li>
				  <li>guy762_HvyShield_debris</li>
				  <li>guy762_HvyShield_echani</li>
				  <li>guy762_HvyShield_baragwin</li>
				  <li>guy762_HvyShield_ion</li>
				  <li>guy762_HvyShield_deflector</li>
				  <li>guy762_HvyShield_balmorran</li>
				  <li>guy762_HvyShield_starforge</li>
				  
				  <li>guy762_DroidSensor_warfare</li>
				</apparelList>
			</raceRestriction>
			<generalSettings>
                <alienPartGenerator>
					<colorChannels Inherit="False">
						<li>
							<name>skin</name>
							<first Class="ColorGenerator_Options">
								<options>
									<li> <!--star forge red-->
										<weight>100</weight>
										<only>RGBA(170,60,55,255)</only>
									</li>
								</options>
							</first>
							<second Class="ColorGenerator_Options">
								<options>
									<li> <!--LED red-->
										<weight>100</weight>
										<only>RGBA(255,0,0,255)</only>
									</li>
								</options>
							</second>
						</li>
					</colorChannels>
                </alienPartGenerator>
            </generalSettings>
		</alienRace>
        <uiIconPath>UI/Icon_ADMk1_sf</uiIconPath>
		<statBases>
			<MarketValue>34910</MarketValue>
			
            <IncomingDamageFactor>0.9</IncomingDamageFactor>
			
			<MHC_MaintenanceRetention>1</MHC_MaintenanceRetention>
			
			<AimingDelayFactor>0.8</AimingDelayFactor>
            <RangedCooldownFactor MayRequire="Ludeon.RimWorld.Biotech">0.8</RangedCooldownFactor>
            <StaggerDurationFactor MayRequire="Ludeon.RimWorld.Biotech">0.5</StaggerDurationFactor>
            <EMPResistance MayRequire="Ludeon.RimWorld.Biotech">1</EMPResistance>
		</statBases>
		<race>
			<body>ATR_KotORDroidBody_ADMkI_sf</body>
		</race>
		<modExtensions Inherit="False">
			<li Class="MechHumanlikes.MHC_MechanicalPawnExtension">
                <canBeSapient>false</canBeSapient>
				<droneSkillLevel>16</droneSkillLevel>
                <dronesCanHaveTraits>false</dronesCanHaveTraits>
				<useCustomNoneGenderNameMakers>true</useCustomNoneGenderNameMakers>
                <sapientNoneGenderNameMaker>guy762_DroidNamer_ADMkI</sapientNoneGenderNameMaker>
                <droneNoneGenderNameMaker>guy762_DroidNamer_ADMkI</droneNoneGenderNameMaker>
                <letPawnKindHandleDroneBackstories>false</letPawnKindHandleDroneBackstories>
                <droneChildhoodBackstoryDef>guy762_Backstory_AssaultMk1</droneChildhoodBackstoryDef>
                <droneAdulthoodBackstoryDef>guy762_Backstory_assaultdroid</droneAdulthoodBackstoryDef>
                <blacklistedNeeds>
                    <li>DrugDesire</li>
                    <li MayRequire="Dubwise.DubsBadHygiene">Hygiene</li>
                    <li MayRequire="Dubwise.DubsBadHygiene">Bladder</li>
                    <li MayRequire="Dubwise.DubsBadHygiene">DBHThirst</li>
					<li MayRequire="rim.job.world">Sex</li>
                </blacklistedNeeds>
                <blacklistedSapientNeeds>
                    <li>RoomSize</li>
                    <li>Joy</li>
                    <li>Beauty</li>
                    <li>Comfort</li>
                    <li>Outdoors</li>
                    <li>Indoors</li>
                </blacklistedSapientNeeds>
                <mechanicalNeeds>
                    <li><key>MHC_Coolant</key><value>3</value></li>
                    <li><key>MHC_Lubrication</key><value>2</value></li>
                </mechanicalNeeds>
            </li>
			<li Class="ATReforged.ATR_PawnExtension">
                <isAndroid>true</isAndroid>
            </li>
			<li Class="MechHumanlikes.MDR_ProgrammableDroneExtension" MayRequire="Killathon.MechanicalHumanlikes.MechDronesReprogrammed">
                <maxDirectives>3</maxDirectives>
				<inherentSkills>
                    <li><key>Shooting</key><value>18</value></li>
                    <li><key>Melee</key><value>14</value></li>
                </inherentSkills>
				<inherentWorkTypes>
					<li>Hunting</li>
				</inherentWorkTypes>
				<forbiddenWorkTypes>
					<li>Art</li>
					<li>Doctor</li>
					<li>Cleaning</li>
					<li>Cooking</li>
					<li>Growing</li>
					<li>PlantCutting</li>
					<li>Handling</li>
					<li>Smithing</li>
					<li>Crafting</li>
					<li>Tailoring</li>
					<li>Construction</li>
					<li>Warden</li>
					<li MayRequire="Orion.Hospitality">Diplomat</li>
					<li>Research</li>
				</forbiddenWorkTypes>
            </li>
		</modExtensions>
		<butcherProducts>
            <Plasteel>140</Plasteel>
            <Uranium>60</Uranium>
            <ComponentIndustrial>14</ComponentIndustrial>
            <ComponentSpacer>4</ComponentSpacer>
		</butcherProducts>
	</AlienRace.ThingDef_AlienRace>
	
	
	
	


</Defs>