﻿<?xml version="1.0" encoding="utf-8"?>
<Defs>


  <TraderKindDef>
    <defName>guy762_TraderKind_gunrunner</defName>
    <label>black market gunrunner</label>
    <orbital>true</orbital>
	<!--faction>ScumAndVillainy</faction-->
    <commonalityMultFromPopulationIntent>
      <points>
        <li>(0.2, 0)</li>
        <li>(1,   1)</li>
        <li>(2,   3)</li>
      </points>
    </commonalityMultFromPopulationIntent>
    <stockGenerators>
	
	
	
	 <!-- CURRENCY -->
      <li Class="StockGenerator_SingleDef">
        <thingDef>Silver</thingDef>
        <countRange>1500~3000</countRange>
      </li>
	  <li Class="StockGenerator_SingleDef">
        <thingDef>Gold</thingDef>
        <countRange>50~200</countRange>
      </li>
	  
	  <li MayRequire ="MG.KnightsOfTheOuterRim" Class="StockGenerator_SingleDef">
		<thingDef>guy762_KotORcredits</thingDef>
		<countRange>25000~50000</countRange>
	  </li>
	  <li MayRequire ="MG.KnightsOfTheOuterRim" Class="StockGenerator_BuyTradeTag">
		<tag>guy762TT_credits</tag>
	  </li>
	
	
	
	
	
	
	
	
	
	

      <!-- Resources -->
      <li Class="StockGenerator_SingleDef">
        <thingDef>ComponentIndustrial</thingDef>
        <countRange>22~45</countRange>
      </li>
	  <li Class="StockGenerator_ReinforcedBarrels">
        <countRange>1~4</countRange>
      </li>
	  <li Class="StockGenerator_Tag">
        <tradeTag>MortarShell</tradeTag>
        <thingDefCountRange>1~4</thingDefCountRange>
        <countRange>20~40</countRange>
      </li>
	  <li Class="StockGenerator_Tag">
        <tradeTag>guy762TT_LightMunitions</tradeTag>
        <thingDefCountRange>1~4</thingDefCountRange>
        <countRange>10~20</countRange>
      </li>
	  <li Class="StockGenerator_Tag">
        <tradeTag>guy762TT_LightCannons</tradeTag>
        <thingDefCountRange>1~3</thingDefCountRange>
        <countRange>1~2</countRange>
      </li>
	  
	  <li MayRequire ="kentington.saveourship2" Class="StockGenerator_SingleDef">
        <thingDef>ShipTorpedo_HighExplosive</thingDef>
        <countRange>4~8</countRange>
      </li>
	  <li MayRequire ="kentington.saveourship2" Class="StockGenerator_SingleDef">
        <thingDef>ShipTorpedo_EMP</thingDef>
        <countRange>4~8</countRange>
      </li>
	  <li MayRequire ="kentington.saveourship2" Class="StockGenerator_SingleDef">
        <thingDef>ShipTorpedo_Antimatter</thingDef>
        <countRange>0~1</countRange>
      </li>
	  <li MayRequire ="FantasyFan.SOS2.StarWarsShip" Class="StockGenerator_SingleDef">
        <thingDef>CEC_Shell_ProtonTorpedo</thingDef>
        <countRange>4~8</countRange>
      </li>
      
      <!-- Drugs -->
      <li Class="StockGenerator_Category">
        <categoryDef>Drugs</categoryDef>
      </li>
	  
	  <li Class="StockGenerator_Tag">
        <tradeTag>guy762TT_KotORMedicine</tradeTag>
        <thingDefCountRange>0~1</thingDefCountRange>
        <countRange>2~4</countRange>
      </li>
	  
	  <li Class="StockGenerator_Tag">
        <tradeTag>guy762TT_KotORMedpac</tradeTag>
        <thingDefCountRange>2~3</thingDefCountRange>
        <countRange>5~10</countRange>
      </li>
	  
	  <li Class="StockGenerator_Tag">
        <tradeTag>guy762TT_KotORDrugs</tradeTag>
        <thingDefCountRange>1~4</thingDefCountRange>
        <countRange>8~16</countRange>
      </li>
      
      <!-- Techprints -->
      <!-- none -->
      
      <!-- Weapons -->

		
		
	  <li Class="StockGenerator_Tag">
        <tradeTag>guy762TT_KotORGeneric_basic</tradeTag>
        <thingDefCountRange>3~6</thingDefCountRange>
        <countRange>2~4</countRange>
      </li>
	  <li Class="StockGenerator_Tag">
        <tradeTag>guy762TT_KotORGeneric_adv</tradeTag>
        <thingDefCountRange>2~4</thingDefCountRange>
        <countRange>1~2</countRange>
      </li>
	  <li Class="StockGenerator_Tag">
        <tradeTag>guy762TT_KotORGeneric_rare</tradeTag>
        <thingDefCountRange>1~2</thingDefCountRange>
        <countRange>0~1</countRange>
      </li>
	  
	  
	  <li Class="StockGenerator_Tag">
        <tradeTag>guy762TT_KotORMelee</tradeTag>
        <thingDefCountRange>2~4</thingDefCountRange>
        <countRange>1~2</countRange>
      </li>
	  <li Class="StockGenerator_Tag">
        <tradeTag>guy762TT_KotORRanged</tradeTag>
        <thingDefCountRange>2~4</thingDefCountRange>
        <countRange>1~2</countRange>
      </li>
	  <li Class="StockGenerator_Tag">
        <tradeTag>guy762TT_KotORArmor</tradeTag>
        <thingDefCountRange>4~5</thingDefCountRange>
        <countRange>1~2</countRange>
      </li>
	  
	  
	  <li Class="StockGenerator_Tag">
        <tradeTag>guy762TT_KotORAntique</tradeTag>
        <thingDefCountRange>1~3</thingDefCountRange>
        <countRange>0~2</countRange>
      </li>
	  <li Class="StockGenerator_Tag">
        <tradeTag>guy762TT_KotORElite</tradeTag>
        <thingDefCountRange>0~2</thingDefCountRange>
        <countRange>0~1</countRange>
      </li>
	  
	  
	  
	  <li Class="StockGenerator_Tag">
        <tradeTag>guy762TT_KotORLightsaber</tradeTag>
        <thingDefCountRange>0~1</thingDefCountRange>
        <countRange>0~1</countRange>
      </li>
	  
	  
	  
	  <li Class="StockGenerator_Tag">
        <tradeTag>guy762TT_KotOREquipment_apparel</tradeTag>
        <thingDefCountRange>3~6</thingDefCountRange>
        <countRange>1~2</countRange>
      </li>
	  
	  <li Class="StockGenerator_Tag">
        <tradeTag>guy762TT_KotOREquipment_hitech</tradeTag>
        <thingDefCountRange>1~2</thingDefCountRange>
        <countRange>0~1</countRange>
      </li>
	  
	  <li Class="StockGenerator_Tag">
        <tradeTag>guy762TT_KotOREquipment_consumables</tradeTag>
        <thingDefCountRange>3~6</thingDefCountRange>
        <countRange>2~8</countRange>
      </li>

	  
	  
	  
	  <li Class="StockGenerator_Tag">
        <tradeTag>guy762TT_DroidWeapons_light</tradeTag>
        <thingDefCountRange>2~5</thingDefCountRange>
        <countRange>1~3</countRange>
      </li>
	  
	  <li Class="StockGenerator_Tag">
        <tradeTag>guy762TT_DroidWeapons_heavy</tradeTag>
        <thingDefCountRange>1~3</thingDefCountRange>
        <countRange>0~2</countRange>
      </li>
	  
	  
	  
	  
	  
	  <li Class="StockGenerator_Tag">
        <tradeTag>guy762TT_weaponmod_basic</tradeTag>
        <thingDefCountRange>2~4</thingDefCountRange>
        <countRange>1~3</countRange>
      </li>
	  <li Class="StockGenerator_Tag">
        <tradeTag>guy762TT_weaponmod_adv</tradeTag>
        <thingDefCountRange>1~2</thingDefCountRange>
        <countRange>1~2</countRange>
      </li>
	  <li Class="StockGenerator_Tag">
        <tradeTag>guy762TT_weaponmod_rare</tradeTag>
        <thingDefCountRange>0~1</thingDefCountRange>
        <countRange>0~1</countRange>
      </li>
	  
	  <li Class="StockGenerator_Tag">
        <tradeTag>guy762TT_armormod_basic</tradeTag>
        <thingDefCountRange>2~4</thingDefCountRange>
        <countRange>1~3</countRange>
      </li>
	  <li Class="StockGenerator_Tag">
        <tradeTag>guy762TT_armormod_adv</tradeTag>
        <thingDefCountRange>1~2</thingDefCountRange>
        <countRange>1~2</countRange>
      </li>
	  
	  <li Class="StockGenerator_Tag">
        <tradeTag>guy762TT_sabermod_basic</tradeTag>
        <thingDefCountRange>0~3</thingDefCountRange>
        <countRange>0~2</countRange>
      </li>
	  <li Class="StockGenerator_Tag">
        <tradeTag>guy762TT_sabermod_adv</tradeTag>
        <thingDefCountRange>0~2</thingDefCountRange>
        <countRange>0~1</countRange>
      </li>
	  <li Class="StockGenerator_Tag">
        <tradeTag>guy762TT_sabermod_rare</tradeTag>
        <thingDefCountRange>0~1</thingDefCountRange>
        <countRange>0~1</countRange>
      </li>
	  
      
	  
	  <li Class="StockGenerator_Tag">
        <tradeTag>guy762TT_KotORLegendary</tradeTag>
        <thingDefCountRange>0~1</thingDefCountRange>
        <countRange>0~1</countRange>
      </li>
	  
	  
	  
	  
      <!-- Apparel -->
	  <!--li Class="StockGenerator_Category">
        <categoryDef>ApparelUtility</categoryDef>
        <thingDefCountRange>1~4</thingDefCountRange>
        <countRange>3~4</countRange>
      </li-->
	  
	  <li Class="StockGenerator_Tag">
        <tradeTag>guy762TT_KotORUnderArmor</tradeTag>
        <thingDefCountRange>4~5</thingDefCountRange>
        <countRange>2~6</countRange>
      </li>
	  <li Class="StockGenerator_Tag">
        <tradeTag>guy762TT_KotORClothes</tradeTag>
        <thingDefCountRange>0~1</thingDefCountRange>
        <countRange>0~2</countRange>
      </li>
	  <li Class="StockGenerator_Tag">
        <tradeTag>guy762TT_MNCArmor</tradeTag>
        <thingDefCountRange>0~1</thingDefCountRange>
        <countRange>0~2</countRange>
      </li>
	  <li Class="StockGenerator_Tag">
        <tradeTag>guy762TT_JediApparel</tradeTag>
        <thingDefCountRange>0~1</thingDefCountRange>
        <countRange>0~2</countRange>
      </li>
	  <li Class="StockGenerator_Tag">
        <tradeTag>guy762TT_SEArmor</tradeTag>
        <thingDefCountRange>0~1</thingDefCountRange>
        <countRange>0~2</countRange>
      </li>
	  <li Class="StockGenerator_Tag">
        <tradeTag>guy762TT_ORArmor</tradeTag>
        <thingDefCountRange>0~1</thingDefCountRange>
        <countRange>0~2</countRange>
      </li>
      
      <!-- Implants -->
      <li Class="StockGenerator_Tag">
        <tradeTag>TechHediff</tradeTag>
        <thingDefCountRange>4~5</thingDefCountRange>
        <countRange>1~1</countRange>
      </li>
	  <li Class="StockGenerator_Tag">
        <tradeTag>ImplantEmpireCommon</tradeTag>
        <thingDefCountRange>1~2</thingDefCountRange>
        <countRange>1~2</countRange>
      </li>
      
	  
      <!-- Buildings -->
      <li Class="StockGenerator_Tag">
        <tradeTag>guy762TT_KotORWorkbench</tradeTag>
        <thingDefCountRange>1~2</thingDefCountRange>
        <countRange>0~1</countRange>
      </li>
      
      <!-- Exotic -->
      
      <!-- Slaves -->
      
      <!-- Animals -->
      
      <!-- Buying -->
      <li Class="StockGenerator_BuyExpensiveSimple" />
      <li Class="StockGenerator_BuyTradeTag"><tag>ImplantEmpireCommon</tag></li>
      <li Class="StockGenerator_BuyTradeTag"><tag>ImplantEmpireRoyal</tag></li>
      <li Class="StockGenerator_BuyTradeTag"><tag>PsylinkNeuroformer</tag></li>

    </stockGenerators>
  </TraderKindDef>
  
  
</Defs>
