<?xml version="1.0" encoding="utf-8" ?>
<Patch>

	<Operation Class="PatchOperationSequence">
	  <operations>
		<li Class="PatchOperationReplace">
			<xpath>Defs/ThingDef[defName="Plasteel"]/stuffProps/statFactors/MaxHitPoints</xpath>
			<value>
				<MaxHitPoints>0.75</MaxHitPoints>
			</value>
		</li>
		<li Class="PatchOperationReplace">
			<xpath>Defs/ThingDef[defName="Plasteel"]/stuffProps/statFactors/WorkToMake</xpath>
			<value>
				<WorkToMake>0.75</WorkToMake>
			</value>
		</li>
		<li Class="PatchOperationReplace">
			<xpath>Defs/ThingDef[defName="Plasteel"]/stuffProps/statFactors/WorkToBuild</xpath>
			<value>
				<WorkToBuild>0.75</WorkToBuild>
			</value>
		</li>
		<li Class="PatchOperationReplace">
			<xpath>Defs/ThingDef[defName="Plasteel"]/statBases/MarketValue</xpath>
			<value>
				<MarketValue>4</MarketValue>
			</value>
		</li>
		<li Class="PatchOperationReplace">
			<xpath>Defs/ThingDef[defName="Plasteel"]/description</xpath>
			<value>
				<description>An advanced fusion of carbon-based plastics and steel, resulting in a lightweight, easy-to-use material used in all manner of high-tech applications.</description>
			</value>
		</li>
	  </operations>
	</Operation>
	
	
	
	
	


</Patch>