<?xml version='1.0' encoding='utf8'?>
<Patch>
	<Operation Class="PatchOperationAdd">
		<xpath>/Defs/BiomeDef[defName="BorealForest"]/wildAnimals</xpath>
		<value>
			<KOTOR_AlbinoHornedKathHound>0.2</KOTOR_AlbinoHornedKathHound>
			<KOTOR_Arkonok>0.5</KOTOR_Arkonok>
			<KOTOR_Bantha>0.8</KOTOR_Bantha>
			<KOTOR_Bogstalker>0.4</KOTOR_Bogstalker>
			<KOTOR_HornedKathHound>0.8</KOTOR_HornedKathHound>
			<KOTOR_KraytDragon>0.2</KOTOR_KraytDragon>
		</value>
	</Operation>
	<Operation Class="PatchOperationAdd">
		<xpath>/Defs/BiomeDef[defName="Tundra"]/wildAnimals</xpath>
		<value>
			<KOTOR_AlbinoHornedKathHound>0.2</KOTOR_AlbinoHornedKathHound>
			<KOTOR_Arkonok>0.5</KOTOR_Arkonok>
			<KOTOR_Bantha>0.8</KOTOR_Bantha>
			<KOTOR_Bogstalker>0.4</KOTOR_Bogstalker>
			<KOTOR_HornedKathHound>0.8</KOTOR_HornedKathHound>
			<KOTOR_KraytDragon>0.2</KOTOR_KraytDragon>
		</value>
	</Operation>
	<Operation Class="PatchOperationAdd">
		<xpath>/Defs/BiomeDef[defName="ColdBog"]/wildAnimals</xpath>
		<value>
			<KOTOR_AlbinoHornedKathHound>0.2</KOTOR_AlbinoHornedKathHound>
			<KOTOR_Arkonok>0.5</KOTOR_Arkonok>
			<KOTOR_Bantha>0.8</KOTOR_Bantha>
			<KOTOR_Bogstalker>0.4</KOTOR_Bogstalker>
			<KOTOR_HornedKathHound>0.8</KOTOR_HornedKathHound>
			<KOTOR_KraytDragon>0.2</KOTOR_KraytDragon>
		</value>
	</Operation>
	<Operation Class="PatchOperationAdd">
		<xpath>/Defs/BiomeDef[defName="IceSheet"]/wildAnimals</xpath>
		<value>
			<KOTOR_KraytDragon>0.2</KOTOR_KraytDragon>
		</value>
	</Operation>
	<Operation Class="PatchOperationAdd">
		<xpath>/Defs/BiomeDef[defName="SeaIce"]/wildAnimals</xpath>
		<value>
			<KOTOR_KraytDragon>0.2</KOTOR_KraytDragon>
		</value>
	</Operation>
	<Operation Class="PatchOperationAdd">
		<xpath>/Defs/BiomeDef[defName="AridShrubland"]/wildAnimals</xpath>
		<value>
			<KOTOR_AlbinoHornedKathHound>0.2</KOTOR_AlbinoHornedKathHound>
			<KOTOR_Arkonok>0.5</KOTOR_Arkonok>
			<KOTOR_Bantha>1.3</KOTOR_Bantha>
			<KOTOR_Bogstalker>0.8</KOTOR_Bogstalker>
			<KOTOR_HornedKathHound>0.8</KOTOR_HornedKathHound>
			<KOTOR_dewback>1.3</KOTOR_dewback>
			<KOTOR_rill>1.3</KOTOR_rill>
			<KOTOR_KraytDragon>0.5</KOTOR_KraytDragon>
		</value>
	</Operation>
	<Operation Class="PatchOperationAdd">
		<xpath>/Defs/BiomeDef[defName="Desert"]/wildAnimals</xpath>
		<value>
			<KOTOR_AlbinoHornedKathHound>0.2</KOTOR_AlbinoHornedKathHound>
			<KOTOR_Arkonok>0.5</KOTOR_Arkonok>
			<KOTOR_Bantha>1.3</KOTOR_Bantha>
			<KOTOR_Bogstalker>0.8</KOTOR_Bogstalker>
			<KOTOR_HornedKathHound>0.8</KOTOR_HornedKathHound>
			<KOTOR_dewback>1.3</KOTOR_dewback>
			<KOTOR_rill>1.3</KOTOR_rill>
			<KOTOR_KraytDragon>0.5</KOTOR_KraytDragon>
		</value>
	</Operation>
	<Operation Class="PatchOperationAdd">
		<xpath>/Defs/BiomeDef[defName="ExtremeDesert"]/wildAnimals</xpath>
		<value>
			<KOTOR_Bantha>1</KOTOR_Bantha>
			<KOTOR_dewback>1.5</KOTOR_dewback>
			<KOTOR_rill>0.8</KOTOR_rill>
			<KOTOR_KraytDragon>1</KOTOR_KraytDragon>
		</value>
	</Operation>
	<Operation Class="PatchOperationAdd">
		<xpath>/Defs/BiomeDef[defName="TropicalRainforest"]/wildAnimals</xpath>
		<value>
			<KOTOR_AlbinoHornedKathHound>0.2</KOTOR_AlbinoHornedKathHound>
			<KOTOR_Arkonok>0.5</KOTOR_Arkonok>
			<KOTOR_Bantha>0.5</KOTOR_Bantha>
			<KOTOR_Bogstalker>0.95</KOTOR_Bogstalker>
			<KOTOR_HornedKathHound>1.3</KOTOR_HornedKathHound>
			<KOTOR_Kinrath>1.3</KOTOR_Kinrath>
			<KOTOR_KinrathMatriarch>0.8</KOTOR_KinrathMatriarch>
			<KOTOR_KinrathViper>1</KOTOR_KinrathViper>
			<KOTOR_Boma>1.3</KOTOR_Boma>
			<KOTOR_brith>1.3</KOTOR_brith>
			<KOTOR_cannok>1.3</KOTOR_cannok>
			<KOTOR_dewback>0.5</KOTOR_dewback>
			<KOTOR_drate>1.3</KOTOR_drate>
			<KOTOR_KraytDragon>0.2</KOTOR_KraytDragon>
		</value>
	</Operation>
	<Operation Class="PatchOperationAdd">
		<xpath>/Defs/BiomeDef[defName="TropicalSwamp"]/wildAnimals</xpath>
		<value>
			<KOTOR_AlbinoHornedKathHound>0.2</KOTOR_AlbinoHornedKathHound>
			<KOTOR_Arkonok>0.5</KOTOR_Arkonok>
			<KOTOR_Bantha>0.5</KOTOR_Bantha>
			<KOTOR_Bogstalker>0.95</KOTOR_Bogstalker>
			<KOTOR_HornedKathHound>1.3</KOTOR_HornedKathHound>
			<KOTOR_Kinrath>1.3</KOTOR_Kinrath>
			<KOTOR_KinrathMatriarch>0.8</KOTOR_KinrathMatriarch>
			<KOTOR_KinrathViper>1</KOTOR_KinrathViper>
			<KOTOR_Boma>1.3</KOTOR_Boma>
			<KOTOR_brith>1.3</KOTOR_brith>
			<KOTOR_cannok>1.3</KOTOR_cannok>
			<KOTOR_dewback>0.5</KOTOR_dewback>
			<KOTOR_drate>1.3</KOTOR_drate>
			<KOTOR_KraytDragon>0.2</KOTOR_KraytDragon>
		</value>
	</Operation>
	<Operation Class="PatchOperationAdd">
		<xpath>/Defs/BiomeDef[defName="TemperateForest"]/wildAnimals</xpath>
		<value>
			<KOTOR_AlbinoHornedKathHound>0.2</KOTOR_AlbinoHornedKathHound>
			<KOTOR_Arkonok>0.5</KOTOR_Arkonok>
			<KOTOR_Bantha>0.5</KOTOR_Bantha>
			<KOTOR_Bogstalker>0.95</KOTOR_Bogstalker>
			<KOTOR_HornedKathHound>1.3</KOTOR_HornedKathHound>
			<KOTOR_Boma>0.8</KOTOR_Boma>
			<KOTOR_brith>1.3</KOTOR_brith>
			<KOTOR_cannok>1.05</KOTOR_cannok>
			<KOTOR_dewback>0.5</KOTOR_dewback>
			<KOTOR_drate>1.3</KOTOR_drate>
			<KOTOR_KraytDragon>0.2</KOTOR_KraytDragon>
		</value>
	</Operation>
	<Operation Class="PatchOperationAdd">
		<xpath>/Defs/BiomeDef[defName="TemperateSwamp"]/wildAnimals</xpath>
		<value>
			<KOTOR_AlbinoHornedKathHound>0.2</KOTOR_AlbinoHornedKathHound>
			<KOTOR_Arkonok>0.5</KOTOR_Arkonok>
			<KOTOR_Bantha>0.5</KOTOR_Bantha>
			<KOTOR_Bogstalker>0.95</KOTOR_Bogstalker>
			<KOTOR_HornedKathHound>1.3</KOTOR_HornedKathHound>
			<KOTOR_Boma>0.8</KOTOR_Boma>
			<KOTOR_brith>1.3</KOTOR_brith>
			<KOTOR_cannok>1.05</KOTOR_cannok>
			<KOTOR_dewback>0.5</KOTOR_dewback>
			<KOTOR_drate>1.3</KOTOR_drate>
			<KOTOR_KraytDragon>0.2</KOTOR_KraytDragon>
		</value>
	</Operation>
</Patch>
