<?xml version="1.0" encoding="utf-8" ?>
<Defs>
	
	<!-- Albino Horned Kath Hound -->	
	<ThingDef ParentName="LeatherBase">
		<defName>kotor_leather_AlbinoHornedKathHound</defName>
		<label>albino horned kath hound leather</label>
		<graphicData>
			<color>(150,150,150)</color>
		</graphicData>
		<statBases>
			<MarketValue>5</MarketValue>
			<StuffPower_Insulation_Cold>16</StuffPower_Insulation_Cold>
		</statBases>
		<stuffProps>
			<color>(150,150,150)</color>
			<commonality>0.005</commonality>
		</stuffProps>
	</ThingDef>
	
	<!-- Horned Kath Hound -->	
	<ThingDef ParentName="LeatherBase">
		<defName>kotor_leather_HornedKathHound</defName>
		<label>horned kath hound leather</label>
		<graphicData>
			<color>(93,72,65)</color>
		</graphicData>
		<statBases>
			<MarketValue>2.5</MarketValue>
			<StuffPower_Insulation_Cold>16</StuffPower_Insulation_Cold>
		</statBases>
		<stuffProps>
			<color>(93,72,65)</color>
			<commonality>0.075</commonality>
		</stuffProps>
	</ThingDef>
	
	<!-- Arkonok -->	
	<ThingDef ParentName="LeatherBase">
		<defName>kotor_leather_Arkonok</defName>
		<label>arkonok kath hound leather</label>
		<graphicData>
			<color>(37,52,73)</color>
		</graphicData>
		<statBases>
			<MarketValue>3.5</MarketValue>
			<StuffPower_Insulation_Cold>10</StuffPower_Insulation_Cold>
		</statBases>
		<stuffProps>
			<color>(37,52,73)</color>
			<commonality>0.075</commonality>
		</stuffProps>
	</ThingDef>
	
	<!-- Bantha -->	
	<ThingDef ParentName="LeatherBase">
		<defName>kotor_leather_bantha</defName>
		<label>bantha hide</label>
		<graphicData>
			<color>(93,72,65)</color>
		</graphicData>
		<statBases>
			<MarketValue>1.5</MarketValue>
			<StuffPower_Insulation_Cold>5</StuffPower_Insulation_Cold>
		</statBases>
		<stuffProps>
			<color>(93,72,65)</color>
			<commonality>0.075</commonality>
		</stuffProps>
	</ThingDef>
	
	<ThingDef ParentName="WoolBase">
		<defName>kotor_wool_bantha</defName>
		<label>bantha wool</label>
		<description>Bantha's wool. It provides good insulation.</description>
		<possessionCount>30</possessionCount>
		<statBases>
			<StuffPower_Insulation_Cold>5</StuffPower_Insulation_Cold>
			<StuffPower_Insulation_Heat>35</StuffPower_Insulation_Heat>
		</statBases>
		<stuffProps>
			<color>(93,72,65)</color>
			<commonality>0.24</commonality>
		</stuffProps>
		<graphicData>
			<color>(93,72,65)</color>
		</graphicData>
	</ThingDef>
	
	<!-- Bogstalker -->	
	<ThingDef ParentName="LeatherBase">
		<defName>kotor_leather_bogstalker</defName>
		<label>bogstalker leather</label>
		<graphicData>
			<color>(125,117,8)</color>
		</graphicData>
		<statBases>
			<MarketValue>1.5</MarketValue>
			<StuffPower_Insulation_Cold>5</StuffPower_Insulation_Cold>
		</statBases>
		<stuffProps>
			<color>(125,117,8)</color>
			<commonality>0.075</commonality>
		</stuffProps>
	</ThingDef>
  
  <!-- Boma -->	
	<ThingDef ParentName="LeatherBase">
		<defName>kotor_leather_boma</defName>
		<label>boma leather</label>
		<graphicData>
			<color>(130,147,62)</color>
		</graphicData>
		<statBases>
			<MarketValue>1.5</MarketValue>
			<StuffPower_Insulation_Cold>5</StuffPower_Insulation_Cold>
		</statBases>
		<stuffProps>
			<color>(130,147,62)</color>
			<commonality>0.075</commonality>
		</stuffProps>
	</ThingDef>

  <!-- Brith -->	
	<ThingDef ParentName="LeatherBase">
		<defName>kotor_leather_brith</defName>
		<label>brith leather</label>
		<graphicData>
			<color>(62,65,15)</color>
		</graphicData>
		<statBases>
			<MarketValue>1.5</MarketValue>
			<StuffPower_Insulation_Cold>5</StuffPower_Insulation_Cold>
		</statBases>
		<stuffProps>
			<color>(62,65,15)</color>
			<commonality>0.075</commonality>
		</stuffProps>
	</ThingDef>

  <!-- cannok -->	
	<ThingDef ParentName="LeatherBase">
		<defName>kotor_leather_cannok</defName>
		<label>cannok leather</label>
		<graphicData>
			<color>(101,89,58)</color>
		</graphicData>
		<statBases>
			<MarketValue>1.5</MarketValue>
			<StuffPower_Insulation_Cold>5</StuffPower_Insulation_Cold>
		</statBases>
		<stuffProps>
			<color>(101,89,58)</color>
			<commonality>0.075</commonality>
		</stuffProps>
	</ThingDef>
	
	<!-- dewback -->	
	<ThingDef ParentName="LeatherBase">
		<defName>kotor_leather_dewback</defName>
		<label>dewback leather</label>
		<graphicData>
			<color>(72,64,38)</color>
		</graphicData>
		<statBases>
			<MarketValue>1.5</MarketValue>
			<StuffPower_Insulation_Cold>5</StuffPower_Insulation_Cold>
		</statBases>
		<stuffProps>
			<color>(72,64,38)</color>
			<commonality>0.075</commonality>
		</stuffProps>
	</ThingDef>
	
	<!-- drate -->	
	<ThingDef ParentName="LeatherBase">
		<defName>kotor_leather_drate</defName>
		<label>drate leather</label>
		<graphicData>
			<color>(54,48,75)</color>
		</graphicData>
		<statBases>
			<MarketValue>1.5</MarketValue>
			<StuffPower_Insulation_Cold>5</StuffPower_Insulation_Cold>
		</statBases>
		<stuffProps>
			<color>(54,48,75)</color>
			<commonality>0.075</commonality>
		</stuffProps>
	</ThingDef>
	
	<!-- rill -->	
	<ThingDef ParentName="LeatherBase">
		<defName>kotor_leather_rill</defName>
		<label>rill leather</label>
		<graphicData>
			<color>(99,75,51)</color>
		</graphicData>
		<statBases>
			<MarketValue>1.5</MarketValue>
			<StuffPower_Insulation_Cold>5</StuffPower_Insulation_Cold>
		</statBases>
		<stuffProps>
			<color>(99,75,51)</color>
			<commonality>0.075</commonality>
		</stuffProps>
	</ThingDef>
	
	<!-- duneclaw -->	
	<ThingDef ParentName="LeatherBase">
		<defName>kotor_leather_duneclaw</defName>
		<label>duneclaw leather</label>
		<graphicData>
			<color>(117,85,51)</color>
		</graphicData>
		<statBases>
			<MarketValue>1.5</MarketValue>
			<StuffPower_Insulation_Cold>10</StuffPower_Insulation_Cold>
		</statBases>
		<stuffProps>
			<color>(117,85,51)</color>
			<commonality>0.075</commonality>
		</stuffProps>
	</ThingDef>
	
	<!-- eopie -->	
	<ThingDef ParentName="LeatherBase">
		<defName>kotor_leather_eopie</defName>
		<label>eopie leather</label>
		<graphicData>
			<color>(164,143,121)</color>
		</graphicData>
		<statBases>
			<MarketValue>1.5</MarketValue>
			<StuffPower_Insulation_Cold>5</StuffPower_Insulation_Cold>
		</statBases>
		<stuffProps>
			<color>(164,143,121)</color>
			<commonality>0.075</commonality>
		</stuffProps>
	</ThingDef>
	
	<!-- ferrazid hound -->	
	<ThingDef ParentName="LeatherBase">
		<defName>kotor_leather_ferrazidhound</defName>
		<label>ferrazid hound leather</label>
		<graphicData>
			<color>(121,124,86)</color>
		</graphicData>
		<statBases>
			<MarketValue>1.5</MarketValue>
			<StuffPower_Insulation_Cold>5</StuffPower_Insulation_Cold>
		</statBases>
		<stuffProps>
			<color>(121,124,86)</color>
			<commonality>0.075</commonality>
		</stuffProps>
	</ThingDef>
	
	<!-- flirron -->	
	<ThingDef ParentName="LeatherBase">
		<defName>kotor_leather_flirron</defName>
		<label>flirron leather</label>
		<graphicData>
			<color>(52,47,79)</color>
		</graphicData>
		<statBases>
			<MarketValue>1.5</MarketValue>
			<StuffPower_Insulation_Cold>5</StuffPower_Insulation_Cold>
		</statBases>
		<stuffProps>
			<color>(2,47,79)</color>
			<commonality>0.075</commonality>
		</stuffProps>
	</ThingDef>
	
	<!-- gizka -->	
	<ThingDef ParentName="LeatherBase">
		<defName>kotor_leather_gizka</defName>
		<label>gizka leather</label>
		<graphicData>
			<color>(145,122,81)</color>
		</graphicData>
		<statBases>
			<MarketValue>1.5</MarketValue>
			<StuffPower_Insulation_Cold>5</StuffPower_Insulation_Cold>
		</statBases>
		<stuffProps>
			<color>(145,122,81)</color>
			<commonality>0.075</commonality>
		</stuffProps>
	</ThingDef>
	
	<!-- Hssiss -->	
	<ThingDef ParentName="LeatherBase">
		<defName>kotor_leather_Hssiss</defName>
		<label>Hssiss leather</label>
		<graphicData>
			<color>(38,40,21)</color>
		</graphicData>
		<statBases>
			<MarketValue>1.5</MarketValue>
			<StuffPower_Insulation_Cold>5</StuffPower_Insulation_Cold>
		</statBases>
		<stuffProps>
			<color>(38,40,21)</color>
			<commonality>0.075</commonality>
		</stuffProps>
	</ThingDef>
	
	<!-- iriaz -->	
	<ThingDef ParentName="LeatherBase">
		<defName>kotor_leather_iriaz</defName>
		<label>iriaz leather</label>
		<graphicData>
			<color>(60,91,70)</color>
		</graphicData>
		<statBases>
			<MarketValue>1.5</MarketValue>
			<StuffPower_Insulation_Cold>5</StuffPower_Insulation_Cold>
		</statBases>
		<stuffProps>
			<color>(60,91,70)</color>
			<commonality>0.075</commonality>
		</stuffProps>
	</ThingDef>
	
	<!-- katarn -->	
	<ThingDef ParentName="LeatherBase">
		<defName>kotor_leather_katarn</defName>
		<label>katarn leather</label>
		<graphicData>
			<color>(142,105,66)</color>
		</graphicData>
		<statBases>
			<MarketValue>1.5</MarketValue>
			<StuffPower_Insulation_Cold>5</StuffPower_Insulation_Cold>
		</statBases>
		<stuffProps>
			<color>(142,105,66)</color>
			<commonality>0.075</commonality>
		</stuffProps>
	</ThingDef>
	
	<!-- kath hound -->	
	<ThingDef ParentName="LeatherBase">
		<defName>kotor_leather_kathhound</defName>
		<label>kath hound leather</label>
		<graphicData>
			<color>(202,204,201)</color>
		</graphicData>
		<statBases>
			<MarketValue>1.5</MarketValue>
			<StuffPower_Insulation_Cold>5</StuffPower_Insulation_Cold>
		</statBases>
		<stuffProps>
			<color>(202,204,201)</color>
			<commonality>0.075</commonality>
		</stuffProps>
	</ThingDef>
	
	<!-- krayt dragon -->	
	<ThingDef ParentName="LeatherBase">
		<defName>kotor_leather_kraytdragon</defName>
		<label>krayt dragon leather</label>
		<graphicData>
			<color>(66,69,62)</color>
		</graphicData>
		<statBases>
			<MarketValue>5</MarketValue>
			<StuffPower_Insulation_Cold>35</StuffPower_Insulation_Cold>
		</statBases>
		<stuffProps>
			<color>(66,69,62)</color>
			<commonality>0.075</commonality>
		</stuffProps>
	</ThingDef>
	
</Defs>
