<?xml version="1.0" encoding="utf-8" ?>
<Defs>

	<!-- ~~~~~~~~~~~~~~~~~~~~~~~~~~~~~~~~~~~~~~~~~~~~~~~~~~~~~~~~~~~~~~~~~~~~~~~~~~~~~~~~~~~~~~~~~~~~~~~~ -->
	<!-- Horned Kath Hound -->
	<!-- ~~~~~~~~~~~~~~~~~~~~~~~~~~~~~~~~~~~~~~~~~~~~~~~~~~~~~~~~~~~~~~~~~~~~~~~~~~~~~~~~~~~~~~~~~~~~~~~~ -->
	<ThingDef ParentName="AnimalThingBase">
		<defName>KOTOR_HornedKathHoundBase</defName>
		<label>Horned Kath Hound</label>
		<description>Horned Kath Hounds attack with a combination of their horns and sharp claws, reserving their bite for chewing up prey. Horned Kath Hounds usually travel in their own packs, but some serve as the alpha for a group of regular Kath Hounds, cowing them into submission. Horned Kath Hounds are not subtle hunters and prefer bowling over prey with a mighty charge before goring and clawing their victim to death. They are notoriously tough creatures with thick hides that can deflect all but the best placed attacks.</description>
		<statBases>
			<MoveSpeed>5.0</MoveSpeed>
			<MarketValue>300</MarketValue>
			<ComfyTemperatureMin>-15</ComfyTemperatureMin>
			<ComfyTemperatureMax>50</ComfyTemperatureMax>
			<FilthRate>20</FilthRate>
		</statBases>
		<tools>
			<li>
				<label>horn</label>
				<capacities>
					<li>Scratch</li>
				</capacities>
				<power>25</power>
				<cooldownTime>2</cooldownTime>
				<linkedBodyPartsGroup>TuskAttackTool</linkedBodyPartsGroup>
			</li>
			<li>
				<label>horn</label>
				<capacities>
					<li>Blunt</li>
				</capacities>
				<power>25</power>
				<cooldownTime>2</cooldownTime>
				<linkedBodyPartsGroup>TuskAttackTool</linkedBodyPartsGroup>
			</li>
			<li>
				<capacities>
				<li>Bite</li>
					</capacities>
				<power>25</power>
				<cooldownTime>2.6</cooldownTime>
				<linkedBodyPartsGroup>Teeth</linkedBodyPartsGroup>
				<chanceFactor>0.7</chanceFactor>
			</li>
			<li>
				<label>head</label>
				<capacities>
				<li>Blunt</li>
					</capacities>
				<power>20</power>
				<cooldownTime>2</cooldownTime>
				<linkedBodyPartsGroup>HeadAttackTool</linkedBodyPartsGroup>
				<ensureLinkedBodyPartsGroupAlwaysUsable>true</ensureLinkedBodyPartsGroupAlwaysUsable>
				<chanceFactor>0.2</chanceFactor>
			</li>
		</tools>
		<race>
			<body>Kotor_TuskedQuadruped_Hooves</body>
			<baseHungerRate>1.07</baseHungerRate>
			<baseBodySize>1.3</baseBodySize>
			<baseHealthScale>3.5</baseHealthScale>
			<foodType>VegetarianRoughAnimal</foodType>
			<leatherDef>kotor_leather_HornedKathHound</leatherDef>
			<wildness>0.5</wildness>
			<trainability>Intermediate</trainability>
			<manhunterOnTameFailChance>0.30</manhunterOnTameFailChance>
			<manhunterOnDamageChance>0.50</manhunterOnDamageChance>
			<gestationPeriodDays>13.32</gestationPeriodDays>
			<nameOnTameChance>1</nameOnTameChance>
			<lifeExpectancy>30</lifeExpectancy>
			<herdAnimal>true</herdAnimal>
			<lifeStageAges>
				<li>
					<def>AnimalBaby</def>
					<minAge>0</minAge>
				</li>
				<li>
					<def>AnimalJuvenile</def>
					<minAge>0.3</minAge>
				</li>
				<li>
					<def>AnimalAdult</def>
					<minAge>0.55</minAge>
					<soundWounded>kotor_hornedkathhound_wounded</soundWounded>
					<soundDeath>kotor_hornedkathhound_death</soundDeath>
					<soundCall>kotor_hornedkathhound_calls</soundCall>
					<soundAngry>kotor_hornedkathhound_angry</soundAngry>
				</li>
			</lifeStageAges>
			<soundMeleeHitPawn>kotor_hornedkathhound_hit</soundMeleeHitPawn>
			<soundMeleeHitBuilding>kotor_hornedkathhound_hit</soundMeleeHitBuilding>
			<soundMeleeMiss>kotor_hornedkathhound_miss</soundMeleeMiss>
			<headPosPerRotation>
				<li>(-0.02, 0, 0.1)</li>
				<li>(0.28, 0, 0.02)</li>
				<li>(0.0, 0, 0.02)</li>
				<li>(-0.28, 0, 0.02)</li>
			</headPosPerRotation>
		</race>
		<tradeTags>
			<li>AnimalUncommon</li>
			<li>AnimalFighter</li>
		</tradeTags>
	</ThingDef>

  <PawnKindDef ParentName="AnimalKindBase">
    <defName>KOTOR_HornedKathHound</defName>
    <label>Horned Kath Hound</label>
    <race>KOTOR_HornedKathHoundBase</race>
    <combatPower>270</combatPower>
    <ecoSystemWeight>1.5</ecoSystemWeight>
    <wildGroupSize>1~8</wildGroupSize>
    <lifeStages>
		<li>
			<bodyGraphicData>
				<color>(122,87,75)</color>				
				<texPath>pawns/Animal_Beasts/Horned_KathHound</texPath>
				<drawSize>1</drawSize>
				<shadowData>
					<volume>(0.475, 0.2, 0.3)</volume>
					<offset>(0,0,-0.2)</offset>
				</shadowData>
				<shaderType>CutoutComplex</shaderType>
			</bodyGraphicData>
			<dessicatedBodyGraphicData>
				<texPath>pawns/Animal_Beasts/Dessicated_Horned_KathHound</texPath>
				<drawSize>1</drawSize>
			</dessicatedBodyGraphicData>
		</li>
		<li>
			<bodyGraphicData>
				<shaderType>CutoutComplex</shaderType>		
				<color>(95,68,59)</color>			
				<texPath>pawns/Animal_Beasts/Horned_KathHound</texPath>
				<drawSize>2</drawSize>
				<shadowData>
					<volume>(0.72, 0.3, 0.45)</volume>
					<offset>(0,0,-0.25)</offset>
				</shadowData>
			</bodyGraphicData>
			<dessicatedBodyGraphicData>
				<texPath>pawns/Animal_Beasts/Dessicated_Horned_KathHound</texPath>
				<drawSize>2</drawSize>
			</dessicatedBodyGraphicData>
		</li>
		<li>
			<bodyGraphicData>
				<shaderType>CutoutComplex</shaderType>	
				<color>(95,68,59)</color>	
				<texPath>pawns/Animal_Beasts/Horned_KathHound</texPath>
				<drawSize>3</drawSize>
				<shadowData>
					<volume>(0.95, 0.4, 0.6)</volume>
					<offset>(0,0,-0.3)</offset>
				</shadowData>
			</bodyGraphicData>
			<dessicatedBodyGraphicData>
				<texPath>pawns/Animal_Beasts/Dessicated_Horned_KathHound</texPath>
				<drawSize>3</drawSize>
			</dessicatedBodyGraphicData>
			<butcherBodyPart>
				<bodyPartGroup>TuskAttackTool</bodyPartGroup>
				<thing>kotor_drop_HornedKathHoundHorn</thing>
			</butcherBodyPart>
		</li>
    </lifeStages>
  </PawnKindDef>

	<!-- ~~~~~~~~~~~~~~~~~~~~~~~~~~~~~~~~~~~~~~~~~~~~~~~~~~~~~~~~~~~~~~~~~~~~~~~~~~~~~~~~~~~~~~~~~~~~~~~~ -->
	<!-- Albino Horned Kath Hound -->
	<!-- ~~~~~~~~~~~~~~~~~~~~~~~~~~~~~~~~~~~~~~~~~~~~~~~~~~~~~~~~~~~~~~~~~~~~~~~~~~~~~~~~~~~~~~~~~~~~~~~~ -->
	<ThingDef ParentName="AnimalThingBase">
		<defName>KOTOR_AlbinoHornedKathHoundBase</defName>
		<label>Albino Horned Kath Hound</label>
		<description>Horned Kath Hounds attack with a combination of their horns and sharp claws, reserving their bite for chewing up prey. Horned Kath Hounds usually travel in their own packs, but some serve as the alpha for a group of regular Kath Hounds, cowing them into submission. Horned Kath Hounds are not subtle hunters and prefer bowling over prey with a mighty charge before goring and clawing their victim to death. They are notoriously tough creatures with thick hides that can deflect all but the best placed attacks.</description>
		<statBases>
			<MoveSpeed>4.0</MoveSpeed>
			<MarketValue>500</MarketValue>
			<ComfyTemperatureMin>-15</ComfyTemperatureMin>
			<ComfyTemperatureMax>50</ComfyTemperatureMax>
			<FilthRate>20</FilthRate>
		</statBases>
		<tools>
			<li>
				<label>horn</label>
				<capacities>
					<li>Scratch</li>
				</capacities>
				<power>25</power>
				<cooldownTime>1.5</cooldownTime>
				<linkedBodyPartsGroup>TuskAttackTool</linkedBodyPartsGroup>
			</li>
			<li>
				<label>horn</label>
				<capacities>
					<li>Blunt</li>
				</capacities>
				<power>25</power>
				<cooldownTime>1.5</cooldownTime>
				<linkedBodyPartsGroup>TuskAttackTool</linkedBodyPartsGroup>
			</li>
			<li>
				<capacities>
				<li>Bite</li>
					</capacities>
				<power>25</power>
				<cooldownTime>2</cooldownTime>
				<linkedBodyPartsGroup>Teeth</linkedBodyPartsGroup>
				<chanceFactor>0.7</chanceFactor>
			</li>
			<li>
				<label>head</label>
				<capacities>
				<li>Blunt</li>
					</capacities>
				<power>15</power>
				<cooldownTime>2</cooldownTime>
				<linkedBodyPartsGroup>HeadAttackTool</linkedBodyPartsGroup>
				<ensureLinkedBodyPartsGroupAlwaysUsable>true</ensureLinkedBodyPartsGroupAlwaysUsable>
				<chanceFactor>0.2</chanceFactor>
			</li>
		</tools>
		<race>
			<body>Kotor_TuskedQuadruped_Hooves</body>
			<baseHungerRate>1.07</baseHungerRate>
			<baseBodySize>1.3</baseBodySize>
			<baseHealthScale>4</baseHealthScale>
			<foodType>VegetarianRoughAnimal</foodType>
			<leatherDef>kotor_leather_AlbinoHornedKathHound</leatherDef>
			<wildness>0.75</wildness>
			<trainability>None</trainability>
			<manhunterOnTameFailChance>0.60</manhunterOnTameFailChance>
			<manhunterOnDamageChance>0.70</manhunterOnDamageChance>
			<gestationPeriodDays>60</gestationPeriodDays>
			<nameOnTameChance>1</nameOnTameChance>
			<lifeExpectancy>100</lifeExpectancy>
			<herdAnimal>true</herdAnimal>
			<lifeStageAges>
				<li>
					<def>AnimalBaby</def>
					<minAge>0</minAge>
				</li>
				<li>
					<def>AnimalJuvenile</def>
					<minAge>0.1</minAge>
				</li>
				<li>
					<def>AnimalAdult</def>
					<minAge>0.2</minAge>
					<soundWounded>kotor_hornedkathhound_wounded</soundWounded>
					<soundDeath>kotor_hornedkathhound_death</soundDeath>
					<soundCall>kotor_hornedkathhound_calls</soundCall>
					<soundAngry>kotor_hornedkathhound_angry</soundAngry>
				</li>
			</lifeStageAges>
			<soundMeleeHitPawn>kotor_hornedkathhound_hit</soundMeleeHitPawn>
			<soundMeleeHitBuilding>kotor_hornedkathhound_hit</soundMeleeHitBuilding>
			<soundMeleeMiss>kotor_hornedkathhound_miss</soundMeleeMiss>
			<headPosPerRotation>
				<li>(-0.02, 0, 0.1)</li>
				<li>(0.28, 0, 0.02)</li>
				<li>(0.0, 0, 0.02)</li>
				<li>(-0.28, 0, 0.02)</li>
			</headPosPerRotation>
		</race>
		<tradeTags>
			<li>AnimalUncommon</li>
			<li>AnimalFighter</li>
		</tradeTags>
	</ThingDef>

  <PawnKindDef ParentName="AnimalKindBase">
    <defName>KOTOR_AlbinoHornedKathHound</defName>
    <label>Albino Horned Kath Hound</label>
    <race>KOTOR_AlbinoHornedKathHoundBase</race>
    <combatPower>350</combatPower>
    <ecoSystemWeight>1.5</ecoSystemWeight>
    <wildGroupSize>1</wildGroupSize>
    <lifeStages>
		<li>
			<bodyGraphicData>
				<color>(200,200,200)</color>				
				<texPath>pawns/Animal_Beasts/Horned_KathHound</texPath>
				<drawSize>2</drawSize>
				<shadowData>
					<volume>(0.475, 0.2, 0.3)</volume>
					<offset>(0,0,-0.2)</offset>
				</shadowData>
				<shaderType>CutoutComplex</shaderType>
			</bodyGraphicData>
			<dessicatedBodyGraphicData>
				<texPath>pawns/Animal_Beasts/Dessicated_Horned_KathHound</texPath>
				<drawSize>2</drawSize>
			</dessicatedBodyGraphicData>
		</li>
		<li>
			<bodyGraphicData>
				<shaderType>CutoutComplex</shaderType>		
				<color>(200,200,200)</color>			
				<texPath>pawns/Animal_Beasts/Horned_KathHound</texPath>
				<drawSize>3</drawSize>
				<shadowData>
					<volume>(0.72, 0.3, 0.45)</volume>
					<offset>(0,0,-0.25)</offset>
				</shadowData>
			</bodyGraphicData>
			<dessicatedBodyGraphicData>
				<texPath>pawns/Animal_Beasts/Dessicated_Horned_KathHound</texPath>
				<drawSize>3</drawSize>
			</dessicatedBodyGraphicData>
		</li>
		<li>
			<bodyGraphicData>
				<shaderType>CutoutComplex</shaderType>	
				<color>(200,200,200)</color>	
				<texPath>pawns/Animal_Beasts/Horned_KathHound</texPath>
				<drawSize>4</drawSize>
				<shadowData>
					<volume>(0.95, 0.4, 0.6)</volume>
					<offset>(0,0,-0.3)</offset>
				</shadowData>
			</bodyGraphicData>
			<dessicatedBodyGraphicData>
				<texPath>pawns/Animal_Beasts/Dessicated_Horned_KathHound</texPath>
				<drawSize>4</drawSize>
			</dessicatedBodyGraphicData>
			<butcherBodyPart>
				<bodyPartGroup>TuskAttackTool</bodyPartGroup>
				<thing>kotor_drop_HornedKathHoundHorn</thing>
			</butcherBodyPart>
		</li>
    </lifeStages>
  </PawnKindDef>
  
	<!-- ~~~~~~~~~~~~~~~~~~~~~~~~~~~~~~~~~~~~~~~~~~~~~~~~~~~~~~~~~~~~~~~~~~~~~~~~~~~~~~~~~~~~~~~~~~~~~~~~ -->
	<!-- Arkonok -->
	<!-- ~~~~~~~~~~~~~~~~~~~~~~~~~~~~~~~~~~~~~~~~~~~~~~~~~~~~~~~~~~~~~~~~~~~~~~~~~~~~~~~~~~~~~~~~~~~~~~~~ -->
	<ThingDef ParentName="AnimalThingBase">
		<defName>KOTOR_ArkonokBase</defName>
		<label>Arkonok</label>
		<description>Arkonoks were domesticated herd beasts on the planet Onderon. They were infamous for their unpredictable fits of rage which put tamers in serious danger. Their meat was prized as a delicacy on the planet, despite being generally regarded as nothing out of the ordinary.</description>
		<statBases>
			<MoveSpeed>4.0</MoveSpeed>
			<MarketValue>700</MarketValue>
			<ComfyTemperatureMin>-5</ComfyTemperatureMin>
			<ComfyTemperatureMax>30</ComfyTemperatureMax>
			<FilthRate>20</FilthRate>
		</statBases>
		<tools>
			<li>
				<label>tusk</label>
				<capacities>
					<li>Scratch</li>
				</capacities>
				<power>30</power>
				<cooldownTime>2</cooldownTime>
				<linkedBodyPartsGroup>TuskAttackTool</linkedBodyPartsGroup>
			</li>
			<li>
				<label>tusk</label>
				<capacities>
					<li>Stab</li>
				</capacities>
				<power>30</power>
				<cooldownTime>2</cooldownTime>
				<linkedBodyPartsGroup>TuskAttackTool</linkedBodyPartsGroup>
			</li>
			<li>
				<label>tusk</label>
				<capacities>
					<li>Blunt</li>
				</capacities>
				<power>25</power>
				<cooldownTime>2</cooldownTime>
				<linkedBodyPartsGroup>TuskAttackTool</linkedBodyPartsGroup>
			</li>
			<li>
				<capacities>
					<li>Bite</li>
				</capacities>
				<power>25</power>
				<cooldownTime>2.6</cooldownTime>
				<linkedBodyPartsGroup>Teeth</linkedBodyPartsGroup>
				<chanceFactor>0.7</chanceFactor>
			</li>
			<li>
				<label>head</label>
				<capacities>
					<li>Blunt</li>
				</capacities>
				<power>15</power>
				<cooldownTime>2</cooldownTime>
				<linkedBodyPartsGroup>HeadAttackTool</linkedBodyPartsGroup>
				<ensureLinkedBodyPartsGroupAlwaysUsable>true</ensureLinkedBodyPartsGroupAlwaysUsable>
				<chanceFactor>0.2</chanceFactor>
			</li>
		</tools>
		<race>
			<body>Kotor_TuskedHexaped_Hooves</body>
			<baseHungerRate>1</baseHungerRate>
			<baseBodySize>1.5</baseBodySize>
			<baseHealthScale>4</baseHealthScale>
			<foodType>VegetarianRoughAnimal</foodType>
			<leatherDef>kotor_leather_Arkonok</leatherDef>
			<wildness>0.75</wildness>
			<trainability>Advanced</trainability>
			<manhunterOnTameFailChance>0.50</manhunterOnTameFailChance>
			<manhunterOnDamageChance>0.75</manhunterOnDamageChance>
			<gestationPeriodDays>13.32</gestationPeriodDays>
			<nameOnTameChance>1</nameOnTameChance>
			<lifeExpectancy>45</lifeExpectancy>
			<herdAnimal>true</herdAnimal>
			<lifeStageAges>
				<li>
					<def>AnimalBaby</def>
					<minAge>0</minAge>
				</li>
				<li>
					<def>AnimalJuvenile</def>
					<minAge>0.3</minAge>
				</li>
				<li>
					<def>AnimalAdult</def>
					<minAge>0.55</minAge>
					<soundWounded>kotor_arkonok_wounded</soundWounded>
					<soundDeath>kotor_arkonok_death</soundDeath>
					<soundCall>kotor_arkonok_calls</soundCall>
					<soundAngry>kotor_arkonok_angry</soundAngry>
				</li>
			</lifeStageAges>
			<soundMeleeHitPawn>kotor_arkonok_hit</soundMeleeHitPawn>
			<soundMeleeHitBuilding>kotor_arkonok_hit</soundMeleeHitBuilding>
			<soundMeleeMiss>kotor_arkonok_miss</soundMeleeMiss>
			<headPosPerRotation>
				<li>(-0.02, 0, 0.1)</li>
				<li>(0.28, 0, 0.02)</li>
				<li>(0.0, 0, 0.02)</li>
				<li>(-0.28, 0, 0.02)</li>
			</headPosPerRotation>
		</race>
		<tradeTags>
			<li>AnimalUncommon</li>
			<li>AnimalFighter</li>
		</tradeTags>
	</ThingDef>

	<PawnKindDef ParentName="AnimalKindBase">
		<defName>KOTOR_Arkonok</defName>
		<label>Arkonok</label>
		<race>KOTOR_ArkonokBase</race>
		<combatPower>350</combatPower>
		<ecoSystemWeight>1.5</ecoSystemWeight>
		<wildGroupSize>1~8</wildGroupSize>
		<lifeStages>
			<li>
				<bodyGraphicData>
					<texPath>pawns/Animal_Beasts/Arkonok</texPath>
					<drawSize>1.5</drawSize>
					<shadowData>
						<volume>(0.475, 0.2, 0.3)</volume>
						<offset>(0,0,-0.2)</offset>
					</shadowData>
				</bodyGraphicData>
				<dessicatedBodyGraphicData>
					<texPath>pawns/Animal_Beasts/Dessicated_Arkonok</texPath>
					<drawSize>1.5</drawSize>
				</dessicatedBodyGraphicData>
			</li>
			<li>
				<bodyGraphicData>
					<texPath>pawns/Animal_Beasts/Arkonok</texPath>
					<drawSize>2.25</drawSize>
					<shadowData>
						<volume>(0.72, 0.3, 0.45)</volume>
						<offset>(0,0,-0.25)</offset>
					</shadowData>
				</bodyGraphicData>
				<dessicatedBodyGraphicData>
				<texPath>pawns/Animal_Beasts/Dessicated_Arkonok</texPath>
					<drawSize>2.25</drawSize>
				</dessicatedBodyGraphicData>
			</li>
			<li>
				<bodyGraphicData>
					<texPath>pawns/Animal_Beasts/Arkonok</texPath>
					<drawSize>4</drawSize>
					<shadowData>
						<volume>(0.95, 0.4, 0.6)</volume>
						<offset>(0,0,-0.3)</offset>
					</shadowData>
				</bodyGraphicData>
				<dessicatedBodyGraphicData>
					<texPath>pawns/Animal_Beasts/Dessicated_Arkonok</texPath>
					<drawSize>4</drawSize>
				</dessicatedBodyGraphicData>
				<butcherBodyPart>
				  <bodyPartGroup>TuskAttackTool</bodyPartGroup>
				  <thing>kotor_drop_ArkonokCrown</thing>
				</butcherBodyPart>
			</li>
		</lifeStages>
	</PawnKindDef>
  
	<!-- ~~~~~~~~~~~~~~~~~~~~~~~~~~~~~~~~~~~~~~~~~~~~~~~~~~~~~~~~~~~~~~~~~~~~~~~~~~~~~~~~~~~~~~~~~~~~~~~~ -->
	<!-- Bantha -->
	<!-- ~~~~~~~~~~~~~~~~~~~~~~~~~~~~~~~~~~~~~~~~~~~~~~~~~~~~~~~~~~~~~~~~~~~~~~~~~~~~~~~~~~~~~~~~~~~~~~~~ -->
	<ThingDef ParentName="AnimalThingBase">
		<defName>KOTOR_BanthaBase</defName>
		<label>Bantha</label>
		<description>Banthas were a species of large, hairy mammals with sharp, spiraling horns. They inhabited the desert planet Tatooine, though they were bred on many worlds throughout the galaxy. They were social herd animals, and were often domesticated, and used prominently as mounts and companionship.</description>
		<statBases>
			<MoveSpeed>4.5</MoveSpeed>
			<MarketValue>400</MarketValue>
			<ComfyTemperatureMin>-55</ComfyTemperatureMin>
			<ComfyTemperatureMax>60</ComfyTemperatureMax>
			<FilthRate>16</FilthRate>
		</statBases>
		<uiIconScale>1.35</uiIconScale>
		<comps>
			<li Class="CompProperties_Shearable">
				<woolDef>kotor_wool_bantha</woolDef>
				<shearIntervalDays>15</shearIntervalDays>
				<woolAmount>150</woolAmount>
			</li>
			<li Class="CompProperties_Milkable">
				<milkDef>Milk</milkDef>
				<milkIntervalDays>2</milkIntervalDays>
				<milkAmount>30</milkAmount>
			  </li>
		</comps>
		<race>
			<herdAnimal>true</herdAnimal>
			<packAnimal>true</packAnimal>
			<body>QuadrupedAnimalWithHooves</body>
			<baseBodySize>2</baseBodySize>
			<baseHealthScale>1.75</baseHealthScale>
			<baseHungerRate>0.535</baseHungerRate>
			<foodType>OmnivoreAnimal</foodType>
			<leatherDef>kotor_leather_bantha</leatherDef>
			<gestationPeriodDays>6.66</gestationPeriodDays>
			<wildness>0.1</wildness>
			<roamMtbDays>2</roamMtbDays>
			<trainability>Advanced</trainability>
			<lifeExpectancy>15</lifeExpectancy>
			<manhunterOnDamageChance>0.1</manhunterOnDamageChance>
			<lifeStageAges>
				<li>
					<def>AnimalBaby</def>
					<minAge>0</minAge>
				</li>
				<li>
					<def>AnimalJuvenile</def>
					<minAge>0.25</minAge>
				</li>
				<li>
					<def>AnimalAdult</def>
					<minAge>0.3333</minAge>
					<soundWounded>kotor_bantha_wounded</soundWounded>
					<soundDeath>kotor_bantha_death</soundDeath>
					<soundCall>kotor_bantha_calls</soundCall>
					<soundAngry>kotor_bantha_angry</soundAngry>
				</li>
			</lifeStageAges>
			<soundMeleeHitPawn>kotor_bantha_hit</soundMeleeHitPawn>
			<soundMeleeHitBuilding>kotor_bantha_hit</soundMeleeHitBuilding>
			<soundMeleeMiss>kotor_bantha_miss</soundMeleeMiss>
			<headPosPerRotation>
			<li>(0.0, 0, 0.05)</li>
			<li>(0.285, 0, 0.02)</li>
			<li>(0.0, 0, -0.12)</li>
			<li>(-0.285, 0, 0.02)</li>
			</headPosPerRotation>
		</race>
		<tradeTags>
			<li>AnimalCommon</li>
			<li>AnimalFarm</li>
		</tradeTags>
		<tools>
			<li>
				<label>head</label>
				<capacities>
					<li>Blunt</li>
				</capacities>
				<power>13</power>
				<cooldownTime>2.6</cooldownTime>
				<linkedBodyPartsGroup>HeadAttackTool</linkedBodyPartsGroup>
				<ensureLinkedBodyPartsGroupAlwaysUsable>true</ensureLinkedBodyPartsGroupAlwaysUsable>
			</li>
			<li>
				<label>left hoof</label>
				<capacities>
					<li>Blunt</li>
					<li>Poke</li>
				</capacities>
				<power>10</power>
				<cooldownTime>2</cooldownTime>
				<linkedBodyPartsGroup>FrontLeftLeg</linkedBodyPartsGroup>
			</li>
			<li>
				<label>right hoof</label>
				<capacities>
					<li>Blunt</li>
					<li>Poke</li>
				</capacities>
				<power>10</power>
				<cooldownTime>2</cooldownTime>
				<linkedBodyPartsGroup>FrontRightLeg</linkedBodyPartsGroup>
			</li>
			<li>
				<capacities>
					<li>Bite</li>
				</capacities>
				<power>10</power>
				<cooldownTime>2</cooldownTime>
				<linkedBodyPartsGroup>Teeth</linkedBodyPartsGroup>
				<chanceFactor>0.5</chanceFactor>
			</li>
		</tools>
	</ThingDef>

	<PawnKindDef Name="Bantha" ParentName="AnimalKindBase">
		<defName>KOTOR_Bantha</defName>
		<label>Bantha</label>
		<race>KOTOR_BanthaBase</race>
		<combatPower>50</combatPower>
		<ecoSystemWeight>1.1</ecoSystemWeight>
		<wildGroupSize>3~9</wildGroupSize>
		<lifeStages>
			<li>
				<label>bantha calf</label>
				<labelPlural>bantha calves</labelPlural>
				<bodyGraphicData>
					<texPath>pawns/Animal_Beasts/Bantha</texPath>
					<drawSize>2</drawSize>
					<shadowData>
					<volume>(0.4, 0.3, 0.3)</volume>
					<offset>(0,0,-0.2)</offset>
					</shadowData>
				</bodyGraphicData>
				<dessicatedBodyGraphicData>
					<texPath>pawns/Animal_Beasts/Dessicated_Bantha</texPath>
					<drawSize>2</drawSize>
				</dessicatedBodyGraphicData>
			</li>
			<li>
				<bodyGraphicData>
					<texPath>pawns/Animal_Beasts/Bantha</texPath>
					<drawSize>3</drawSize>
					<shadowData>
					<volume>(0.6, 0.45, 0.45)</volume>
					<offset>(0,0,-0.25)</offset>
					</shadowData>
					</bodyGraphicData>
				<dessicatedBodyGraphicData>
					<texPath>pawns/Animal_Beasts/Dessicated_Bantha</texPath>
					<drawSize>3</drawSize>
				</dessicatedBodyGraphicData>
			</li>
			<li>
				<bodyGraphicData>
					<texPath>pawns/Animal_Beasts/Bantha</texPath>
					<drawSize>5</drawSize>
					<shadowData>
					<volume>(0.8, 0.6, 0.6)</volume>
					<offset>(0,0,-0.3)</offset>
					</shadowData>
					</bodyGraphicData>
				<dessicatedBodyGraphicData>
					<texPath>pawns/Animal_Beasts/Dessicated_Bantha</texPath>
					<drawSize>5</drawSize>
				</dessicatedBodyGraphicData>
			</li>
		</lifeStages>
	</PawnKindDef>
	
	<!-- ~~~~~~~~~~~~~~~~~~~~~~~~~~~~~~~~~~~~~~~~~~~~~~~~~~~~~~~~~~~~~~~~~~~~~~~~~~~~~~~~~~~~~~~~~~~~~~~~ -->
	<!-- Boma -->
	<!-- ~~~~~~~~~~~~~~~~~~~~~~~~~~~~~~~~~~~~~~~~~~~~~~~~~~~~~~~~~~~~~~~~~~~~~~~~~~~~~~~~~~~~~~~~~~~~~~~~ -->
	<ThingDef ParentName="AnimalThingBase">
		<defName>KOTOR_BomaBase</defName>
		<label>Boma</label>
		<description>Bomas were ravenous beasts native to Onderon and its moon Dxun. Although most bomas were generally small, there were some that were extremely large in size. They were dangerous predators and known to kill Mandalorians, but they themselves were preyed upon by the zakkeg beasts.</description>
		<statBases>
			<MoveSpeed>4</MoveSpeed>
			<MarketValue>400</MarketValue>
			<ComfyTemperatureMin>10</ComfyTemperatureMin>
			<ComfyTemperatureMax>60</ComfyTemperatureMax>
			<FilthRate>16</FilthRate>
		</statBases>
		<uiIconScale>1.35</uiIconScale>
		<tools>
			<li>
				<label>tusk</label>
				<capacities>
					<li>Scratch</li>
				</capacities>
				<power>30</power>
				<cooldownTime>2</cooldownTime>
				<linkedBodyPartsGroup>TuskAttackTool</linkedBodyPartsGroup>
			</li>
			<li>
				<label>tusk</label>
				<capacities>
					<li>Stab</li>
				</capacities>
				<power>30</power>
				<cooldownTime>2</cooldownTime>
				<linkedBodyPartsGroup>TuskAttackTool</linkedBodyPartsGroup>
			</li>
			<li>
				<label>tusk</label>
				<capacities>
					<li>Blunt</li>
				</capacities>
				<power>25</power>
				<cooldownTime>2</cooldownTime>
				<linkedBodyPartsGroup>TuskAttackTool</linkedBodyPartsGroup>
			</li>
			<li>
				<capacities>
					<li>Bite</li>
				</capacities>
				<power>25</power>
				<cooldownTime>2.6</cooldownTime>
				<linkedBodyPartsGroup>Teeth</linkedBodyPartsGroup>
				<chanceFactor>0.7</chanceFactor>
			</li>
			<li>
				<label>head</label>
				<capacities>
					<li>Blunt</li>
				</capacities>
				<power>15</power>
				<cooldownTime>2</cooldownTime>
				<linkedBodyPartsGroup>HeadAttackTool</linkedBodyPartsGroup>
				<ensureLinkedBodyPartsGroupAlwaysUsable>true</ensureLinkedBodyPartsGroupAlwaysUsable>
				<chanceFactor>0.2</chanceFactor>
			</li>
		</tools>
		<race>
			<body>Kotor_TuskedQuadruped_Paws</body>
			<baseBodySize>0.75</baseBodySize>
			<baseHealthScale>1.5</baseHealthScale>
			<baseHungerRate>2.5</baseHungerRate>
			<foodType>CarnivoreAnimal</foodType>
			<leatherDef>kotor_leather_boma</leatherDef>
			<gestationPeriodDays>10</gestationPeriodDays>
			<wildness>0.75</wildness>
			<trainability>Advanced</trainability>
			<lifeExpectancy>25</lifeExpectancy>
			<manhunterOnTameFailChance>0.5</manhunterOnTameFailChance>
			<manhunterOnDamageChance>0.75</manhunterOnDamageChance>
			<predator>true</predator>
			<lifeStageAges>
				<li>
					<def>AnimalBaby</def>
					<minAge>0</minAge>
				</li>
				<li>
					<def>AnimalJuvenile</def>
					<minAge>0.3</minAge>
				</li>
				<li>
					<def>AnimalAdult</def>
					<minAge>0.55</minAge>
					<soundWounded>kotor_boma_wounded</soundWounded>
					<soundDeath>kotor_boma_death</soundDeath>
					<soundCall>kotor_boma_calls</soundCall>
					<soundAngry>kotor_boma_angry</soundAngry>
				</li>
			</lifeStageAges>
			<soundMeleeHitPawn>kotor_boma_hit</soundMeleeHitPawn>
			<soundMeleeHitBuilding>kotor_boma_hit</soundMeleeHitBuilding>
			<soundMeleeMiss>kotor_boma_miss</soundMeleeMiss>
			<headPosPerRotation>
				<li>(-0.02, 0, 0.1)</li>
				<li>(0.28, 0, 0.02)</li>
				<li>(0.0, 0, 0.02)</li>
				<li>(-0.28, 0, 0.02)</li>
			</headPosPerRotation>
		</race>
		<tradeTags>
			<li>AnimalUncommon</li>
			<li>AnimalFighter</li>
		</tradeTags>
	</ThingDef>

	<PawnKindDef ParentName="AnimalKindBase">
		<defName>KOTOR_Boma</defName>
		<label>Boma</label>
		<race>KOTOR_BomaBase</race>
		<combatPower>250</combatPower>
		<ecoSystemWeight>1.5</ecoSystemWeight>
		<wildGroupSize>1~4</wildGroupSize>
		<lifeStages>
			<li>
				<bodyGraphicData>
					<texPath>pawns/Animal_Beasts/Boma</texPath>
					<drawSize>1.5</drawSize>
					<shadowData>
						<volume>(0.475, 0.2, 0.3)</volume>
						<offset>(0,0,-0.2)</offset>
					</shadowData>
				</bodyGraphicData>
				<dessicatedBodyGraphicData>
					<texPath>pawns/Animal_Beasts/Dessicated_Boma</texPath>
					<drawSize>1.5</drawSize>
				</dessicatedBodyGraphicData>
			</li>
			<li>
				<bodyGraphicData>
					<texPath>pawns/Animal_Beasts/Boma</texPath>
					<drawSize>2.25</drawSize>
					<shadowData>
						<volume>(0.72, 0.3, 0.45)</volume>
						<offset>(0,0,-0.25)</offset>
					</shadowData>
				</bodyGraphicData>
				<dessicatedBodyGraphicData>
				<texPath>pawns/Animal_Beasts/Dessicated_Boma</texPath>
					<drawSize>2.25</drawSize>
				</dessicatedBodyGraphicData>
			</li>
			<li>
				<bodyGraphicData>
					<texPath>pawns/Animal_Beasts/Boma</texPath>
					<drawSize>4</drawSize>
					<shadowData>
						<volume>(0.95, 0.4, 0.6)</volume>
						<offset>(0,0,-0.3)</offset>
					</shadowData>
				</bodyGraphicData>
				<dessicatedBodyGraphicData>
					<texPath>pawns/Animal_Beasts/Dessicated_Boma</texPath>
					<drawSize>4</drawSize>
				</dessicatedBodyGraphicData>
			</li>
		</lifeStages>
	</PawnKindDef>
	
	<!-- ~~~~~~~~~~~~~~~~~~~~~~~~~~~~~~~~~~~~~~~~~~~~~~~~~~~~~~~~~~~~~~~~~~~~~~~~~~~~~~~~~~~~~~~~~~~~~~~~ -->
	<!-- cannok-->
	<!-- ~~~~~~~~~~~~~~~~~~~~~~~~~~~~~~~~~~~~~~~~~~~~~~~~~~~~~~~~~~~~~~~~~~~~~~~~~~~~~~~~~~~~~~~~~~~~~~~~ -->
	<ThingDef ParentName="AnimalThingBase">
		<defName>KOTOR_cannokBase</defName>
		<label>cannok</label>
		<description>cannoks were ravenous beasts native to Onderon and its moon Dxun. Although most cannoks were generally small, there were some that were extremely large in size. They were dangerous predators and known to kill Mandalorians, but they themselves were preyed upon by the zakkeg beasts.</description>
		<statBases>
			<MoveSpeed>5</MoveSpeed>
			<MarketValue>300</MarketValue>
			<ComfyTemperatureMin>0</ComfyTemperatureMin>
			<ComfyTemperatureMax>60</ComfyTemperatureMax>
			<FilthRate>20</FilthRate>
			<ToxicEnvironmentResistance MayRequire="Ludeon.RimWorld.Biotech">0.5</ToxicEnvironmentResistance>
		</statBases>
		<uiIconScale>1.35</uiIconScale>
		<race>
			<body>QuadrupedAnimalWithPaws</body>
			<baseBodySize>0.5</baseBodySize>
			<baseHealthScale>0.5</baseHealthScale>
			<baseHungerRate>3</baseHungerRate>
			<foodType>OmnivoreAnimal</foodType>
			<leatherDef>kotor_leather_cannok</leatherDef>
			<gestationPeriodDays>10</gestationPeriodDays>
			<wildness>0.5</wildness>
			<predator>true</predator>
			<trainability>None</trainability>
			<lifeExpectancy>10</lifeExpectancy>
			<manhunterOnTameFailChance>0.5</manhunterOnTameFailChance>
			<manhunterOnDamageChance>0.75</manhunterOnDamageChance>
			<lifeStageAges>
				<li>
					<def>AnimalBaby</def>
					<minAge>0</minAge>
				</li>
				<li>
					<def>AnimalJuvenile</def>
					<minAge>0.25</minAge>
				</li>
				<li>
					<def>AnimalAdult</def>
					<minAge>0.3333</minAge>
					<soundWounded>kotor_cannok_wounded</soundWounded>
					<soundDeath>kotor_cannok_death</soundDeath>
					<soundCall>kotor_cannok_calls</soundCall>
					<soundAngry>kotor_cannok_angry</soundAngry>
				</li>
			</lifeStageAges>
			<soundMeleeHitPawn>kotor_cannok_hit</soundMeleeHitPawn>
			<soundMeleeHitBuilding>kotor_cannok_hit</soundMeleeHitBuilding>
			<soundMeleeMiss>kotor_cannok_miss</soundMeleeMiss>
			<headPosPerRotation>
			<li>(0.0, 0, 0.05)</li>
			<li>(0.285, 0, 0.02)</li>
			<li>(0.0, 0, -0.12)</li>
			<li>(-0.285, 0, 0.02)</li>
			</headPosPerRotation>
		</race>
		<tradeTags>
			<li>AnimalCommon</li>
			<li>AnimalFarm</li>
		</tradeTags>
		<tools>
			<li>
				<label>head</label>
				<capacities>
					<li>Blunt</li>
				</capacities>
				<power>13</power>
				<cooldownTime>2.6</cooldownTime>
				<linkedBodyPartsGroup>HeadAttackTool</linkedBodyPartsGroup>
				<ensureLinkedBodyPartsGroupAlwaysUsable>true</ensureLinkedBodyPartsGroupAlwaysUsable>
			</li>
			<li>
				<capacities>
					<li>Bite</li>
				</capacities>
				<power>10</power>
				<cooldownTime>2</cooldownTime>
				<linkedBodyPartsGroup>Teeth</linkedBodyPartsGroup>
				<chanceFactor>0.5</chanceFactor>
			</li>
		</tools>
	</ThingDef>

	<PawnKindDef Name="cannok" ParentName="AnimalKindBase">
		<defName>KOTOR_cannok</defName>
		<label>cannok</label>
		<race>KOTOR_cannokBase</race>
		<combatPower>100</combatPower>
		<ecoSystemWeight>2</ecoSystemWeight>
		<wildGroupSize>5~10</wildGroupSize>
		<lifeStages>
			<li>
				<label>cannok calf</label>
				<labelPlural>cannok calves</labelPlural>
				<bodyGraphicData>
					<texPath>pawns/Animal_Beasts/cannok</texPath>
					<drawSize>1</drawSize>
					<shadowData>
					<volume>(0.4, 0.3, 0.3)</volume>
					<offset>(0,0,-0.2)</offset>
					</shadowData>
				</bodyGraphicData>
				<dessicatedBodyGraphicData>
					<texPath>pawns/Animal_Beasts/Dessicated_cannok</texPath>
					<drawSize>1</drawSize>
				</dessicatedBodyGraphicData>
			</li>
			<li>
				<bodyGraphicData>
					<texPath>pawns/Animal_Beasts/cannok</texPath>
					<drawSize>1.5</drawSize>
					<shadowData>
					<volume>(0.6, 0.45, 0.45)</volume>
					<offset>(0,0,-0.25)</offset>
					</shadowData>
					</bodyGraphicData>
				<dessicatedBodyGraphicData>
					<texPath>pawns/Animal_Beasts/Dessicated_cannok</texPath>
					<drawSize>1.5</drawSize>
				</dessicatedBodyGraphicData>
			</li>
			<li>
				<bodyGraphicData>
					<texPath>pawns/Animal_Beasts/cannok</texPath>
					<drawSize>2</drawSize>
					<shadowData>
					<volume>(0.8, 0.6, 0.6)</volume>
					<offset>(0,0,-0.3)</offset>
					</shadowData>
					</bodyGraphicData>
				<dessicatedBodyGraphicData>
					<texPath>pawns/Animal_Beasts/Dessicated_cannok</texPath>
					<drawSize>2</drawSize>
				</dessicatedBodyGraphicData>
			</li>
		</lifeStages>
	</PawnKindDef> 
	
	<!-- ~~~~~~~~~~~~~~~~~~~~~~~~~~~~~~~~~~~~~~~~~~~~~~~~~~~~~~~~~~~~~~~~~~~~~~~~~~~~~~~~~~~~~~~~~~~~~~~~ -->
	<!-- dewback-->
	<!-- ~~~~~~~~~~~~~~~~~~~~~~~~~~~~~~~~~~~~~~~~~~~~~~~~~~~~~~~~~~~~~~~~~~~~~~~~~~~~~~~~~~~~~~~~~~~~~~~~ -->
	<ThingDef ParentName="AnimalThingBase">
		<defName>KOTOR_dewbackBase</defName>
		<label>dewback</label>
		<description>Dewbacks were thick-skinned reptiles native to the desert planet of Tatooine, where they were used as beasts of burden.</description>
		<statBases>
			<MoveSpeed>5</MoveSpeed>
			<MarketValue>400</MarketValue>
			<ComfyTemperatureMin>10</ComfyTemperatureMin>
			<ComfyTemperatureMax>100</ComfyTemperatureMax>
			<FilthRate>10</FilthRate>
		</statBases>
		<uiIconScale>1.35</uiIconScale>
		<race>
			<herdAnimal>true</herdAnimal>
			<packAnimal>true</packAnimal>
			<body>QuadrupedAnimalWithHooves</body>
			<baseBodySize>1</baseBodySize>
			<baseHealthScale>1.75</baseHealthScale>
			<baseHungerRate>0.535</baseHungerRate>
			<foodType>OmnivoreAnimal</foodType>
			<leatherDef>kotor_leather_dewback</leatherDef>
			<gestationPeriodDays>15</gestationPeriodDays>
			<wildness>0.5</wildness>
			<roamMtbDays>2</roamMtbDays>
			<trainability>Advanced</trainability>
			<lifeExpectancy>25</lifeExpectancy>
			<manhunterOnTameFailChance>0.3</manhunterOnTameFailChance>
			<manhunterOnDamageChance>0.7</manhunterOnDamageChance>
			<lifeStageAges>
				<li>
					<def>AnimalBaby</def>
					<minAge>0</minAge>
				</li>
				<li>
					<def>AnimalJuvenile</def>
					<minAge>0.25</minAge>
				</li>
				<li>
					<def>AnimalAdult</def>
					<minAge>0.3333</minAge>
					<soundWounded>kotor_dewback_wounded</soundWounded>
					<soundDeath>kotor_dewback_death</soundDeath>
					<soundCall>kotor_dewback_calls</soundCall>
					<soundAngry>kotor_dewback_angry</soundAngry>
				</li>
			</lifeStageAges>
			<soundMeleeHitPawn>kotor_dewback_hit</soundMeleeHitPawn>
			<soundMeleeHitBuilding>kotor_dewback_hit</soundMeleeHitBuilding>
			<soundMeleeMiss>kotor_dewback_miss</soundMeleeMiss>
			<headPosPerRotation>
			<li>(0.0, 0, 0.05)</li>
			<li>(0.285, 0, 0.02)</li>
			<li>(0.0, 0, -0.12)</li>
			<li>(-0.285, 0, 0.02)</li>
			</headPosPerRotation>
		</race>
		<tradeTags>
			<li>AnimalCommon</li>
			<li>AnimalFarm</li>
		</tradeTags>
		<tools>
			<li>
				<label>head</label>
				<capacities>
					<li>Blunt</li>
				</capacities>
				<power>13</power>
				<cooldownTime>2.6</cooldownTime>
				<linkedBodyPartsGroup>HeadAttackTool</linkedBodyPartsGroup>
				<ensureLinkedBodyPartsGroupAlwaysUsable>true</ensureLinkedBodyPartsGroupAlwaysUsable>
			</li>
			<li>
				<capacities>
					<li>Bite</li>
				</capacities>
				<power>10</power>
				<cooldownTime>2</cooldownTime>
				<linkedBodyPartsGroup>Teeth</linkedBodyPartsGroup>
				<chanceFactor>0.5</chanceFactor>
			</li>
		</tools>
	</ThingDef>

	<PawnKindDef Name="dewback" ParentName="AnimalKindBase">
		<defName>KOTOR_dewback</defName>
		<label>dewback</label>
		<race>KOTOR_dewbackBase</race>
		<combatPower>100</combatPower>
		<ecoSystemWeight>1.5</ecoSystemWeight>
		<wildGroupSize>1~4</wildGroupSize>
		<lifeStages>
			<li>
				<label>dewback calf</label>
				<labelPlural>dewback calves</labelPlural>
				<bodyGraphicData>
					<texPath>pawns/Animal_Beasts/dewback</texPath>
					<drawSize>2</drawSize>
					<shadowData>
					<volume>(0.4, 0.3, 0.3)</volume>
					<offset>(0,0,-0.2)</offset>
					</shadowData>
				</bodyGraphicData>
				<dessicatedBodyGraphicData>
					<texPath>pawns/Animal_Beasts/Dessicated_dewback</texPath>
					<drawSize>2</drawSize>
				</dessicatedBodyGraphicData>
			</li>
			<li>
				<bodyGraphicData>
					<texPath>pawns/Animal_Beasts/dewback</texPath>
					<drawSize>3</drawSize>
					<shadowData>
					<volume>(0.6, 0.45, 0.45)</volume>
					<offset>(0,0,-0.25)</offset>
					</shadowData>
					</bodyGraphicData>
				<dessicatedBodyGraphicData>
					<texPath>pawns/Animal_Beasts/Dessicated_dewback</texPath>
					<drawSize>3</drawSize>
				</dessicatedBodyGraphicData>
			</li>
			<li>
				<bodyGraphicData>
					<texPath>pawns/Animal_Beasts/dewback</texPath>
					<drawSize>5</drawSize>
					<shadowData>
					<volume>(0.8, 0.6, 0.6)</volume>
					<offset>(0,0,-0.3)</offset>
					</shadowData>
					</bodyGraphicData>
				<dessicatedBodyGraphicData>
					<texPath>pawns/Animal_Beasts/Dessicated_dewback</texPath>
					<drawSize>5</drawSize>
				</dessicatedBodyGraphicData>
			</li>
		</lifeStages>
	</PawnKindDef>
	
	<!-- ~~~~~~~~~~~~~~~~~~~~~~~~~~~~~~~~~~~~~~~~~~~~~~~~~~~~~~~~~~~~~~~~~~~~~~~~~~~~~~~~~~~~~~~~~~~~~~~~ -->
	<!-- drate-->
	<!-- ~~~~~~~~~~~~~~~~~~~~~~~~~~~~~~~~~~~~~~~~~~~~~~~~~~~~~~~~~~~~~~~~~~~~~~~~~~~~~~~~~~~~~~~~~~~~~~~~ -->
	<ThingDef ParentName="AnimalThingBase">
		<defName>KOTOR_drateBase</defName>
		<label>drate</label>
		<description>Drate lizard were a species of quadruped reptiles found on Taris. They had a frilled protuberance on top of the head and on both sides of the neck. They possessed a row of circular yellow spots on their flanks.</description>
		<statBases>
			<MoveSpeed>7</MoveSpeed>
			<MarketValue>500</MarketValue>
			<ComfyTemperatureMin>5</ComfyTemperatureMin>
			<ComfyTemperatureMax>100</ComfyTemperatureMax>
			<FilthRate>5</FilthRate>
		</statBases>
		<uiIconScale>1.35</uiIconScale>
		<race>
			<body>Kotor_TuskedQuadruped_Hooves</body>
			<baseBodySize>0.5</baseBodySize>
			<baseHealthScale>1</baseHealthScale>
			<baseHungerRate>1</baseHungerRate>
			<foodType>OmnivoreAnimal</foodType>
			<leatherDef>kotor_leather_drate</leatherDef>
			<gestationPeriodDays>8</gestationPeriodDays>
			<wildness>0.3</wildness>
			<trainability>Intermediate</trainability>
			<lifeExpectancy>15</lifeExpectancy>
			<manhunterOnTameFailChance>0.3</manhunterOnTameFailChance>
			<manhunterOnDamageChance>0.8</manhunterOnDamageChance>
			<lifeStageAges>
				<li>
					<def>AnimalBaby</def>
					<minAge>0</minAge>
				</li>
				<li>
					<def>AnimalJuvenile</def>
					<minAge>0.25</minAge>
				</li>
				<li>
					<def>AnimalAdult</def>
					<minAge>0.3333</minAge>
					<soundWounded>kotor_drate_wounded</soundWounded>
					<soundDeath>kotor_drate_death</soundDeath>
					<soundCall>kotor_drate_calls</soundCall>
					<soundAngry>kotor_drate_angry</soundAngry>
				</li>
			</lifeStageAges>
			<soundMeleeHitPawn>kotor_drate_hit</soundMeleeHitPawn>
			<soundMeleeHitBuilding>kotor_drate_hit</soundMeleeHitBuilding>
			<soundMeleeMiss>kotor_drate_miss</soundMeleeMiss>
			<headPosPerRotation>
			<li>(0.0, 0, 0.05)</li>
			<li>(0.285, 0, 0.02)</li>
			<li>(0.0, 0, -0.12)</li>
			<li>(-0.285, 0, 0.02)</li>
			</headPosPerRotation>
		</race>
		<tradeTags>
			<li>AnimalCommon</li>
			<li>AnimalFarm</li>
		</tradeTags>
		<tools>
			<li>
				<label>head</label>
				<capacities>
					<li>Blunt</li>
				</capacities>
				<power>13</power>
				<cooldownTime>2.6</cooldownTime>
				<linkedBodyPartsGroup>HeadAttackTool</linkedBodyPartsGroup>
				<ensureLinkedBodyPartsGroupAlwaysUsable>true</ensureLinkedBodyPartsGroupAlwaysUsable>
			</li>
			<li>
				<capacities>
					<li>Bite</li>
				</capacities>
				<power>10</power>
				<cooldownTime>2</cooldownTime>
				<linkedBodyPartsGroup>Teeth</linkedBodyPartsGroup>
				<chanceFactor>0.5</chanceFactor>
			</li>
		</tools>
	</ThingDef>

	<PawnKindDef Name="drate" ParentName="AnimalKindBase">
		<defName>KOTOR_drate</defName>
		<label>drate</label>
		<race>KOTOR_drateBase</race>
		<combatPower>100</combatPower>
		<ecoSystemWeight>1</ecoSystemWeight>
		<wildGroupSize>1~3</wildGroupSize>
		<lifeStages>
			<li>
				<label>drate calf</label>
				<labelPlural>drate calves</labelPlural>
				<bodyGraphicData>
					<texPath>pawns/Animal_Beasts/drate</texPath>
					<drawSize>1.5</drawSize>
					<shadowData>
					<volume>(0.4, 0.3, 0.3)</volume>
					<offset>(0,0,-0.2)</offset>
					</shadowData>
				</bodyGraphicData>
				<dessicatedBodyGraphicData>
					<texPath>pawns/Animal_Beasts/Dessicated_drate</texPath>
					<drawSize>1.5</drawSize>
				</dessicatedBodyGraphicData>
			</li>
			<li>
				<bodyGraphicData>
					<texPath>pawns/Animal_Beasts/drate</texPath>
					<drawSize>1.75</drawSize>
					<shadowData>
					<volume>(0.6, 0.45, 0.45)</volume>
					<offset>(0,0,-0.25)</offset>
					</shadowData>
					</bodyGraphicData>
				<dessicatedBodyGraphicData>
					<texPath>pawns/Animal_Beasts/Dessicated_drate</texPath>
					<drawSize>1.75</drawSize>
				</dessicatedBodyGraphicData>
			</li>
			<li>
				<bodyGraphicData>
					<texPath>pawns/Animal_Beasts/drate</texPath>
					<drawSize>2</drawSize>
					<shadowData>
					<volume>(0.8, 0.6, 0.6)</volume>
					<offset>(0,0,-0.3)</offset>
					</shadowData>
					</bodyGraphicData>
				<dessicatedBodyGraphicData>
					<texPath>pawns/Animal_Beasts/Dessicated_drate</texPath>
					<drawSize>2</drawSize>
				</dessicatedBodyGraphicData>
			</li>
		</lifeStages>
	</PawnKindDef>
	
	<!-- ~~~~~~~~~~~~~~~~~~~~~~~~~~~~~~~~~~~~~~~~~~~~~~~~~~~~~~~~~~~~~~~~~~~~~~~~~~~~~~~~~~~~~~~~~~~~~~~~ -->
	<!-- rill-->
	<!-- ~~~~~~~~~~~~~~~~~~~~~~~~~~~~~~~~~~~~~~~~~~~~~~~~~~~~~~~~~~~~~~~~~~~~~~~~~~~~~~~~~~~~~~~~~~~~~~~~ -->
	<ThingDef ParentName="AnimalThingBase">
		<defName>KOTOR_rillBase</defName>
		<label>rill</label>
		<description>Rills were reptiles native to Tatooine. They were not aggressive unless attacked. They had spines along their backs and very sharp teeth, and lived in Tatooine's deserts alongside womp rats.</description>
		<statBases>
			<MoveSpeed>7</MoveSpeed>
			<MarketValue>500</MarketValue>
			<ComfyTemperatureMin>5</ComfyTemperatureMin>
			<ComfyTemperatureMax>100</ComfyTemperatureMax>
			<FilthRate>5</FilthRate>
		</statBases>
		<uiIconScale>1.35</uiIconScale>
		<race>
			<body>Kotor_TuskedQuadruped_Hooves</body>
			<baseBodySize>0.5</baseBodySize>
			<baseHealthScale>1</baseHealthScale>
			<baseHungerRate>1</baseHungerRate>
			<foodType>OmnivoreAnimal</foodType>
			<leatherDef>kotor_leather_rill</leatherDef>
			<gestationPeriodDays>8</gestationPeriodDays>
			<wildness>0.3</wildness>
			<trainability>Intermediate</trainability>
			<lifeExpectancy>15</lifeExpectancy>
			<manhunterOnTameFailChance>0.3</manhunterOnTameFailChance>
			<manhunterOnDamageChance>0.8</manhunterOnDamageChance>
			<lifeStageAges>
				<li>
					<def>AnimalBaby</def>
					<minAge>0</minAge>
				</li>
				<li>
					<def>AnimalJuvenile</def>
					<minAge>0.25</minAge>
				</li>
				<li>
					<def>AnimalAdult</def>
					<minAge>0.3333</minAge>
					<soundWounded>kotor_drate_wounded</soundWounded>
					<soundDeath>kotor_drate_death</soundDeath>
					<soundCall>kotor_drate_calls</soundCall>
					<soundAngry>kotor_drate_angry</soundAngry>
				</li>
			</lifeStageAges>
			<soundMeleeHitPawn>kotor_drate_hit</soundMeleeHitPawn>
			<soundMeleeHitBuilding>kotor_drate_hit</soundMeleeHitBuilding>
			<soundMeleeMiss>kotor_drate_miss</soundMeleeMiss>
			<headPosPerRotation>
			<li>(0.0, 0, 0.05)</li>
			<li>(0.285, 0, 0.02)</li>
			<li>(0.0, 0, -0.12)</li>
			<li>(-0.285, 0, 0.02)</li>
			</headPosPerRotation>
		</race>
		<tradeTags>
			<li>AnimalCommon</li>
			<li>AnimalFarm</li>
		</tradeTags>
		<tools>
			<li>
				<label>head</label>
				<capacities>
					<li>Blunt</li>
				</capacities>
				<power>13</power>
				<cooldownTime>2.6</cooldownTime>
				<linkedBodyPartsGroup>HeadAttackTool</linkedBodyPartsGroup>
				<ensureLinkedBodyPartsGroupAlwaysUsable>true</ensureLinkedBodyPartsGroupAlwaysUsable>
			</li>
			<li>
				<capacities>
					<li>Bite</li>
				</capacities>
				<power>10</power>
				<cooldownTime>2</cooldownTime>
				<linkedBodyPartsGroup>Teeth</linkedBodyPartsGroup>
				<chanceFactor>0.5</chanceFactor>
			</li>
		</tools>
	</ThingDef>

	<PawnKindDef Name="rill" ParentName="AnimalKindBase">
		<defName>KOTOR_rill</defName>
		<label>rill</label>
		<race>KOTOR_rillBase</race>
		<combatPower>100</combatPower>
		<ecoSystemWeight>1</ecoSystemWeight>
		<wildGroupSize>1~3</wildGroupSize>
		<lifeStages>
			<li>
				<label>rill calf</label>
				<labelPlural>rill calves</labelPlural>
				<bodyGraphicData>
					<texPath>pawns/Animal_Beasts/rill</texPath>
					<drawSize>1.5</drawSize>
					<shadowData>
					<volume>(0.4, 0.3, 0.3)</volume>
					<offset>(0,0,-0.2)</offset>
					</shadowData>
				</bodyGraphicData>
				<dessicatedBodyGraphicData>
					<texPath>pawns/Animal_Beasts/Dessicated_rill</texPath>
					<drawSize>1.5</drawSize>
				</dessicatedBodyGraphicData>
			</li>
			<li>
				<bodyGraphicData>
					<texPath>pawns/Animal_Beasts/rill</texPath>
					<drawSize>1.75</drawSize>
					<shadowData>
					<volume>(0.6, 0.45, 0.45)</volume>
					<offset>(0,0,-0.25)</offset>
					</shadowData>
					</bodyGraphicData>
				<dessicatedBodyGraphicData>
					<texPath>pawns/Animal_Beasts/Dessicated_rill</texPath>
					<drawSize>1.75</drawSize>
				</dessicatedBodyGraphicData>
			</li>
			<li>
				<bodyGraphicData>
					<texPath>pawns/Animal_Beasts/rill</texPath>
					<drawSize>2</drawSize>
					<shadowData>
					<volume>(0.8, 0.6, 0.6)</volume>
					<offset>(0,0,-0.3)</offset>
					</shadowData>
					</bodyGraphicData>
				<dessicatedBodyGraphicData>
					<texPath>pawns/Animal_Beasts/Dessicated_rill</texPath>
					<drawSize>2</drawSize>
				</dessicatedBodyGraphicData>
			</li>
		</lifeStages>
	</PawnKindDef>

	<!-- ~~~~~~~~~~~~~~~~~~~~~~~~~~~~~~~~~~~~~~~~~~~~~~~~~~~~~~~~~~~~~~~~~~~~~~~~~~~~~~~~~~~~~~~~~~~~~~~~ -->
	<!-- Krayt Dragon-->
	<!-- ~~~~~~~~~~~~~~~~~~~~~~~~~~~~~~~~~~~~~~~~~~~~~~~~~~~~~~~~~~~~~~~~~~~~~~~~~~~~~~~~~~~~~~~~~~~~~~~~ -->
	<ThingDef ParentName="AnimalThingBase">
		<defName>KOTOR_KraytDragonBase</defName>
		<label>Canyon krayt dragon </label>
		<description>The canyon krayt dragon was the smaller and more common species of krayt dragon, a predatory reptile from Tatooine. As its named suggested, it dwelled in rock caves and canyons.[1] Canyon krayt dragons had brown skin and yellow eyes, and their head was covered with a multitude of horns.</description>
		<statBases>
			<MoveSpeed>4</MoveSpeed>
			<MarketValue>5000</MarketValue>
			<ComfyTemperatureMin>5</ComfyTemperatureMin>
			<ComfyTemperatureMax>100</ComfyTemperatureMax>
			<FilthRate>20</FilthRate>
		</statBases>
		<uiIconScale>1.35</uiIconScale>
		<race>
			<body>KOTOR_BodyDragon</body>
			<baseBodySize>5</baseBodySize>
			<baseHealthScale>10</baseHealthScale>
			<baseHungerRate>2</baseHungerRate>
			<foodType>CarnivoreAnimal</foodType>
			<leatherDef>kotor_leather_kraytdragon</leatherDef>
			<gestationPeriodDays>30</gestationPeriodDays>
			<wildness>0.7</wildness>
			<trainability>Advanced</trainability>
			<lifeExpectancy>300</lifeExpectancy>
			<manhunterOnTameFailChance>0.7</manhunterOnTameFailChance>
			<manhunterOnDamageChance>1</manhunterOnDamageChance>
			<lifeStageAges>
				<li>
					<def>AnimalBaby</def>
					<minAge>0</minAge>
				</li>
				<li>
					<def>AnimalJuvenile</def>
					<minAge>0.25</minAge>
				</li>
				<li>
					<def>AnimalAdult</def>
					<minAge>0.3333</minAge>
					<soundWounded>kotor_krayt_wounded</soundWounded>
					<soundDeath>kotor_krayt_death</soundDeath>
					<soundCall>kotor_krayt_calls</soundCall>
					<soundAngry>kotor_krayt_angry</soundAngry>
				</li>
			</lifeStageAges>
			<soundMeleeHitPawn>kotor_krayt_hit</soundMeleeHitPawn>
			<soundMeleeHitBuilding>kotor_krayt_hit</soundMeleeHitBuilding>
			<soundMeleeMiss>kotor_krayt_miss</soundMeleeMiss>
			<headPosPerRotation>
			<li>(0.0, 0, 0.05)</li>
			<li>(0.285, 0, 0.02)</li>
			<li>(0.0, 0, -0.12)</li>
			<li>(-0.285, 0, 0.02)</li>
			</headPosPerRotation>
		</race>
		<tradeTags>
			<li>AnimalUncommon</li>
			<li>AnimalFighter</li>
		</tradeTags>
		<tools>
			<li>
				<label>head</label>
				<capacities>
					<li>Blunt</li>
				</capacities>
				<power>13</power>
				<cooldownTime>2.6</cooldownTime>
				<linkedBodyPartsGroup>HeadAttackTool</linkedBodyPartsGroup>
				<ensureLinkedBodyPartsGroupAlwaysUsable>true</ensureLinkedBodyPartsGroupAlwaysUsable>
			</li>
			<li>
				<capacities>
					<li>Bite</li>
				</capacities>
				<power>20</power>
				<cooldownTime>2</cooldownTime>
				<linkedBodyPartsGroup>Teeth</linkedBodyPartsGroup>
				<chanceFactor>0.5</chanceFactor>
			</li>
			<li>
				<capacities>
					<li>ToxicBite</li>
				</capacities>
				<power>20</power>
				<cooldownTime>5</cooldownTime>
				<linkedBodyPartsGroup>Teeth</linkedBodyPartsGroup>
				<chanceFactor>0.5</chanceFactor>
			</li>
		</tools>
	</ThingDef>

	<PawnKindDef Name="KraytDragon" ParentName="AnimalKindBase">
		<defName>KOTOR_KraytDragon</defName>
		<label>Krayt Dragon</label>
		<race>KOTOR_KraytDragonBase</race>
		<combatPower>500</combatPower>
		<ecoSystemWeight>1</ecoSystemWeight>
		<wildGroupSize>1</wildGroupSize>
		<lifeStages>
			<li>
				<label>Krayt Dragon calf</label>
				<labelPlural>Krayt Dragon calves</labelPlural>
				<bodyGraphicData>
					<texPath>pawns/Animal_Beasts/krayt</texPath>
					<drawSize>5</drawSize>
					<shadowData>
					<volume>(0.4, 0.3, 0.3)</volume>
					<offset>(0,0,-0.2)</offset>
					</shadowData>
				</bodyGraphicData>
				<dessicatedBodyGraphicData>
					<texPath>pawns/Animal_Beasts/Dessicated_krayt</texPath>
					<drawSize>5</drawSize>
				</dessicatedBodyGraphicData>
			</li>
			<li>
				<bodyGraphicData>
					<texPath>pawns/Animal_Beasts/krayt</texPath>
					<drawSize>10</drawSize>
					<shadowData>
					<volume>(0.6, 0.45, 0.45)</volume>
					<offset>(0,0,-0.25)</offset>
					</shadowData>
					</bodyGraphicData>
				<dessicatedBodyGraphicData>
					<texPath>pawns/Animal_Beasts/Dessicated_krayt</texPath>
					<drawSize>10</drawSize>
				</dessicatedBodyGraphicData>
			</li>
			<li>
				<bodyGraphicData>
					<texPath>pawns/Animal_Beasts/krayt</texPath>
					<drawSize>15</drawSize>
					<shadowData>
					<volume>(0.8, 0.6, 0.6)</volume>
					<offset>(0,0,-0.3)</offset>
					</shadowData>
					</bodyGraphicData>
				<dessicatedBodyGraphicData>
					<texPath>pawns/Animal_Beasts/Dessicated_krayt</texPath>
					<drawSize>15</drawSize>
				</dessicatedBodyGraphicData>
			</li>
		</lifeStages>
	</PawnKindDef>	
</Defs>



