﻿<?xml version="1.0" encoding="utf-8"?>
<Defs>

  
  <ThingDef ParentName="guy762_kotorlightsaber">
    <defName>SWSaber_KotOR_revansaber</defName>
	<label>Revan's lightsaber</label>
	<description>Though Revan used many lightsabers in their life, this one is perhaps the most famous. Forged shortly after their ascension to Supreme Commander of the Republic Military near the end of the Mandalorian wars, this weapon at once belongs to both the Republic's greatest hero and its greatest villain.</description>
	<graphicData>
      <texPath>Immortalus_revansaber</texPath>
      <graphicClass>ModularWeapons.Graphic_Modular</graphicClass>
      <onGroundRandomRotateAngle>35</onGroundRandomRotateAngle>
	  <shaderType>TransparentPostLight</shaderType>
    </graphicData>
	<weaponTags Inherit="False">
		<li>SE_revan</li>
	</weaponTags>
	<statBases>
      <MarketValue>1000000</MarketValue>
    </statBases>
	<equippedStatOffsets>
	  <PsychicSensitivity>0.5</PsychicSensitivity>
	  <MeditationFocusGain>0.75</MeditationFocusGain>
	</equippedStatOffsets>
	
	<costList>
		<guy762_crystalitem_purple>1</guy762_crystalitem_purple>
	</costList>
	<recipeMaker>
	  <researchPrerequisite>guy762_ResearchKotOR_revan</researchPrerequisite>
	</recipeMaker>
	
	<relicChance>7</relicChance>
    <comps>
	  <li Class="ModularWeapons.CompProperties_ModularParts">
		<compClass>ModularWeapons.CompModularParts</compClass>
		<bundlePackageId>guy762.KotORWeaponsArmor</bundlePackageId>
		<partKinds>
			<li>guy762_slot_colorcrystal</li>
			<li>guy762_slot_focuscrystal</li>
			<li>guy762_slot_powercrystal</li>
		</partKinds>
		<majorKinds>
			<li>guy762_slot_colorcrystal</li>
		</majorKinds>
		<randomizeParts>false</randomizeParts>
		<defaultParts>
			<li>guy762_colorcrystal_purple</li>
		</defaultParts>
	  </li>
    </comps>
	<tradeTags Inherit="False">
		<li>guy762TT_KotORLegendary</li>
	</tradeTags>
	<notifyMapRemoved>true</notifyMapRemoved>
	<tradeNeverStack>true</tradeNeverStack>
  </ThingDef>
  
  <ThingDef ParentName="guy762_kotorcrosssaber">
    <defName>SWSaber_KotOR_malaksaber</defName>
	<label>Darth Malak's lightsaber</label>
	<description>An imposing figure even amongst Sith lords, Malak began using this unusually long lightsaber early in his career as a Jedi Knight to better fit his build. It is often noted that many of the techniques Malak developed while wielding this weapon became the basis for the design of the crossguard lightsaber.</description>
	<graphicData>
      <texPath>Immortalus_malaksaber</texPath>
      <graphicClass>ModularWeapons.Graphic_Modular</graphicClass>
      <onGroundRandomRotateAngle>35</onGroundRandomRotateAngle>
	  <shaderType>TransparentPostLight</shaderType>
	  <drawSize>1.5</drawSize>
    </graphicData>
	<weaponTags Inherit="False">
		<li>SE_malak</li>
	</weaponTags>
	<tradeTags Inherit="False">
		<li>guy762TT_KotORLegendary</li>
	</tradeTags>
	<statBases>
      <MarketValue>500000</MarketValue>
    </statBases>
	<equippedStatOffsets>
	  <MeleeDodgeChance>0.2</MeleeDodgeChance>
	  <MeleeWeapon_DamageMultiplier>1.4</MeleeWeapon_DamageMultiplier>
	</equippedStatOffsets>
	
	<costList Inherit="False">
		<guy762_saberpart_lens>1</guy762_saberpart_lens>
		<guy762_saberpart_emitter>1</guy762_saberpart_emitter>
		<guy762_crystalitem_red>1</guy762_crystalitem_red>
		<guy762_saberpart_pcell>1</guy762_saberpart_pcell>
		<Steel>50</Steel>
	</costList>
	<recipeMaker>
	  <researchPrerequisite>guy762_ResearchKotOR_malak</researchPrerequisite>
	</recipeMaker>
	
	<relicChance>5</relicChance>
    <comps>
	  <li Class="ModularWeapons.CompProperties_ModularParts">
		<compClass>ModularWeapons.CompModularParts</compClass>
		<bundlePackageId>guy762.KotORWeaponsArmor</bundlePackageId>
		<partKinds>
			<li>guy762_slot_colorcrystal</li>
			<li>guy762_slot_focuscrystal</li>
			<li>guy762_slot_powercrystal_cross</li>
		</partKinds>
		<majorKinds>
			<li>guy762_slot_colorcrystal</li>
		</majorKinds>
		<randomizeParts>false</randomizeParts>
		<defaultParts>
			<li>guy762_colorcrystal_red</li>
		</defaultParts>
	  </li>
    </comps>
	<notifyMapRemoved>true</notifyMapRemoved>
	<tradeNeverStack>true</tradeNeverStack>
	<tools Inherit="False">
      <li>
        <label>hilt</label>
        <capacities>
          <li>Blunt</li>
        </capacities>
		<!---->
        <power>12</power>
		<chanceFactor>0.05</chanceFactor>
        <cooldownTime>3</cooldownTime>
      </li>
      <li>
        <label>tip</label>
        <alwaysTreatAsWeapon>true</alwaysTreatAsWeapon>
		<soundMeleeMiss>kotorsound_lightsaber_swing</soundMeleeMiss>
        <capacities>
          <li>guy762_ToolCapacity_SaberStab</li>
        </capacities>
		<!---->
        <power>26</power>
		<chanceFactor>0.75</chanceFactor>
        <cooldownTime>4</cooldownTime>
      </li>
      <li>
        <label>edge</label>
        <alwaysTreatAsWeapon>true</alwaysTreatAsWeapon>
		<soundMeleeMiss>kotorsound_lightsaber_swing</soundMeleeMiss>
        <capacities>
          <li>guy762_ToolCapacity_SaberSlash</li>
        </capacities>
		<!---->
        <power>34</power>
		<chanceFactor>1.25</chanceFactor>
        <cooldownTime>3.5</cooldownTime>
      </li>
    </tools>
  </ThingDef>
  
  <ThingDef ParentName="guy762_kotorlightsaber">
    <defName>SWSaber_KotOR_nihilussaber</defName>
	<label>Darth Nihilus's lightsaber</label>
	<description>Few in the galaxy ever knew the identity of the Ravager's captain, most among the Sith remnant preferring to refer to him only as "that monster from Malachor," fearing any stray thought might draw his attention and wrath. Fewer still knew he was once a Jedi, trained in the arts of lightsaber combat like any other. It is unknown if this lightsaber was used for any purpose other than to train his apprentice, Visas Marr, but it was recovered and kept as a keepsake by her nonetheless.</description>
	<graphicData>
      <texPath>Immortalus_nihilussaber</texPath>
      <graphicClass>ModularWeapons.Graphic_Modular</graphicClass>
      <onGroundRandomRotateAngle>35</onGroundRandomRotateAngle>
	  <shaderType>TransparentPostLight</shaderType>
    </graphicData>
	<weaponTags Inherit="False">
		<li>SE_nihilus</li>
	</weaponTags>
	<tradeTags Inherit="False">
		<li>guy762TT_KotORLegendary</li>
	</tradeTags>
	<statBases>
      <MarketValue>250000</MarketValue>
    </statBases>
	<equippedStatOffsets>
	  <PsychicEntropyRecoveryRate>1</PsychicEntropyRecoveryRate>
	</equippedStatOffsets>
	
	<costList>
		<guy762_crystalitem_red>1</guy762_crystalitem_red>
	</costList>
	<recipeMaker>
	  <researchPrerequisite>guy762_ResearchKotOR_nihilus</researchPrerequisite>
	</recipeMaker>
	
	<relicChance>5</relicChance>
    <comps>
	  <li Class="ModularWeapons.CompProperties_ModularParts">
		<compClass>ModularWeapons.CompModularParts</compClass>
		<bundlePackageId>guy762.KotORWeaponsArmor</bundlePackageId>
		<partKinds>
			<li>guy762_slot_colorcrystal</li>
			<li>guy762_slot_focuscrystal</li>
			<li>guy762_slot_powercrystal</li>
		</partKinds>
		<majorKinds>
			<li>guy762_slot_colorcrystal</li>
		</majorKinds>
		<randomizeParts>false</randomizeParts>
		<defaultParts>
			<li>guy762_colorcrystal_red</li>
		</defaultParts>
	  </li>
    </comps>
	<notifyMapRemoved>true</notifyMapRemoved>
	<tradeNeverStack>true</tradeNeverStack>
  </ThingDef>
  
  <ThingDef ParentName="guy762_kotorlightsaber">
    <defName>SWSaber_KotOR_sionsaber</defName>
	<label>Darth Sion's lightsaber</label>
	<description>Many attribute the great Jedi purge that followed the end of the Jedi Civil War to a Sith Marauder known as Sion. Supposedly a veteran from the Exar Kun war, Sion possessed a curious ability to cling to life and recuperate his strength even through the most grievous of injuries. New Jedi scholars theorize this bizarre dark-side inversion of Force healing was due to the sheer hatred and contempt he felt towards the Jedi. Though many believe he finally met his end aboard the Ravager at the Battle of Telos IV, his lightsaber still carries a firm imprint of his spirit, forcing the shattered remains of the Kyber crystal within to maintain enough cohesion ignite and carry out further assassinations in his name.</description>
	<graphicData>
      <texPath>Immortalus_sionsaber</texPath>
      <graphicClass>ModularWeapons.Graphic_Modular</graphicClass>
      <onGroundRandomRotateAngle>35</onGroundRandomRotateAngle>
	  <shaderType>TransparentPostLight</shaderType>
    </graphicData>
	<weaponTags Inherit="False">
		<li>SE_sion</li>
	</weaponTags>
	<tradeTags Inherit="False">
		<li>guy762TT_KotORLegendary</li>
	</tradeTags>
	<statBases>
      <MarketValue>250000</MarketValue>
    </statBases>
	<equippedStatOffsets>
	  <PainShockThreshold>1</PainShockThreshold>
	</equippedStatOffsets>
	
	<costList>
		<guy762_crystalitem_cracked>1</guy762_crystalitem_cracked>
	</costList>
	<recipeMaker>
	  <researchPrerequisite>guy762_ResearchKotOR_sion</researchPrerequisite>
	</recipeMaker>
	
	<relicChance>5</relicChance>
    <comps>
	  <li Class="ModularWeapons.CompProperties_ModularParts">
		<compClass>ModularWeapons.CompModularParts</compClass>
		<bundlePackageId>guy762.KotORWeaponsArmor</bundlePackageId>
		<partKinds>
			<li>guy762_slot_colorcrystal</li>
			<li>guy762_slot_focuscrystal</li>
			<li>guy762_slot_powercrystal</li>
		</partKinds>
		<majorKinds>
			<li>guy762_slot_colorcrystal</li>
		</majorKinds>
		<randomizeParts>false</randomizeParts>
		<defaultParts>
			<li>guy762_colorcrystal_cracked</li>
		</defaultParts>
	  </li>
    </comps>
	<notifyMapRemoved>true</notifyMapRemoved>
	<tradeNeverStack>true</tradeNeverStack>
  </ThingDef>
  
  
  
  
  
  <ThingDef ParentName="guy762_kotorlightsaber">
    <defName>SWSaber_KotOR_exilesaber</defName>
	<label>Meetra Surik's lightsaber</label>
	<description>This is the lightsaber of Jedi Master Meetra Surik, often called the "Jedi Exile". One of the many Jedi who served with Revan in the Mandalorian Wars, Surik is credited with singlehandedly defeating multiple Sith warlords during the attempted attack on Telos IV several years ago. Her current whereabouts are currently unknown, though Grandmaster Shan of the new Jedi Council posits she departed for the Unknown Regions to search for Revan.</description>
	<graphicData>
      <texPath>Immortalus_revan2saber</texPath>
      <graphicClass>ModularWeapons.Graphic_Modular</graphicClass>
      <onGroundRandomRotateAngle>35</onGroundRandomRotateAngle>
	  <shaderType>TransparentPostLight</shaderType>
    </graphicData>
	<weaponTags Inherit="False">
		<li>OR_exile</li>
	</weaponTags>
	<tradeTags Inherit="False">
		<li>guy762TT_KotORLegendary</li>
	</tradeTags>
	<statBases>
      <MarketValue>250000</MarketValue>
    </statBases>
	<equippedStatOffsets>
	  <PsychicSensitivity>0.3</PsychicSensitivity>
	  <MeditationFocusGain>0.3</MeditationFocusGain>
	  <PsychicEntropyRecoveryRate>0.3</PsychicEntropyRecoveryRate>
	</equippedStatOffsets>
	
	<costList>
		<guy762_crystalitem_cyan>1</guy762_crystalitem_cyan>
	</costList>
	<recipeMaker>
	  <researchPrerequisite>guy762_ResearchKotOR_exile</researchPrerequisite>
	</recipeMaker>
	
	<relicChance>5</relicChance>
    <comps>
	  <li Class="ModularWeapons.CompProperties_ModularParts">
		<compClass>ModularWeapons.CompModularParts</compClass>
		<bundlePackageId>guy762.KotORWeaponsArmor</bundlePackageId>
		<partKinds>
			<li>guy762_slot_colorcrystal</li>
			<li>guy762_slot_focuscrystal</li>
			<li>guy762_slot_powercrystal</li>
		</partKinds>
		<majorKinds>
			<li>guy762_slot_colorcrystal</li>
		</majorKinds>
		<randomizeParts>false</randomizeParts>
		<defaultParts>
			<li>guy762_colorcrystal_cyan</li>
		</defaultParts>
	  </li>
    </comps>
	<notifyMapRemoved>true</notifyMapRemoved>
	<tradeNeverStack>true</tradeNeverStack>
  </ThingDef>
  
  
  
</Defs>