<?xml version="1.0" encoding="utf-8" ?>
<Defs>

	<ThingDef ParentName="KotORRangedMakeable_TwoHand">
		<defName>guy762_brifle</defName>
		<label>blaster rifle</label>
		<description>More powerful than the commonly available pistol, the blaster rifle is favored by soldiers throughout the galaxy. Civilian ownership of these weapons is not generally encouraged.</description>
		<techLevel>Spacer</techLevel>
		<graphicData>
			<texPath>kotorrifle</texPath>
			<graphicClass>Graphic_Single</graphicClass>
		</graphicData>
		<soundInteract>kotorsound_select_brifle</soundInteract>
		<statBases>
			<MarketValue>300</MarketValue>
			<WorkToMake>50000</WorkToMake>
			<Mass>6.5</Mass>
			<AccuracyTouch>0.50</AccuracyTouch>
			<AccuracyShort>0.70</AccuracyShort>
			<AccuracyMedium>0.85</AccuracyMedium>
			<AccuracyLong>0.75</AccuracyLong>
			<RangedWeapon_Cooldown>1.5</RangedWeapon_Cooldown>
			<RangedWeapon_DamageMultiplier>1.2</RangedWeapon_DamageMultiplier>
		</statBases>
		<recipeMaker>
			<researchPrerequisite>guy762_ResearchKotOR_hvyblasters</researchPrerequisite>
			<skillRequirements>
				<Crafting>7</Crafting>
			</skillRequirements>
		</recipeMaker>
		<costList>
			<Plasteel>25</Plasteel>
			<Steel>20</Steel>
			<Chemfuel>50</Chemfuel>
			<ComponentSpacer>4</ComponentSpacer>
		</costList>
		<weaponTags>
			<li>SpacerGun</li>
			<li>KotORRanged_mid</li>
			<li>KotORRanged_basicrifle</li>
			<li>OR_standard</li>
			<li>MNC_scout</li>
			<li>SaV_commando</li>
			<li>SaV_AsnDroid_weak</li>
			<li>PM_rifle</li>
			<li>HC_soldier</li>
			<li>CZ_trooper</li>
			<li>SE_lieutenant</li>
			<li>KotORWeapon_civhunter</li>
		</weaponTags>
		<tradeTags Inherit="False">
			<li>guy762TT_KotORGeneric_basic</li>
			<li>guy762TT_KotORRanged</li>
		</tradeTags>
		<verbs>
			<li>
				<verbClass>Verb_Shoot</verbClass>
				<hasStandardCommand>true</hasStandardCommand>
				<defaultProjectile>KotORBlasterBolt_default</defaultProjectile>
				<warmupTime>1.75</warmupTime>
				<range>28</range>
				<ticksBetweenBurstShots>20</ticksBetweenBurstShots>
				<burstShotCount>3</burstShotCount>
				<soundCast>kotorsound_rifle</soundCast>
				<soundCastTail>GunTail_Medium</soundCastTail>
				<muzzleFlashScale>9</muzzleFlashScale>
			</li>
		</verbs>
		<tools>
			<li>
				<label>stock</label>
				<capacities>
					<li>Blunt</li>
				</capacities>
				<power>14</power>
				<cooldownTime>2</cooldownTime>
			</li>
			<li>
				<label>barrel</label>
				<capacities>
					<li>Blunt</li>
					<li>Poke</li>
				</capacities>
				<power>9</power>
				<cooldownTime>2</cooldownTime>
			</li>
		</tools>
		<thingSetMakerTags>
		  <li>RewardStandardLowFreq</li>
		  <li>RewardStandardQualitySuper</li>
		</thingSetMakerTags>
	</ThingDef>
	
	
	<!--damage tier +2-->
	
	
	<ThingDef ParentName="KotORRangedModdable_TwoHand">
		<defName>guy762_brifle_dmr</defName>
		<label>Watchman Rifle</label>
		<description>A solid, reliable weapon of Republic origin, this rifle is designed with modularity first and foremost.</description>
		<techLevel>Spacer</techLevel>
		<thingClass>ThingWithComps</thingClass>
		<graphicData>
			<texPath>kotorrifle_dmr</texPath>
			<graphicClass>ModularWeapons.Graphic_Modular</graphicClass>
		</graphicData>
		<soundInteract>kotorsound_select_brifle</soundInteract>
		<statBases>
			<MarketValue>762</MarketValue>
			<Mass>6.5</Mass>
			<AccuracyTouch>0.50</AccuracyTouch>
			<AccuracyShort>0.70</AccuracyShort>
			<AccuracyMedium>0.85</AccuracyMedium>
			<AccuracyLong>0.75</AccuracyLong>
			<RangedWeapon_Cooldown>1.5</RangedWeapon_Cooldown>
			<RangedWeapon_DamageMultiplier>1.2</RangedWeapon_DamageMultiplier>
		</statBases>
		<weaponTags>
			<li>KotORRanged_mid</li>
			<li>OR_standard</li>
			<li>OR_soldier</li>
			<li>PM_veteran</li>
		</weaponTags>
		<tradeTags Inherit="False">
			<li>guy762TT_KotORRanged</li>
		</tradeTags>
		<verbs>
			<li>
				<verbClass>Verb_Shoot</verbClass>
				<hasStandardCommand>true</hasStandardCommand>
				<defaultProjectile>KotORBlasterBolt_default</defaultProjectile>
				<warmupTime>1.75</warmupTime>
				<range>28</range>
				<ticksBetweenBurstShots>20</ticksBetweenBurstShots>
				<burstShotCount>3</burstShotCount>
				<soundCast>kotorsound_rifle</soundCast>
				<soundCastTail>GunTail_Medium</soundCastTail>
				<muzzleFlashScale>9</muzzleFlashScale>
			</li>
		</verbs>
		<tools>
			<li>
				<label>stock</label>
				<capacities>
					<li>Blunt</li>
				</capacities>
				<power>14</power>
				<cooldownTime>2</cooldownTime>
			</li>
			<li>
				<label>barrel</label>
				<capacities>
					<li>Blunt</li>
					<li>Poke</li>
				</capacities>
				<power>9</power>
				<cooldownTime>2</cooldownTime>
			</li>
		</tools>
		<comps>
			<li Class="ModularWeapons.CompProperties_ModularParts">
				<compClass>ModularWeapons.CompModularParts</compClass>
				<bundlePackageId>guy762.KotORWeaponsArmor</bundlePackageId>
				<partKinds>
					<li>guy762_slot_scope</li>
					<li>guy762_slot_chamber</li>
					<li>guy762_slot_beam</li>
				</partKinds>
			</li>
		</comps>
	</ThingDef>
	
	
	<!--damage tier +1-->
	
	
	<ThingDef ParentName="KotORRangedModdable_TwoHand">
		<defName>guy762_brifle_sith</defName>
		<label>Sith Sniper Rifle</label>
		<description>Despite its effectiveness, these modified blaster rifles are not often employed by the Sith. They prefer to engage their enemies up close and personal.</description>
		<techLevel>Spacer</techLevel>
		<thingClass>ThingWithComps</thingClass>
		<graphicData>
			<texPath>kotorrifle_sith</texPath>
			<graphicClass>ModularWeapons.Graphic_Modular</graphicClass>
		</graphicData>
		<equippedAngleOffset>45</equippedAngleOffset>
		<soundInteract>kotorsound_select_brifle</soundInteract>
		<statBases>
			<MarketValue>1500</MarketValue>
			<Mass>6.5</Mass>
			<AccuracyTouch>0.55</AccuracyTouch>
			<AccuracyShort>0.75</AccuracyShort>
			<AccuracyMedium>0.90</AccuracyMedium>
			<AccuracyLong>0.80</AccuracyLong>
			<RangedWeapon_Cooldown>1.5</RangedWeapon_Cooldown>
			<RangedWeapon_DamageMultiplier>1.3</RangedWeapon_DamageMultiplier>
		</statBases>
		<weaponTags Inherit="False">
			<li>KotORRanged_mid</li>
			<li>KotORSniper</li>
			<li>SE_elitetrooper</li>
			<li>SE_assassin</li>
			<li>SE_operative</li>
			<li>SE_raiderveteran</li>
			<li>SaV_assassin</li>
			<li>EXC_assassin</li>
		</weaponTags>
		<tradeTags Inherit="False">
			<li>guy762TT_KotORRanged</li>
			<li>guy762TT_SEWeapons</li>
		</tradeTags>
		<verbs>
			<li>
				<verbClass>Verb_Shoot</verbClass>
				<hasStandardCommand>true</hasStandardCommand>
				<defaultProjectile>KotORBlasterBolt_default</defaultProjectile>
				<warmupTime>1.75</warmupTime>
				<range>28</range>
				<ticksBetweenBurstShots>20</ticksBetweenBurstShots>
				<burstShotCount>3</burstShotCount>
				<soundCast>kotorsound_rifle</soundCast>
				<soundCastTail>GunTail_Medium</soundCastTail>
				<muzzleFlashScale>9</muzzleFlashScale>
			</li>
			<li>
				<label>adv. sniper shot</label>
				<!--description>Fire a single bolt with increased range and armor penetration.</description>
				<iconPath>UI/Improved_Sniper_Shot</iconPath-->
				<commandIcon>UI/Improved_Sniper_Shot</commandIcon>
				<verbClass>Verb_Shoot</verbClass>
				<hasStandardCommand>true</hasStandardCommand>
				<defaultProjectile>KotORBlasterBolt_sniper</defaultProjectile>
				<warmupTime>3.5</warmupTime>
				<range>42</range>
				<accuracyMedium>1.00</accuracyMedium>
				<accuracyLong>0.95</accuracyLong>
				<ticksBetweenBurstShots>20</ticksBetweenBurstShots>
				<burstShotCount>1</burstShotCount>
				<soundCast>kotorsound_sniper2</soundCast>
				<soundCastTail>GunTail_Medium</soundCastTail>
				<muzzleFlashScale>9</muzzleFlashScale>
				<ai_IsWeapon>true</ai_IsWeapon>
				<bodypartTagTarget>ConsciousnessSource</bodypartTagTarget>
			</li>
		</verbs>
		<tools>
			<li>
				<label>stock</label>
				<capacities>
					<li>Blunt</li>
				</capacities>
				<power>14</power>
				<cooldownTime>2</cooldownTime>
			</li>
			<li>
				<label>barrel</label>
				<capacities>
					<li>Blunt</li>
					<li>Poke</li>
				</capacities>
				<power>9</power>
				<cooldownTime>2</cooldownTime>
			</li>
		</tools>
		<comps>
			<!--li Class="CompOversizedWeapon.CompProperties_OversizedWeapon">
			  <eastOffset>0.1,0,-0.1</eastOffset>
			  <westOffset>-0.1,0,-0.1</westOffset>
			  <southOffset>0,0,-0.1</southOffset>
			</li-->
			<li Class="ModularWeapons.CompProperties_ModularParts">
				<compClass>ModularWeapons.CompModularParts</compClass>
				<bundlePackageId>guy762.KotORWeaponsArmor</bundlePackageId>
				<partKinds>
					<li>guy762_slot_scope</li>
					<li>guy762_slot_chamber</li>
				</partKinds>
			</li>
		</comps>
	</ThingDef>
	
	
	<!--damage tier +2-->
	
	
	<ThingDef ParentName="KotORRangedModdable_TwoHand">
		<defName>guy762_brifle_mandalorian</defName>
		<label>Mandalorian Assault Rifle</label>
		<description>These weapons are almost overpowered for their size, but the Mandalorians prefer them that way. They do not make a habit of being subtle in their war making.</description>
		<techLevel>Spacer</techLevel>
		<thingClass>ThingWithComps</thingClass>
		<graphicData>
			<texPath>kotorrifle_mando</texPath>
			<graphicClass>ModularWeapons.Graphic_Modular</graphicClass>
		</graphicData>
		<soundInteract>kotorsound_select_brifle</soundInteract>
		<statBases>
			<MarketValue>2500</MarketValue>
			<Mass>6.5</Mass>
			<AccuracyTouch>0.60</AccuracyTouch>
			<AccuracyShort>0.80</AccuracyShort>
			<AccuracyMedium>0.95</AccuracyMedium>
			<AccuracyLong>0.85</AccuracyLong>
			<RangedWeapon_Cooldown>1.5</RangedWeapon_Cooldown>
			<RangedWeapon_DamageMultiplier>1.4</RangedWeapon_DamageMultiplier>
		</statBases>
		<weaponTags Inherit="False">
			<li>KotORRanged_strong</li>
			<li>MNC_commando</li>
			<li>SaV_elite</li>
			<li>SaV_bountyhunter_mid</li>
		</weaponTags>
		<tradeTags Inherit="False">
			<li>guy762TT_KotORRanged</li>
			<li>guy762TT_MNCWeapons</li>
		</tradeTags>
		<verbs>
			<li>
				<verbClass>Verb_Shoot</verbClass>
				<hasStandardCommand>true</hasStandardCommand>
				<defaultProjectile>KotORBlasterBolt_default</defaultProjectile>
				<warmupTime>1.75</warmupTime>
				<range>28</range>
				<ticksBetweenBurstShots>20</ticksBetweenBurstShots>
				<burstShotCount>3</burstShotCount>
				<soundCast>kotorsound_rifle</soundCast>
				<soundCastTail>GunTail_Medium</soundCastTail>
				<muzzleFlashScale>9</muzzleFlashScale>
			</li>
		</verbs>
		<tools>
			<li>
				<label>stock</label>
				<capacities>
					<li>Blunt</li>
				</capacities>
				<power>14</power>
				<cooldownTime>2</cooldownTime>
			</li>
			<li>
				<label>barrel</label>
				<capacities>
					<li>Blunt</li>
					<li>Poke</li>
				</capacities>
				<power>9</power>
				<cooldownTime>2</cooldownTime>
			</li>
		</tools>
		<comps>
			<li Class="ModularWeapons.CompProperties_ModularParts">
				<compClass>ModularWeapons.CompModularParts</compClass>
				<bundlePackageId>guy762.KotORWeaponsArmor</bundlePackageId>
				<partKinds>
					<li>guy762_slot_power</li>
					<li>guy762_slot_chamber</li>
					<li>guy762_slot_trigger</li>
				</partKinds>
			</li>
		</comps>
	</ThingDef>

	
	<!--damage tier +3-->
	
	
	<ThingDef ParentName="KotORRangedModdable_TwoHand">
		<defName>guy762_brifle_arkanian</defName>
		<label>Arkanian Blaster Rifle</label>
		<description>The Arkanian Blaster Rifle's ancient design is still quite powerful by modern standards. However, they cannot be outfitted with modern firing chambers and power cells, limiting them to scopes for upgrade options.</description>
		<techLevel>Spacer</techLevel>
		<thingClass>ThingWithComps</thingClass>
		<graphicData>
			<texPath>kotorrifle_arkanian</texPath>
			<graphicClass>ModularWeapons.Graphic_Modular</graphicClass>
		</graphicData>
		<soundInteract>kotorsound_select_brifle</soundInteract>
		<statBases>
			<MarketValue>1595</MarketValue>
			<Mass>6.5</Mass>
			<AccuracyTouch>0.55</AccuracyTouch>
			<AccuracyShort>0.75</AccuracyShort>
			<AccuracyMedium>0.90</AccuracyMedium>
			<AccuracyLong>0.80</AccuracyLong>
			<RangedWeapon_Cooldown>1.5</RangedWeapon_Cooldown>
			<RangedWeapon_DamageMultiplier>1.5</RangedWeapon_DamageMultiplier>
		</statBases>
		<weaponTags>
			<li>KotORRanged_strong</li>
			<li>HC_elite</li>
			<li>SaV_commando</li>
			<li>SaV_bountyhunter_mid</li>
			<li>SaV_trando_merc</li>
			<li>PM_veteran</li>
		</weaponTags>
		<tradeTags Inherit="False">
			<li>guy762TT_KotORRanged</li>
			<li>guy762TT_KotORAntique</li>
		</tradeTags>
		<verbs>
			<li>
				<verbClass>Verb_Shoot</verbClass>
				<hasStandardCommand>true</hasStandardCommand>
				<defaultProjectile>KotORBlasterBolt_default</defaultProjectile>
				<warmupTime>1.75</warmupTime>
				<range>28</range>
				<ticksBetweenBurstShots>20</ticksBetweenBurstShots>
				<burstShotCount>3</burstShotCount>
				<soundCast>kotorsound_rifle</soundCast>
				<soundCastTail>GunTail_Medium</soundCastTail>
				<muzzleFlashScale>9</muzzleFlashScale>
			</li>
		</verbs>
		<tools>
			<li>
				<label>stock</label>
				<capacities>
					<li>Blunt</li>
				</capacities>
				<power>14</power>
				<cooldownTime>2</cooldownTime>
			</li>
			<li>
				<label>barrel</label>
				<capacities>
					<li>Blunt</li>
					<li>Poke</li>
				</capacities>
				<power>9</power>
				<cooldownTime>2</cooldownTime>
			</li>
		</tools>
		<comps>
			<li Class="ModularWeapons.CompProperties_ModularParts">
				<compClass>ModularWeapons.CompModularParts</compClass>
				<bundlePackageId>guy762.KotORWeaponsArmor</bundlePackageId>
				<partKinds>
					<li>guy762_slot_scope</li>
				</partKinds>
			</li>
		</comps>
	</ThingDef>
	
	
	<!--damage tier +4-->
	
	
	<ThingDef ParentName="KotORRangedWeapon_TwoHand">
		<defName>guy762_brifle_plasma</defName>
		<label>Plasma Projector</label>
		<description>This massive weapon fires a bolt of plasma energy at its target. Difficult to wield except by highly trained marksmen, the plasma projector is also unsuitable for further upgrades.</description>
		<techLevel>Spacer</techLevel>
		<graphicData>
			<texPath>kotorrifle_plasma</texPath>
			<graphicClass>Graphic_Single</graphicClass>
			<drawSize>1.1</drawSize>
		</graphicData>
		<soundInteract>kotorsound_select_brifle</soundInteract>
		<statBases>
			<MarketValue>8075</MarketValue>
			<Mass>12.0</Mass>
			<AccuracyTouch>0.45</AccuracyTouch>
			<AccuracyShort>0.65</AccuracyShort>
			<AccuracyMedium>0.80</AccuracyMedium>
			<AccuracyLong>0.70</AccuracyLong>
			<RangedWeapon_Cooldown>1.5</RangedWeapon_Cooldown>
			<RangedWeapon_DamageMultiplier>1.6</RangedWeapon_DamageMultiplier>
		</statBases>
		<weaponTags Inherit="False">
			<li>KotORRanged_strong</li>
			<li>SaV_heavy</li>
		</weaponTags>
		<tradeTags Inherit="False">
			<li>guy762TT_KotORRanged</li>
		</tradeTags>
		<verbs>
			<li>
				<verbClass>Verb_Shoot</verbClass>
				<hasStandardCommand>true</hasStandardCommand>
				<defaultProjectile>KotORBlasterBolt_plasma</defaultProjectile>
				<warmupTime>1.75</warmupTime>
				<range>28</range>
				<ticksBetweenBurstShots>20</ticksBetweenBurstShots>
				<burstShotCount>3</burstShotCount>
				<soundCast>kotorsound_heavy2</soundCast>
				<soundCastTail>GunTail_Medium</soundCastTail>
				<muzzleFlashScale>9</muzzleFlashScale>
			</li>
		</verbs>
		<tools>
			<li>
				<label>stock</label>
				<capacities>
					<li>Blunt</li>
				</capacities>
				<power>14</power>
				<cooldownTime>2</cooldownTime>
			</li>
			<li>
				<label>barrel</label>
				<capacities>
					<li>Blunt</li>
					<li>Poke</li>
				</capacities>
				<power>9</power>
				<cooldownTime>2</cooldownTime>
			</li>
		</tools>
		<thingSetMakerTags>
		  <li>RewardStandardHighFreq</li>
		</thingSetMakerTags>
	</ThingDef>
	
		
	<ThingDef ParentName="KotORRangedModdable_TwoHand">
		<defName>guy762_brifle_zersium</defName>
		<label>Zersium Rifle</label>
		<description>This rifle is made in part of Zersium, a rare mineral that aids in energy dissipation. This characteristic allows the rifle to utilize more powerful energy bursts without risking the safety of its wielder.</description>
		<techLevel>Spacer</techLevel>
		<thingClass>ThingWithComps</thingClass>
		<graphicData>
			<texPath>kotorrifle_zersium</texPath>
			<graphicClass>ModularWeapons.Graphic_Modular</graphicClass>
		</graphicData>
		<soundInteract>kotorsound_select_brifle</soundInteract>
		<statBases>
			<MarketValue>30000</MarketValue>
			<Mass>6.5</Mass>
			<AccuracyTouch>0.55</AccuracyTouch>
			<AccuracyShort>0.75</AccuracyShort>
			<AccuracyMedium>0.90</AccuracyMedium>
			<AccuracyLong>0.80</AccuracyLong>
			<RangedWeapon_Cooldown>1.5</RangedWeapon_Cooldown>
			<RangedWeapon_DamageMultiplier>1.6</RangedWeapon_DamageMultiplier>
		</statBases>
		<weaponTags Inherit="False">
			<li>KotORRanged_rare</li>
			<li>OR_commando</li>
			<li>SaV_elite</li>
			<li>SaV_bountyhunter_star</li>
			<li>SaV_trando_veteran</li>
			<li>SaV_gangboss</li>
		</weaponTags>
		<tradeTags Inherit="False">
			<li>guy762TT_KotORElite</li>
			<li>guy762TT_KotORLegendary</li>
		</tradeTags>
		<verbs>
			<li>
				<verbClass>Verb_Shoot</verbClass>
				<hasStandardCommand>true</hasStandardCommand>
				<defaultProjectile>KotORBlasterBolt_default</defaultProjectile>
				<warmupTime>1.75</warmupTime>
				<range>28</range>
				<ticksBetweenBurstShots>20</ticksBetweenBurstShots>
				<burstShotCount>3</burstShotCount>
				<soundCast>kotorsound_rifle</soundCast>
				<soundCastTail>GunTail_Medium</soundCastTail>
				<muzzleFlashScale>9</muzzleFlashScale>
			</li>
		</verbs>
		<tools>
			<li>
				<label>stock</label>
				<capacities>
					<li>Blunt</li>
				</capacities>
				<power>14</power>
				<cooldownTime>2</cooldownTime>
			</li>
			<li>
				<label>barrel</label>
				<capacities>
					<li>Blunt</li>
					<li>Poke</li>
				</capacities>
				<power>9</power>
				<cooldownTime>2</cooldownTime>
			</li>
		</tools>
		<comps>
			<li Class="ModularWeapons.CompProperties_ModularParts">
				<compClass>ModularWeapons.CompModularParts</compClass>
				<bundlePackageId>guy762.KotORWeaponsArmor</bundlePackageId>
				<partKinds>
					<li>guy762_slot_scope</li>
					<li>guy762_slot_power</li>
					<li>guy762_slot_chamber</li>
					<li>guy762_slot_beam</li>
				</partKinds>
			</li>
			<li Class="CompProperties_Art">
				<nameMaker>NamerArtWeaponMelee</nameMaker>
				<descriptionMaker>ArtDescription_WeaponMelee</descriptionMaker>
			</li>
		</comps>
		<thingSetMakerTags>
		  <li>RewardStandardLowFreq</li>
		</thingSetMakerTags>
	</ThingDef>
	
	
	<!--damage tier +5-->
	
	
	<ThingDef ParentName="KotORRangedModdable_TwoHand">
		<defName>guy762_brifle_zabrak</defName>
		<label>Zabrak Battle Cannon</label>
		<description>These weapons are almost beginning to cross the line to light artillery. Armor is generally ineffective against such a weapon, unless it is of the highest quality.</description>
		<techLevel>Spacer</techLevel>
		<thingClass>ThingWithComps</thingClass>
		<graphicData>
			<texPath>kotorrifle_zabrak</texPath>
			<graphicClass>ModularWeapons.Graphic_Modular</graphicClass>
		</graphicData>
		<soundInteract>kotorsound_select_brifle</soundInteract>
		<statBases>
			<MarketValue>40000</MarketValue>
			<Mass>6.5</Mass>
			<AccuracyTouch>0.65</AccuracyTouch>
			<AccuracyShort>0.85</AccuracyShort>
			<AccuracyMedium>1</AccuracyMedium>
			<AccuracyLong>0.95</AccuracyLong>
			<RangedWeapon_Cooldown>2</RangedWeapon_Cooldown>
			<RangedWeapon_DamageMultiplier>1.7</RangedWeapon_DamageMultiplier>
		</statBases>
		<weaponTags Inherit="False">
			<li>KotORRanged_rare</li>
			<li>SaV_zabrakheavy</li>
			<li>MNC_champion</li>
			<li>SaV_bountyhunter_star</li>
		</weaponTags>
		<tradeTags Inherit="False">
			<li>guy762TT_KotORElite</li>
			<li>guy762TT_KotORLegendary</li>
		</tradeTags>
		<verbs>
			<li>
				<verbClass>Verb_Shoot</verbClass>
				<hasStandardCommand>true</hasStandardCommand>
				<defaultProjectile>KotORBlasterBolt_default</defaultProjectile>
				<warmupTime>1.75</warmupTime>
				<range>28</range>
				<ticksBetweenBurstShots>20</ticksBetweenBurstShots>
				<burstShotCount>3</burstShotCount>
				<soundCast>kotorsound_rifle</soundCast>
				<soundCastTail>GunTail_Medium</soundCastTail>
				<muzzleFlashScale>9</muzzleFlashScale>
			</li>
		</verbs>
		<tools>
			<li>
				<label>stock</label>
				<capacities>
					<li>Blunt</li>
				</capacities>
				<power>14</power>
				<cooldownTime>2</cooldownTime>
			</li>
			<li>
				<label>barrel</label>
				<capacities>
					<li>Blunt</li>
					<li>Poke</li>
				</capacities>
				<power>9</power>
				<cooldownTime>2</cooldownTime>
			</li>
		</tools>
		<comps>
			<li Class="ModularWeapons.CompProperties_ModularParts">
				<compClass>ModularWeapons.CompModularParts</compClass>
				<bundlePackageId>guy762.KotORWeaponsArmor</bundlePackageId>
				<partKinds>
					<li>guy762_slot_power</li>
					<li>guy762_slot_chamber</li>
				</partKinds>
			</li>
		</comps>
		<thingSetMakerTags>
		  <li>RewardStandardLowFreq</li>
		</thingSetMakerTags>
	</ThingDef>
	
	
	<!--legendaries-->
	
	
	<ThingDef ParentName="KotORRangedModdable_TwoHand">
		<defName>guy762_brifle_rohlan</defName>
		<label>Mandalorian Veteran's Rifle</label>
		<description>While few would call the Mandalorians of today's age subtle, those veteran crusaders who survived the Exar Kun war have learned to appreciate the tempered approach. This finely crafted modification of the standard Mandalorian rifle pattern wears these lessons well, and is by all metrics a weapon to be feared.</description>
		<techLevel>Spacer</techLevel>
		<thingClass>ThingWithComps</thingClass>
		<graphicData>
			<texPath>kotorrifle_rohlan</texPath>
			<graphicClass>ModularWeapons.Graphic_Modular</graphicClass>
		</graphicData>
		<equippedAngleOffset>45</equippedAngleOffset>
		<soundInteract>kotorsound_select_brifle</soundInteract>
		<statBases>
			<MarketValue>29950</MarketValue>
			<Mass>6.5</Mass>
			<AccuracyTouch>0.60</AccuracyTouch>
			<AccuracyShort>0.80</AccuracyShort>
			<AccuracyMedium>0.95</AccuracyMedium>
			<AccuracyLong>0.85</AccuracyLong>
			<RangedWeapon_Cooldown>1.5</RangedWeapon_Cooldown>
			<RangedWeapon_DamageMultiplier>1.4</RangedWeapon_DamageMultiplier>
		</statBases>
		<weaponTags Inherit="False">
			<li>MNC_champion</li>
		</weaponTags>
		<tradeTags Inherit="False">
			<li>guy762TT_KotORElite</li>
			<li>guy762TT_KotORLegendary</li>
		</tradeTags>
		<verbs>
			<li>
				<verbClass>Verb_Shoot</verbClass>
				<hasStandardCommand>true</hasStandardCommand>
				<defaultProjectile>KotORStunBolt_default</defaultProjectile>
				<warmupTime>1.75</warmupTime>
				<range>28</range>
				<ticksBetweenBurstShots>20</ticksBetweenBurstShots>
				<burstShotCount>3</burstShotCount>
				<soundCast>kotorsound_rifle</soundCast>
				<soundCastTail>GunTail_Medium</soundCastTail>
				<muzzleFlashScale>9</muzzleFlashScale>
			</li>
			<li>
				<label>master sniper shot</label>
				<commandIcon>UI/Master_Sniper_Shot</commandIcon>
				<verbClass>Verb_Shoot</verbClass>
				<hasStandardCommand>true</hasStandardCommand>
				<defaultProjectile>KotORStunBolt_sniper</defaultProjectile>
				<warmupTime>3.35</warmupTime>
				<range>48</range>
				<accuracyMedium>1.00</accuracyMedium>
				<accuracyLong>1.00</accuracyLong>
				<ticksBetweenBurstShots>20</ticksBetweenBurstShots>
				<burstShotCount>1</burstShotCount>
				<soundCast>kotorsound_sniper2</soundCast>
				<soundCastTail>GunTail_Medium</soundCastTail>
				<muzzleFlashScale>9</muzzleFlashScale>
				<ai_IsWeapon>true</ai_IsWeapon>
				<bodypartTagTarget>ConsciousnessSource</bodypartTagTarget>
			</li>
		</verbs>
		<tools>
			<li>
				<label>stock</label>
				<capacities>
					<li>Blunt</li>
				</capacities>
				<power>14</power>
				<cooldownTime>2</cooldownTime>
			</li>
			<li>
				<label>barrel</label>
				<capacities>
					<li>Blunt</li>
					<li>Poke</li>
				</capacities>
				<power>9</power>
				<cooldownTime>2</cooldownTime>
			</li>
		</tools>
		<comps>
			<li Class="ModularWeapons.CompProperties_ModularParts">
				<compClass>ModularWeapons.CompModularParts</compClass>
				<bundlePackageId>guy762.KotORWeaponsArmor</bundlePackageId>
				<partKinds>
					<li>guy762_slot_scope</li>
					<li>guy762_slot_power_stun</li>
					<li>guy762_slot_chamber</li>
				</partKinds>
			</li>
		</comps>
	</ThingDef>
	
	
	
	<ThingDef ParentName="KotORRangedModdable_TwoHand">
		<defName>guy762_brifle_jurgan</defName>
		<label>Jurgan Kalta's Assault Rifle</label>
		<description>Jurgan Kalta wanteed to make a big noise in the galaxy. If it was the screams of his enemies, all the better. This weapon was his favorite because it shared his adaptability.</description>
		<techLevel>Spacer</techLevel>
		<thingClass>ThingWithComps</thingClass>
		<graphicData>
			<texPath>kotorrifle_kalta</texPath>
			<graphicClass>ModularWeapons.Graphic_Modular</graphicClass>
		</graphicData>
		<soundInteract>kotorsound_select_brifle</soundInteract>
		<statBases>
			<MarketValue>80000</MarketValue>
			<Mass>6.5</Mass>
			<AccuracyTouch>0.65</AccuracyTouch>
			<AccuracyShort>0.85</AccuracyShort>
			<AccuracyMedium>1</AccuracyMedium>
			<AccuracyLong>0.95</AccuracyLong>
			<RangedWeapon_Cooldown>1.5</RangedWeapon_Cooldown>
			<RangedWeapon_DamageMultiplier>1.2</RangedWeapon_DamageMultiplier>
		</statBases>
		<weaponTags Inherit="False">
			<li>KotORRanged_legendary</li>
			<li>SaV_zabrakcaptain</li>
		</weaponTags>
		<tradeTags Inherit="False">
			<li>guy762TT_KotORLegendary</li>
		</tradeTags>
		<relicChance>3</relicChance>
		<verbs>
			<li>
				<verbClass>Verb_Shoot</verbClass>
				<hasStandardCommand>true</hasStandardCommand>
				<defaultProjectile>KotORBlasterBolt_default</defaultProjectile>
				<warmupTime>1.75</warmupTime>
				<range>28</range>
				<ticksBetweenBurstShots>20</ticksBetweenBurstShots>
				<burstShotCount>3</burstShotCount>
				<soundCast>kotorsound_rifle</soundCast>
				<soundCastTail>GunTail_Medium</soundCastTail>
				<muzzleFlashScale>9</muzzleFlashScale>
			</li>
		</verbs>
		<tools>
			<li>
				<label>stock</label>
				<capacities>
					<li>Blunt</li>
				</capacities>
				<power>14</power>
				<cooldownTime>2</cooldownTime>
			</li>
			<li>
				<label>barrel</label>
				<capacities>
					<li>Blunt</li>
					<li>Poke</li>
				</capacities>
				<power>9</power>
				<cooldownTime>2</cooldownTime>
			</li>
		</tools>
		<comps>
			<li Class="ModularWeapons.CompProperties_ModularParts">
				<compClass>ModularWeapons.CompModularParts</compClass>
				<bundlePackageId>guy762.KotORWeaponsArmor</bundlePackageId>
				<partKinds>
					<li>guy762_slot_scope</li>
					<li>guy762_slot_power</li>
					<li>guy762_slot_chamber</li>
					<li>guy762_slot_trigger</li>
					<li>guy762_slot_beam</li>
				</partKinds>
			</li>
		</comps>
	</ThingDef>
	
	

</Defs>