<?xml version="1.0" encoding="utf-8" ?>
<Defs>

	<ThingDef ParentName="KotORRangedMakeable_TwoHand">
		<defName>guy762_sonrifle</defName>
		<label>sonic rifle</label>
		<description>More powerful than the pistol, the sonic rifle fires a blast of sound that causes a great deal of sensory overload in addition to damage, disorienting the victim.</description>
		<techLevel>Spacer</techLevel>
		<graphicData>
			<texPath>kotorsonrifle</texPath>
			<graphicClass>Graphic_Single</graphicClass>
		</graphicData>
		<equippedAngleOffset>35</equippedAngleOffset>
		<soundInteract>kotorsound_select_carbine</soundInteract>
		<statBases>
			<MarketValue>400</MarketValue>
			<WorkToMake>32000</WorkToMake>
			<Mass>4</Mass>
			<AccuracyTouch>0.45</AccuracyTouch>
			<AccuracyShort>0.65</AccuracyShort>
			<AccuracyMedium>0.80</AccuracyMedium>
			<AccuracyLong>0.70</AccuracyLong>
			<RangedWeapon_Cooldown>1.5</RangedWeapon_Cooldown>
			<RangedWeapon_DamageMultiplier>1.2</RangedWeapon_DamageMultiplier>
		</statBases>
		<recipeMaker>
			<researchPrerequisite>guy762_ResearchKotOR_sonic</researchPrerequisite>
			<skillRequirements>
				<Crafting>5</Crafting>
			</skillRequirements>
		</recipeMaker>
		<costList>
			<Plasteel>25</Plasteel>
			<Steel>20</Steel>
			<ComponentSpacer>4</ComponentSpacer>
		</costList>
		<weaponTags>
			<li>SpacerGun</li>
			<li>KotORRanged_sonic</li>
			<li>KotORRanged_weak</li>
			<li>SaV_sapper</li>
		</weaponTags>
		<tradeTags Inherit="False">
			<li>guy762TT_KotORGeneric_adv</li>
			<li>guy762TT_KotORRanged</li>
		</tradeTags>
		<verbs>
			<li>
				<verbClass>Verb_Shoot</verbClass>
				<hasStandardCommand>true</hasStandardCommand>
				<defaultProjectile>KotORSonicWave_default</defaultProjectile>
				<warmupTime>2</warmupTime>
				<range>28</range>
				<ticksBetweenBurstShots>24</ticksBetweenBurstShots>
				<burstShotCount>3</burstShotCount>
				<soundCast>kotorsound_bowcaster1</soundCast>
				<soundCastTail>GunTail_Medium</soundCastTail>
				<muzzleFlashScale>9</muzzleFlashScale>
				<ai_IsBuildingDestroyer>true</ai_IsBuildingDestroyer>
			</li>
		</verbs>
		<tools>
			<li>
				<label>stock</label>
				<capacities>
					<li>Blunt</li>
				</capacities>
				<power>12</power>
				<cooldownTime>2</cooldownTime>
			</li>
			<li>
				<label>barrel</label>
				<capacities>
					<li>Blunt</li>
					<li>Poke</li>
				</capacities>
				<power>9</power>
				<cooldownTime>2</cooldownTime>
			</li>
		</tools>
		<thingSetMakerTags>
		  <li>RewardStandardLowFreq</li>
		  <li>RewardStandardQualitySuper</li>
		</thingSetMakerTags>
	</ThingDef>
	
	<ThingDef ParentName="KotORRangedMakeable_TwoHand">
		<defName>guy762_sonrifle_carbine</defName>
		<label>sonic carbine</label>
		<description>More powerful than the pistol, the sonic carbine fires a blast of sound that causes a great deal of sensory overload in addition to damage, disorienting the victim.</description>
		<techLevel>Spacer</techLevel>
		<graphicData>
			<texPath>kotorsoncarbine</texPath>
			<graphicClass>Graphic_Single</graphicClass>
		</graphicData>
		<equippedAngleOffset>35</equippedAngleOffset>
		<soundInteract>kotorsound_select_carbine</soundInteract>
		<statBases>
			<MarketValue>295</MarketValue>
			<WorkToMake>23500</WorkToMake>
			<Mass>3</Mass>
			<AccuracyTouch>0.55</AccuracyTouch>
			<AccuracyShort>0.65</AccuracyShort>
			<AccuracyMedium>0.55</AccuracyMedium>
			<AccuracyLong>0.45</AccuracyLong>
			<RangedWeapon_Cooldown>1.5</RangedWeapon_Cooldown>
			<RangedWeapon_DamageMultiplier>1.1</RangedWeapon_DamageMultiplier>
		</statBases>
		<recipeMaker>
			<researchPrerequisite>guy762_ResearchKotOR_sonic</researchPrerequisite>
			<skillRequirements>
				<Crafting>5</Crafting>
			</skillRequirements>
		</recipeMaker>
		<costList>
			<Plasteel>20</Plasteel>
			<Steel>15</Steel>
			<ComponentSpacer>4</ComponentSpacer>
		</costList>
		<weaponTags>
			<li>SpacerGun</li>
			<li>KotORRanged_sonic</li>
			<li>KotORRanged_weak</li>
			<li>SaV_sapper</li>
			<li>SaV_trando_slaver</li>
			<li>SaV_trando_merc</li>
			<li>SaV_trando_grunt</li>
			<li>SE_operative</li>
		</weaponTags>
		<tradeTags Inherit="False">
			<li>guy762TT_KotORGeneric_adv</li>
			<li>guy762TT_KotORRanged</li>
		</tradeTags>
		<verbs>
			<li>
				<verbClass>Verb_Shoot</verbClass>
				<hasStandardCommand>true</hasStandardCommand>
				<defaultProjectile>KotORSonicWave_default</defaultProjectile>
				<warmupTime>1.25</warmupTime>
				<range>25</range>
				<ticksBetweenBurstShots>20</ticksBetweenBurstShots>
				<burstShotCount>3</burstShotCount>
				<soundCast>kotorsound_bowcaster1</soundCast>
				<soundCastTail>GunTail_Medium</soundCastTail>
				<muzzleFlashScale>9</muzzleFlashScale>
				<ai_IsBuildingDestroyer>true</ai_IsBuildingDestroyer>
			</li>
		</verbs>
		<tools>
			<li>
				<label>stock</label>
				<capacities>
					<li>Blunt</li>
				</capacities>
				<power>5</power>
				<cooldownTime>2</cooldownTime>
			</li>
			<li>
				<label>barrel</label>
				<capacities>
					<li>Blunt</li>
					<li>Poke</li>
				</capacities>
				<power>9</power>
				<cooldownTime>2</cooldownTime>
			</li>
		</tools>
		<thingSetMakerTags>
		  <li>RewardStandardLowFreq</li>
		  <li>RewardStandardQualitySuper</li>
		</thingSetMakerTags>
	</ThingDef>
	
	
	<!--damage tier +0-->
	
	
	<ThingDef ParentName="KotORRangedModdable_TwoHand">
		<defName>guy762_sonrifle_argazdan</defName>
		<label>Argazdan Riot Buster</label>
		<description>During the Argazdan's subjugation of the Lorrdians, non-lethal technology was a profitable commodity. The Argazdan Riot Buster knocks its target to the ground and stuns them.</description>
		<techLevel>Spacer</techLevel>
		<graphicData>
			<texPath>kotorsonrifle_argazdan</texPath>
			<graphicClass>ModularWeapons.Graphic_Modular</graphicClass>
		</graphicData>
		<equippedAngleOffset>35</equippedAngleOffset>
		<soundInteract>kotorsound_select_carbine</soundInteract>
		<statBases>
			<MarketValue>2945</MarketValue>
			<Mass>4</Mass>
			<AccuracyTouch>0.45</AccuracyTouch>
			<AccuracyShort>0.65</AccuracyShort>
			<AccuracyMedium>0.80</AccuracyMedium>
			<AccuracyLong>0.70</AccuracyLong>
			<RangedWeapon_Cooldown>1.5</RangedWeapon_Cooldown>
			<RangedWeapon_DamageMultiplier>1.2</RangedWeapon_DamageMultiplier>
		</statBases>
		<weaponTags>
			<li>KotORRanged_sonic</li>
			<li>SaV_bountyhunter_hvy</li>
			<li>MNC_sapper</li>
		</weaponTags>
		<tradeTags Inherit="False">
			<li>guy762TT_KotORRanged</li>
		</tradeTags>
		<verbs>
			<li>
				<verbClass>Verb_Shoot</verbClass>
				<hasStandardCommand>true</hasStandardCommand>
				<defaultProjectile>KotORSonicWave_stun</defaultProjectile>
				<warmupTime>2</warmupTime>
				<range>28</range>
				<ticksBetweenBurstShots>24</ticksBetweenBurstShots>
				<burstShotCount>3</burstShotCount>
				<soundCast>kotorsound_bowcaster1</soundCast>
				<soundCastTail>GunTail_Medium</soundCastTail>
				<muzzleFlashScale>9</muzzleFlashScale>
				<ai_IsBuildingDestroyer>true</ai_IsBuildingDestroyer>
			</li>
		</verbs>
		<tools>
			<li>
				<label>stock</label>
				<capacities>
					<li>Blunt</li>
				</capacities>
				<power>12</power>
				<cooldownTime>2</cooldownTime>
			</li>
			<li>
				<label>barrel</label>
				<capacities>
					<li>Blunt</li>
					<li>Poke</li>
				</capacities>
				<power>9</power>
				<cooldownTime>2</cooldownTime>
			</li>
		</tools>
		<comps>
			<li Class="ModularWeapons.CompProperties_ModularParts">
				<compClass>ModularWeapons.CompModularParts</compClass>
				<bundlePackageId>guy762.KotORWeaponsArmor</bundlePackageId>
				<partKinds>
					<li>guy762_slot_scope</li>
				</partKinds>
			</li>
		</comps>
		<thingSetMakerTags>
		  <li>RewardStandardHighFreq</li>
		</thingSetMakerTags>
	</ThingDef>
	
	
	
	<!--damage tier +1-->
	
	
	<ThingDef ParentName="KotORRangedModdable_TwoHand">
		<defName>guy762_sonrifle_bothan</defName>
		<label>Bothan Discord Gun</label>
		<description>This was conceived as a "last resort" weapon should espionage fail and a quick retreat be called for. It is effective, but the Bothans would prefer that it not be needed.</description>
		<techLevel>Spacer</techLevel>
		<graphicData>
			<texPath>kotorsonrifle_bothan</texPath>
			<graphicClass>ModularWeapons.Graphic_Modular</graphicClass>
		</graphicData>
		<equippedAngleOffset>35</equippedAngleOffset>
		<soundInteract>kotorsound_select_carbine</soundInteract>
		<statBases>
			<MarketValue>1000</MarketValue>
			<Mass>4</Mass>
			<AccuracyTouch>0.50</AccuracyTouch>
			<AccuracyShort>0.70</AccuracyShort>
			<AccuracyMedium>0.85</AccuracyMedium>
			<AccuracyLong>0.75</AccuracyLong>
			<RangedWeapon_Cooldown>1.5</RangedWeapon_Cooldown>
			<RangedWeapon_DamageMultiplier>1.3</RangedWeapon_DamageMultiplier>
		</statBases>
		<weaponTags>
			<li>KotORRanged_sonic</li>
			<li>SaV_bountyhunter_mid</li>
			<li>MNC_sapper</li>
			<li>SaV_bothanspy</li>
			<li>OR_saboteur</li>
		</weaponTags>
		<tradeTags Inherit="False">
			<li>guy762TT_KotORRanged</li>
		</tradeTags>
		<verbs>
			<li>
				<verbClass>Verb_Shoot</verbClass>
				<hasStandardCommand>true</hasStandardCommand>
				<defaultProjectile>KotORSonicWave_default</defaultProjectile>
				<warmupTime>2</warmupTime>
				<range>28</range>
				<ticksBetweenBurstShots>24</ticksBetweenBurstShots>
				<burstShotCount>3</burstShotCount>
				<soundCast>kotorsound_bowcaster1</soundCast>
				<soundCastTail>GunTail_Medium</soundCastTail>
				<muzzleFlashScale>9</muzzleFlashScale>
				<ai_IsBuildingDestroyer>true</ai_IsBuildingDestroyer>
			</li>
		</verbs>
		<tools>
			<li>
				<label>stock</label>
				<capacities>
					<li>Blunt</li>
				</capacities>
				<power>12</power>
				<cooldownTime>2</cooldownTime>
			</li>
			<li>
				<label>barrel</label>
				<capacities>
					<li>Blunt</li>
					<li>Poke</li>
				</capacities>
				<power>9</power>
				<cooldownTime>2</cooldownTime>
			</li>
		</tools>
		<comps>
			<li Class="ModularWeapons.CompProperties_ModularParts">
				<compClass>ModularWeapons.CompModularParts</compClass>
				<bundlePackageId>guy762.KotORWeaponsArmor</bundlePackageId>
				<partKinds>
					<li>guy762_slot_scope</li>
				</partKinds>
			</li>
		</comps>
		<thingSetMakerTags>
		  <li>RewardStandardHighFreq</li>
		</thingSetMakerTags>
	</ThingDef>
	
	
	<!--damage tier +2-->
	
	
	<ThingDef ParentName="KotORRangedModdable_TwoHand">
		<defName>guy762_sonrifle_arkanian</defName>
		<label>Arkanian Sonic Rifle</label>
		<description>The Arkanians pioneered many non-lethal weapons that could disorient opponents, but most were retrofitted to be superior damage dealers as well because the initial demand for them was so low.</description>
		<techLevel>Spacer</techLevel>
		<graphicData>
			<texPath>kotorsonrifle_arkanian</texPath>
			<graphicClass>ModularWeapons.Graphic_Modular</graphicClass>
		</graphicData>
		<equippedAngleOffset>35</equippedAngleOffset>
		<soundInteract>kotorsound_select_carbine</soundInteract>
		<statBases>
			<MarketValue>3885</MarketValue>
			<Mass>4</Mass>
			<AccuracyTouch>0.55</AccuracyTouch>
			<AccuracyShort>0.75</AccuracyShort>
			<AccuracyMedium>0.90</AccuracyMedium>
			<AccuracyLong>0.80</AccuracyLong>
			<RangedWeapon_Cooldown>1.5</RangedWeapon_Cooldown>
			<RangedWeapon_DamageMultiplier>1.4</RangedWeapon_DamageMultiplier>
		</statBases>
		<weaponTags Inherit="False">
			<li>SaV_elite</li>
			<li>SaV_bountyhunter_mid</li>
		</weaponTags>
		<tradeTags Inherit="False">
			<li>guy762TT_KotORRanged</li>
			<li>guy762TT_KotORAntique</li>
		</tradeTags>
		<verbs>
			<li>
				<verbClass>Verb_Shoot</verbClass>
				<hasStandardCommand>true</hasStandardCommand>
				<defaultProjectile>KotORSonicWave_default</defaultProjectile>
				<warmupTime>2</warmupTime>
				<range>28</range>
				<ticksBetweenBurstShots>24</ticksBetweenBurstShots>
				<burstShotCount>3</burstShotCount>
				<soundCast>kotorsound_bowcaster1</soundCast>
				<soundCastTail>GunTail_Medium</soundCastTail>
				<muzzleFlashScale>9</muzzleFlashScale>
				<ai_IsBuildingDestroyer>true</ai_IsBuildingDestroyer>
			</li>
		</verbs>
		<tools>
			<li>
				<label>stock</label>
				<capacities>
					<li>Blunt</li>
				</capacities>
				<power>12</power>
				<cooldownTime>2</cooldownTime>
			</li>
			<li>
				<label>barrel</label>
				<capacities>
					<li>Blunt</li>
					<li>Poke</li>
				</capacities>
				<power>9</power>
				<cooldownTime>2</cooldownTime>
			</li>
		</tools>
		<comps>
			<li Class="ModularWeapons.CompProperties_ModularParts">
				<compClass>ModularWeapons.CompModularParts</compClass>
				<bundlePackageId>guy762.KotORWeaponsArmor</bundlePackageId>
				<partKinds>
					<li>guy762_slot_scope</li>
				</partKinds>
			</li>
		</comps>
		<thingSetMakerTags>
		  <li>RewardStandardLowFreq</li>
		</thingSetMakerTags>
	</ThingDef>
	
	
	<!--damage tier +5-->
	
	
	
	
	
	<!--special-->
	
	
	<ThingDef ParentName="KotORRangedModdable_TwoHand">
		<defName>guy762_sonrifle_nagai</defName>
		<label>Nagai Sonic Disruptor</label>
		<description>Combining both sonic and disruptor attacks, this carbine tears through enemy defenses.</description>
		<techLevel>Spacer</techLevel>
		<graphicData>
			<texPath>kotorsoncarbine_nagai</texPath>
			<graphicClass>ModularWeapons.Graphic_Modular</graphicClass>
		</graphicData>
		<equippedAngleOffset>35</equippedAngleOffset>
		<soundInteract>kotorsound_select_carbine</soundInteract>
		<statBases>
			<MarketValue>4750</MarketValue>
			<Mass>3</Mass>
			<AccuracyTouch>0.55</AccuracyTouch>
			<AccuracyShort>0.65</AccuracyShort>
			<AccuracyMedium>0.55</AccuracyMedium>
			<AccuracyLong>0.45</AccuracyLong>
			<RangedWeapon_Cooldown>1.5</RangedWeapon_Cooldown>
			<RangedWeapon_DamageMultiplier>1.1</RangedWeapon_DamageMultiplier>
		</statBases>
		<weaponTags Inherit="False">
			<li>SaV_nagaigun</li>
		</weaponTags>
		<tradeTags Inherit="False">
			<li>guy762TT_KotORElite</li>
		</tradeTags>
		<verbs>
			<li>
				<verbClass>Verb_Shoot</verbClass>
				<hasStandardCommand>true</hasStandardCommand>
				<defaultProjectile>KotORSonicWave_disruptor</defaultProjectile>
				<warmupTime>1.25</warmupTime>
				<range>25</range>
				<ticksBetweenBurstShots>20</ticksBetweenBurstShots>
				<burstShotCount>3</burstShotCount>
				<soundCast>kotorsound_bowcaster1</soundCast>
				<soundCastTail>GunTail_Medium</soundCastTail>
				<muzzleFlashScale>9</muzzleFlashScale>
				<ai_IsBuildingDestroyer>true</ai_IsBuildingDestroyer>
			</li>
		</verbs>
		<tools>
			<li>
				<label>stock</label>
				<capacities>
					<li>Blunt</li>
				</capacities>
				<power>5</power>
				<cooldownTime>2</cooldownTime>
			</li>
			<li>
				<label>barrel</label>
				<capacities>
					<li>Blunt</li>
					<li>Poke</li>
				</capacities>
				<power>9</power>
				<cooldownTime>2</cooldownTime>
			</li>
		</tools>
		<comps>
			<li Class="ModularWeapons.CompProperties_ModularParts">
				<compClass>ModularWeapons.CompModularParts</compClass>
				<bundlePackageId>guy762.KotORWeaponsArmor</bundlePackageId>
				<partKinds>
					<li>guy762_slot_scope</li>
				</partKinds>
			</li>
		</comps>
		<thingSetMakerTags>
		  <li>RewardStandardLowFreq</li>
		</thingSetMakerTags>
	</ThingDef>
	
	
	<!--legendaries-->
	
	

	
	
	

</Defs>