<?xml version="1.0" encoding="utf-8" ?>
<Defs>

	<ThingDef ParentName="KotORRangedMakeable_OffHand">
		<defName>guy762_hvypistol</defName>
		<label>heavy blaster</label>
		<description>These resemble regular blasters in the same way Quoorian marshsuckers resemble mosquitoes. Sure, they both do damage, but the former definitely has the edge in kill-potential.</description>
		<techLevel>Spacer</techLevel>
		<graphicData>
			<texPath>kotorhvypistol</texPath>
			<graphicClass>Graphic_Single</graphicClass>
			<drawSize>0.8</drawSize>
		</graphicData>
		<soundInteract>kotorsound_select_hvypistol</soundInteract>
		<statBases>
			<MarketValue>300</MarketValue>
			<WorkToMake>22500</WorkToMake>
			<Mass>4.0</Mass>
			<AccuracyTouch>0.80</AccuracyTouch>
			<AccuracyShort>0.75</AccuracyShort>
			<AccuracyMedium>0.55</AccuracyMedium>
			<AccuracyLong>0.45</AccuracyLong>
			<RangedWeapon_Cooldown>2</RangedWeapon_Cooldown>
			<RangedWeapon_DamageMultiplier>1.2</RangedWeapon_DamageMultiplier>
		</statBases>
		<recipeMaker>
			<researchPrerequisite>guy762_ResearchKotOR_hvyblasters</researchPrerequisite>
			<skillRequirements>
				<Crafting>6</Crafting>
			</skillRequirements>
		</recipeMaker>
		<costList>
			<Plasteel>15</Plasteel>
			<Steel>10</Steel>
			<Chemfuel>40</Chemfuel>
			<ComponentSpacer>2</ComponentSpacer>
		</costList>
		<weaponTags>
			<li>SpacerGun</li>
			<li>KotORRanged_mid</li>
			<li>OR_officer</li>
			<li>PM_spacer</li>
			<li>MNC_trooper</li>
			<li>SaV_soldier</li>
			<li>SaV_smuggler</li>
			<li>SaV_bountyhunter</li>
			<li>CZ_officer</li>
			<li>EXC_agent</li>
			<li>SaV_trando_grunt</li>
			<li>HC_soldier</li>
			<li>SE_raiderveteran</li>
		</weaponTags>
		<tradeTags Inherit="False">
			<li>guy762TT_KotORGeneric_adv</li>
			<li>guy762TT_KotORRanged</li>
		</tradeTags>
		<verbs>
			<li>
				<verbClass>Verb_Shoot</verbClass>
				<hasStandardCommand>true</hasStandardCommand>
				<defaultProjectile>KotORBlasterBolt_default</defaultProjectile>
				<warmupTime>1</warmupTime>
				<range>23</range>
				<ticksBetweenBurstShots>18</ticksBetweenBurstShots>
				<burstShotCount>3</burstShotCount>
				<soundCast>kotorsound_pistol</soundCast>
				<soundCastTail>GunTail_Medium</soundCastTail>
				<muzzleFlashScale>9</muzzleFlashScale>
			</li>
		</verbs>
		<tools>
			<li>
				<label>stock</label>
				<capacities>
					<li>Blunt</li>
				</capacities>
				<power>9</power>
				<cooldownTime>2</cooldownTime>
			</li>
			<li>
				<label>barrel</label>
				<capacities>
					<li>Blunt</li>
					<li>Poke</li>
				</capacities>
				<power>9</power>
				<cooldownTime>2</cooldownTime>
			</li>
		</tools>
		<thingSetMakerTags>
		  <li>RewardStandardLowFreq</li>
		  <li>RewardStandardQualitySuper</li>
		</thingSetMakerTags>
	</ThingDef>
	
	
	
	<!--damage tier +1-->
	
	
	<ThingDef ParentName="KotORRangedWeapon_OffHand">
		<defName>guy762_hvypistol_arkanian</defName>
		<label>Arkanian Heavy Pistol</label>
		<description>Arkanian designs of this kind predated mass acceptance of heavier pistols, but 2000 years later they are still superior performers. Unfortunately, their design is incompatible with modern upgrade technology.</description>
		<techLevel>Spacer</techLevel>
		<graphicData>
			<texPath>kotorhvypistol_arkanian</texPath>
			<graphicClass>Graphic_Single</graphicClass>
			<drawSize>0.8</drawSize>
		</graphicData>
		<soundInteract>kotorsound_select_hvypistol</soundInteract>
		<statBases>
			<MarketValue>1300</MarketValue>
			<Mass>4.0</Mass>
			<AccuracyTouch>0.85</AccuracyTouch>
			<AccuracyShort>0.80</AccuracyShort>
			<AccuracyMedium>0.60</AccuracyMedium>
			<AccuracyLong>0.50</AccuracyLong>
			<RangedWeapon_Cooldown>2</RangedWeapon_Cooldown>
			<RangedWeapon_DamageMultiplier>1.3</RangedWeapon_DamageMultiplier>
		</statBases>
		<weaponTags>
			<li>KotORRanged_mid</li>
			<li>OR_officer</li>
			<li>PM_veteran</li>
			<li>HC_elite</li>
			<li>SaV_smuggler</li>
			<li>SaV_roguetrader</li>
			<li>SaV_gangboss</li>
			<li>SaV_bountyhunter</li>
		</weaponTags>
		<tradeTags Inherit="False">
			<li>guy762TT_KotORRanged</li>
			<li>guy762TT_KotORAntique</li>
		</tradeTags>
		<verbs>
			<li>
				<verbClass>Verb_Shoot</verbClass>
				<hasStandardCommand>true</hasStandardCommand>
				<defaultProjectile>KotORBlasterBolt_default</defaultProjectile>
				<warmupTime>1</warmupTime>
				<range>23</range>
				<ticksBetweenBurstShots>18</ticksBetweenBurstShots>
				<burstShotCount>3</burstShotCount>
				<soundCast>kotorsound_pistol</soundCast>
				<soundCastTail>GunTail_Medium</soundCastTail>
				<muzzleFlashScale>9</muzzleFlashScale>
			</li>
		</verbs>
		<tools>
			<li>
				<label>stock</label>
				<capacities>
					<li>Blunt</li>
				</capacities>
				<power>9</power>
				<cooldownTime>2</cooldownTime>
			</li>
			<li>
				<label>barrel</label>
				<capacities>
					<li>Blunt</li>
					<li>Poke</li>
				</capacities>
				<power>9</power>
				<cooldownTime>2</cooldownTime>
			</li>
		</tools>
	</ThingDef>
	
	
	<ThingDef ParentName="KotORRangedModdable_OffHand">
		<defName>guy762_hvypistol_mandalorian</defName>
		<label>Mandalorian Heavy Blaster</label>
		<description>Mandalorians boast that a shot from one of these pistols can take a starship out of commission. It's an obvious exaggeration, but for safety's sake, most listeners just smile and nod.</description>
		<techLevel>Spacer</techLevel>
		<thingClass>ThingWithComps</thingClass>
		<graphicData>
			<texPath>kotorhvypistol_mando</texPath>
			<graphicClass>ModularWeapons.Graphic_Modular</graphicClass>
			<drawSize>0.8</drawSize>
		</graphicData>
		<soundInteract>kotorsound_select_hvypistol</soundInteract>
		<statBases>
			<MarketValue>5000</MarketValue>
			<Mass>4.0</Mass>
			<AccuracyTouch>0.85</AccuracyTouch>
			<AccuracyShort>0.80</AccuracyShort>
			<AccuracyMedium>0.60</AccuracyMedium>
			<AccuracyLong>0.50</AccuracyLong>
			<RangedWeapon_Cooldown>2</RangedWeapon_Cooldown>
			<RangedWeapon_DamageMultiplier>1.3</RangedWeapon_DamageMultiplier>
		</statBases>
		<weaponTags>
			<li>MNC_trooper</li>
			<li>SaV_elite</li>
			<li>SaV_gangboss</li>
			<li>SaV_roguetrader</li>
		</weaponTags>
		<tradeTags Inherit="False">
			<li>guy762TT_KotORRanged</li>
			<li>guy762TT_MNCWeapons</li>
		</tradeTags>
		<verbs>
			<li>
				<verbClass>Verb_Shoot</verbClass>
				<hasStandardCommand>true</hasStandardCommand>
				<defaultProjectile>KotORBlasterBolt_default</defaultProjectile>
				<warmupTime>1</warmupTime>
				<range>23</range>
				<ticksBetweenBurstShots>18</ticksBetweenBurstShots>
				<burstShotCount>3</burstShotCount>
				<soundCast>kotorsound_pistol</soundCast>
				<soundCastTail>GunTail_Medium</soundCastTail>
				<muzzleFlashScale>9</muzzleFlashScale>
			</li>
		</verbs>
		<tools>
			<li>
				<label>stock</label>
				<capacities>
					<li>Blunt</li>
				</capacities>
				<power>9</power>
				<cooldownTime>2</cooldownTime>
			</li>
			<li>
				<label>barrel</label>
				<capacities>
					<li>Blunt</li>
					<li>Poke</li>
				</capacities>
				<power>9</power>
				<cooldownTime>2</cooldownTime>
			</li>
		</tools>
		<comps>
			<li Class="ModularWeapons.CompProperties_ModularParts">
				<compClass>ModularWeapons.CompModularParts</compClass>
				<bundlePackageId>guy762.KotORWeaponsArmor</bundlePackageId>
				<partKinds>
					<li>guy762_slot_power</li>
					<li>guy762_slot_chamber</li>
				</partKinds>
			</li>
		</comps>
	</ThingDef>
	
	
	
	
	<!--damage tier +2-->
	
	
	
	<ThingDef ParentName="KotORRangedModdable_OffHand">
		<defName>guy762_hvypistol_zabrak</defName>
		<label>Zabrak Heavy Blaster</label>
		<description>A more cumbersome, but also more damaging, blaster of Zabrak design.</description>
		<techLevel>Spacer</techLevel>
		<thingClass>ThingWithComps</thingClass>
		<graphicData>
			<texPath>kotorhvypistol_zabrak</texPath>
			<graphicClass>ModularWeapons.Graphic_Modular</graphicClass>
			<drawSize>0.8</drawSize>
		</graphicData>
		<soundInteract>kotorsound_select_hvypistol</soundInteract>
		<statBases>
			<MarketValue>18200</MarketValue>
			<Mass>4.0</Mass>
			<AccuracyTouch>0.90</AccuracyTouch>
			<AccuracyShort>0.85</AccuracyShort>
			<AccuracyMedium>0.65</AccuracyMedium>
			<AccuracyLong>0.55</AccuracyLong>
			<RangedWeapon_Cooldown>2</RangedWeapon_Cooldown>
			<RangedWeapon_DamageMultiplier>1.4</RangedWeapon_DamageMultiplier>
		</statBases>
		<weaponTags>
			<li>KotORRanged_strong</li>
			<li>SaV_smuggler</li>
			<li>SaV_zabrak</li>
			<li>SaV_bountyhunter_mid</li>
			<li>SaV_gangboss</li>
			<li>SaV_roguetrader</li>
			<li>MNC_champion</li>
		</weaponTags>
		<tradeTags Inherit="False">
			<li>guy762TT_KotORRanged</li>
		</tradeTags>
		<verbs>
			<li>
				<verbClass>Verb_Shoot</verbClass>
				<hasStandardCommand>true</hasStandardCommand>
				<defaultProjectile>KotORBlasterBolt_default</defaultProjectile>
				<warmupTime>1</warmupTime>
				<range>23</range>
				<ticksBetweenBurstShots>18</ticksBetweenBurstShots>
				<burstShotCount>3</burstShotCount>
				<soundCast>kotorsound_pistol</soundCast>
				<soundCastTail>GunTail_Medium</soundCastTail>
				<muzzleFlashScale>9</muzzleFlashScale>
			</li>
		</verbs>
		<tools>
			<li>
				<label>stock</label>
				<capacities>
					<li>Blunt</li>
				</capacities>
				<power>9</power>
				<cooldownTime>2</cooldownTime>
			</li>
			<li>
				<label>barrel</label>
				<capacities>
					<li>Blunt</li>
					<li>Poke</li>
				</capacities>
				<power>9</power>
				<cooldownTime>2</cooldownTime>
			</li>
		</tools>
		<comps>
			<li Class="ModularWeapons.CompProperties_ModularParts">
				<compClass>ModularWeapons.CompModularParts</compClass>
				<bundlePackageId>guy762.KotORWeaponsArmor</bundlePackageId>
				<partKinds>
					<li>guy762_slot_power</li>
					<li>guy762_slot_chamber</li>
				</partKinds>
			</li>
		</comps>
		<thingSetMakerTags>
		  <li>RewardStandardHighFreq</li>
		</thingSetMakerTags>
	</ThingDef>
	
	
	
	<!--damage tier +3-->
	
	
	
	
	
	<!--damage tier +4-->
	
	
		
	<ThingDef ParentName="KotORRangedModdable_OffHand">
		<defName>guy762_hvypistol_zabraktystel</defName>
		<label>Zabrak Tystel Mark III</label>
		<description>The Zabrak killed many pirates who were attempting to seize shipments of these weapons and then sold them on the black market anyway. It's not a matter of where they end up, but of who gets paid.</description>
		<techLevel>Spacer</techLevel>
		<thingClass>ThingWithComps</thingClass>
		<graphicData>
			<texPath>kotorhvypistol_zabraktystel</texPath>
			<graphicClass>ModularWeapons.Graphic_Modular</graphicClass>
			<drawSize>0.8</drawSize>
		</graphicData>
		<soundInteract>kotorsound_select_hvypistol</soundInteract>
		<statBases>
			<MarketValue>21762</MarketValue>
			<Mass>4.0</Mass>
			<AccuracyTouch>0.90</AccuracyTouch>
			<AccuracyShort>0.85</AccuracyShort>
			<AccuracyMedium>0.65</AccuracyMedium>
			<AccuracyLong>0.55</AccuracyLong>
			<RangedWeapon_Cooldown>2</RangedWeapon_Cooldown>
			<RangedWeapon_DamageMultiplier>1.6</RangedWeapon_DamageMultiplier>
		</statBases>
		<weaponTags Inherit="False">
			<li>KotORRanged_rare</li>
			<li>SaV_zabrakheavy</li>
			<li>SaV_roguetrader</li>
			<li>SaV_crimelord</li>
			<li>SaV_bountyhunter_star</li>
		</weaponTags>
		<tradeTags Inherit="False">
			<li>guy762TT_KotORElite</li>
			<li>guy762TT_KotORLegendary</li>
		</tradeTags>
		<verbs>
			<li>
				<verbClass>Verb_Shoot</verbClass>
				<hasStandardCommand>true</hasStandardCommand>
				<defaultProjectile>KotORBlasterBolt_default</defaultProjectile>
				<warmupTime>1</warmupTime>
				<range>23</range>
				<ticksBetweenBurstShots>18</ticksBetweenBurstShots>
				<burstShotCount>3</burstShotCount>
				<soundCast>kotorsound_dl44han</soundCast>
				<soundCastTail>GunTail_Medium</soundCastTail>
				<muzzleFlashScale>9</muzzleFlashScale>
			</li>
		</verbs>
		<tools>
			<li>
				<label>stock</label>
				<capacities>
					<li>Blunt</li>
				</capacities>
				<power>9</power>
				<cooldownTime>2</cooldownTime>
			</li>
			<li>
				<label>barrel</label>
				<capacities>
					<li>Blunt</li>
					<li>Poke</li>
				</capacities>
				<power>9</power>
				<cooldownTime>2</cooldownTime>
			</li>
		</tools>
		<comps>
			<li Class="ModularWeapons.CompProperties_ModularParts">
				<compClass>ModularWeapons.CompModularParts</compClass>
				<bundlePackageId>guy762.KotORWeaponsArmor</bundlePackageId>
				<partKinds>
					<li>guy762_slot_power</li>
					<li>guy762_slot_chamber</li>
					<li>guy762_slot_beam</li>
				</partKinds>
			</li>
			<li Class="CompProperties_Art">
				<nameMaker>NamerArtWeaponMelee</nameMaker>
				<descriptionMaker>ArtDescription_WeaponMelee</descriptionMaker>
			</li>
		</comps>
		<thingSetMakerTags>
		  <li>RewardStandardLowFreq</li>
		</thingSetMakerTags>
	</ThingDef>	
	
	
	
	
	<!--legendaries-->
	
	
	<ThingDef ParentName="KotORRangedModdable_OffHand">
		<defName>guy762_hvypistol_cassus</defName>
		<label>Cassus Fett's Heavy Pistol</label>
		<description>Cassus Fett was rarely seen without this adaptable blaster. Famous for killing the captain of a flagship Republic frigate at the Battle of Jaga's Cluster, he is presumed dead.</description>
		<techLevel>Spacer</techLevel>
		<thingClass>ThingWithComps</thingClass>
		<graphicData>
			<texPath>kotorhvypistol_cassus</texPath>
			<graphicClass>ModularWeapons.Graphic_Modular</graphicClass>
			<drawSize>0.8</drawSize>
		</graphicData>
		<soundInteract>kotorsound_select_hvypistol</soundInteract>
		<statBases>
			<MarketValue>29000</MarketValue>
			<Mass>4.0</Mass>
			<AccuracyTouch>0.95</AccuracyTouch>
			<AccuracyShort>0.90</AccuracyShort>
			<AccuracyMedium>0.70</AccuracyMedium>
			<AccuracyLong>0.60</AccuracyLong>
			<RangedWeapon_Cooldown>2</RangedWeapon_Cooldown>
			<RangedWeapon_DamageMultiplier>1.5</RangedWeapon_DamageMultiplier>
		</statBases>
		<weaponTags Inherit="False">
			<li>KotORRanged_legendary</li>
			<li>MNC_supremecommander</li>
		</weaponTags>
		<tradeTags Inherit="False">
			<li>guy762TT_KotORLegendary</li>
		</tradeTags>
		<relicChance>3</relicChance>
		<verbs>
			<li>
				<verbClass>Verb_Shoot</verbClass>
				<hasStandardCommand>true</hasStandardCommand>
				<defaultProjectile>KotORBlasterBolt_default</defaultProjectile>
				<warmupTime>1</warmupTime>
				<range>23</range>
				<ticksBetweenBurstShots>18</ticksBetweenBurstShots>
				<burstShotCount>3</burstShotCount>
				<soundCast>kotorsound_pistol</soundCast>
				<soundCastTail>GunTail_Medium</soundCastTail>
				<muzzleFlashScale>9</muzzleFlashScale>
			</li>
		</verbs>
		<tools>
			<li>
				<label>stock</label>
				<capacities>
					<li>Blunt</li>
				</capacities>
				<power>9</power>
				<cooldownTime>2</cooldownTime>
			</li>
			<li>
				<label>barrel</label>
				<capacities>
					<li>Blunt</li>
					<li>Poke</li>
				</capacities>
				<power>9</power>
				<cooldownTime>2</cooldownTime>
			</li>
		</tools>
		<comps>
			<li Class="ModularWeapons.CompProperties_ModularParts">
				<compClass>ModularWeapons.CompModularParts</compClass>
				<bundlePackageId>guy762.KotORWeaponsArmor</bundlePackageId>
				<partKinds>
					<li>guy762_slot_power</li>
					<li>guy762_slot_chamber</li>
					<li>guy762_slot_trigger</li>
				</partKinds>
			</li>
		</comps>
	</ThingDef>
	
	<ThingDef ParentName="KotORRangedModdable_OffHand" MayRequire="smartkar.athenaframework">
		<defName>guy762_hvypistol_nadd</defName>
		<label>Freedon Nadd's Blaster</label>
		<description>A vile weapon that once belonged to Freedon Nadd, this blaster has killed more Jedi then any lightsaber.</description>
		<techLevel>Spacer</techLevel>
		<thingClass>ThingWithComps</thingClass>
		<graphicData>
			<texPath>kotorhvypistol_nadd</texPath>
			<graphicClass>ModularWeapons.Graphic_Modular</graphicClass>
			<drawSize>0.8</drawSize>
		</graphicData>
		<soundInteract>kotorsound_select_hvypistol</soundInteract>
		<statBases>
			<MarketValue>29000</MarketValue>
			<Mass>4.0</Mass>
			<AccuracyTouch>0.90</AccuracyTouch>
			<AccuracyShort>0.85</AccuracyShort>
			<AccuracyMedium>0.65</AccuracyMedium>
			<AccuracyLong>0.55</AccuracyLong>
			<RangedWeapon_Cooldown>2</RangedWeapon_Cooldown>
			<RangedWeapon_DamageMultiplier>1.4</RangedWeapon_DamageMultiplier>
		</statBases>
		<weaponTags Inherit="False">
			<li>SE_nihilite</li>
		</weaponTags>
		<tradeTags Inherit="False">
			<li>guy762TT_KotORLegendary</li>
		</tradeTags>
		<relicChance>3</relicChance>
		<verbs>
			<li>
				<verbClass>Verb_Shoot</verbClass>
				<hasStandardCommand>true</hasStandardCommand>
				<defaultProjectile>KotORBlasterBolt_nadd</defaultProjectile>
				<warmupTime>1</warmupTime>
				<range>23</range>
				<ticksBetweenBurstShots>18</ticksBetweenBurstShots>
				<burstShotCount>3</burstShotCount>
				<soundCast>kotorsound_pistol</soundCast>
				<soundCastTail>GunTail_Medium</soundCastTail>
				<muzzleFlashScale>9</muzzleFlashScale>
			</li>
			<li>
				<label>power blast</label>
				<commandIcon>UI/Power_Blast</commandIcon>
				<verbClass>Verb_Shoot</verbClass>
				<hasStandardCommand>true</hasStandardCommand>
				<defaultProjectile>KotORBlasterBolt_naddheavy</defaultProjectile>
				<warmupTime>4.5</warmupTime>
				<range>25</range>
				<ticksBetweenBurstShots>18</ticksBetweenBurstShots>
				<burstShotCount>1</burstShotCount>
				<soundCast>kotorsound_heavy2</soundCast>
				<soundCastTail>GunTail_Medium</soundCastTail>
				<muzzleFlashScale>9</muzzleFlashScale>
			</li>
		</verbs>
		<tools>
			<li>
				<label>stock</label>
				<capacities>
					<li>Blunt</li>
				</capacities>
				<power>9</power>
				<cooldownTime>2</cooldownTime>
			</li>
			<li>
				<label>barrel</label>
				<capacities>
					<li>Blunt</li>
					<li>Poke</li>
				</capacities>
				<power>9</power>
				<cooldownTime>2</cooldownTime>
			</li>
		</tools>
		<comps>
			<li Class="ModularWeapons.CompProperties_ModularParts">
				<compClass>ModularWeapons.CompModularParts</compClass>
				<bundlePackageId>guy762.KotORWeaponsArmor</bundlePackageId>
				<partKinds>
					<li>guy762_slot_scope</li>
				</partKinds>
			</li>
		</comps>
	</ThingDef>
	
	

</Defs>