<?xml version="1.0" encoding="utf-8" ?>
<Defs>

	<ThingDef ParentName="KotORRangedMakeable_TwoHand">
		<defName>guy762_bowcaster</defName>
		<label>Bowcaster</label>
		<description>The bowcaster is an invention of the Wookiees of Kashyyyk. Also called a laser crossbow, it actually uses a magnetic accelerator to hurl an explosive energy quarrel at its target.</description>
		<techLevel>Spacer</techLevel>
		<graphicData>
			<texPath>kotorbowcaster</texPath>
			<graphicClass>Graphic_Single</graphicClass>
			<drawSize>1.1</drawSize>
		</graphicData>
		<equippedAngleOffset>45</equippedAngleOffset>
		<soundInteract>kotorsound_select_bowcaster</soundInteract>
		<statBases>
			<MarketValue>1250</MarketValue>
			<WorkToMake>65750</WorkToMake>
			<Mass>8</Mass>
			<AccuracyTouch>0.65</AccuracyTouch>
			<AccuracyShort>0.85</AccuracyShort>
			<AccuracyMedium>0.85</AccuracyMedium>
			<AccuracyLong>0.70</AccuracyLong>
			<RangedWeapon_Cooldown>3.5</RangedWeapon_Cooldown>
			<RangedWeapon_DamageMultiplier>1.3</RangedWeapon_DamageMultiplier>
		</statBases>
		<recipeMaker>
			<researchPrerequisite>guy762_ResearchKotOR_bowcaster</researchPrerequisite>
			<skillRequirements>
				<Crafting>10</Crafting>
			</skillRequirements>
		</recipeMaker>
		<costList>
			<Plasteel>20</Plasteel>
			<Steel>40</Steel>
			<Chemfuel>60</Chemfuel>
			<ComponentSpacer>6</ComponentSpacer>
		</costList>
		<weaponTags Inherit="False">
			<li>KotORRanged_strong</li>
			<li>KotORBowcaster</li>
			<li>MNC_champion</li>
			<li>SaV_trando_veteran</li>
		</weaponTags>
		<tradeTags Inherit="False">
			<li>guy762TT_Wookiee</li>
		</tradeTags>
		<verbs>
			<li>
				<verbClass>Verb_Shoot</verbClass>
				<hasStandardCommand>true</hasStandardCommand>
				<defaultProjectile>KotORBowcasterBolt_default</defaultProjectile>
				<warmupTime>2.25</warmupTime>
				<range>32</range>
				<ticksBetweenBurstShots>20</ticksBetweenBurstShots>
				<burstShotCount>3</burstShotCount>
				<soundCast>kotorsound_bowcaster1</soundCast>
				<soundCastTail>GunTail_Medium</soundCastTail>
				<muzzleFlashScale>9</muzzleFlashScale>
			</li>
			<li>
				<label>Bowcaster charge shot</label>
				<!--description>Fire a single charged bolt.</description>
				<iconPath>UI/Bowcaster_Power_Blast</iconPath-->
				<commandIcon>UI/Bowcaster_Power_Blast</commandIcon>
				<verbClass>Verb_Shoot</verbClass>
				<hasStandardCommand>true</hasStandardCommand>
				<defaultProjectile>KotORBowcasterBolt_heavy</defaultProjectile>
				<warmupTime>5.5</warmupTime>
				<defaultCooldownTime>4</defaultCooldownTime>
				<range>36</range>
				<ticksBetweenBurstShots>20</ticksBetweenBurstShots>
				<burstShotCount>1</burstShotCount>
				<soundAiming>kotorsound_powercharge</soundAiming>
				<soundCast>kotorsound_bowcaster2</soundCast>
				<soundCastTail>GunTail_Medium</soundCastTail>
				<muzzleFlashScale>9</muzzleFlashScale>
				<forcedMissRadius>0.01</forcedMissRadius>
				<ai_IsWeapon>true</ai_IsWeapon>
			</li>
		</verbs>
		<tools>
			<li>
				<label>stock</label>
				<capacities>
					<li>Blunt</li>
				</capacities>
				<power>9</power>
				<cooldownTime>2</cooldownTime>
			</li>
			<li>
				<label>barrel</label>
				<capacities>
					<li>Blunt</li>
					<li>Poke</li>
				</capacities>
				<power>9</power>
				<cooldownTime>2</cooldownTime>
			</li>
		</tools>
		<thingSetMakerTags>
		  <li>RewardStandardLowFreq</li>
		  <li>RewardStandardQualitySuper</li>
		</thingSetMakerTags>
	</ThingDef>
	
	
	<!--damage tier +0-->
	
	
	<ThingDef ParentName="KotORRangedModdable_TwoHand">
		<defName>guy762_bowcaster_war</defName>
		<label>War Bowcaster</label>
		<description>The bowcaster is an invention of the Wookiees of Kashyyyk. Also called a laser crossbow, it actually uses a magnetic accelerator to hurl an explosive energy quarrel at its target. This more expensive war bowcaster is suitable for upgrading.</description>
		<techLevel>Spacer</techLevel>
		<thingClass>ThingWithComps</thingClass>
		<graphicData>
			<texPath>kotorbowcaster_war</texPath>
			<graphicClass>ModularWeapons.Graphic_Modular</graphicClass>
			<drawSize>1.1</drawSize>
		</graphicData>
		<equippedAngleOffset>45</equippedAngleOffset>
		<soundInteract>kotorsound_select_bowcaster</soundInteract>
		<statBases>
			<MarketValue>2000</MarketValue>
			<Mass>8</Mass>
			<AccuracyTouch>0.65</AccuracyTouch>
			<AccuracyShort>0.85</AccuracyShort>
			<AccuracyMedium>0.85</AccuracyMedium>
			<AccuracyLong>0.70</AccuracyLong>
			<RangedWeapon_Cooldown>3.5</RangedWeapon_Cooldown>
			<RangedWeapon_DamageMultiplier>1.3</RangedWeapon_DamageMultiplier>
		</statBases>
		<weaponTags Inherit="False">
			<li>KotORBowcaster</li>
			<li>MNC_champion</li>
			<li>SaV_bountyhunter_star</li>
			<li>SaV_trando_veteran</li>
		</weaponTags>
		<tradeTags Inherit="False">
			<li>guy762TT_Wookiee</li>
		</tradeTags>
		<verbs>
			<li>
				<verbClass>Verb_Shoot</verbClass>
				<hasStandardCommand>true</hasStandardCommand>
				<defaultProjectile>KotORBowcasterBolt_default</defaultProjectile>
				<warmupTime>2.25</warmupTime>
				<range>32</range>
				<ticksBetweenBurstShots>20</ticksBetweenBurstShots>
				<burstShotCount>3</burstShotCount>
				<soundCast>kotorsound_bowcaster1</soundCast>
				<soundCastTail>GunTail_Medium</soundCastTail>
				<muzzleFlashScale>9</muzzleFlashScale>
			</li>
		</verbs>
		<tools>
			<li>
				<label>stock</label>
				<capacities>
					<li>Blunt</li>
				</capacities>
				<power>9</power>
				<cooldownTime>2</cooldownTime>
			</li>
			<li>
				<label>barrel</label>
				<capacities>
					<li>Blunt</li>
					<li>Poke</li>
				</capacities>
				<power>9</power>
				<cooldownTime>2</cooldownTime>
			</li>
		</tools>
		<comps>
			<li Class="ModularWeapons.CompProperties_ModularParts">
				<compClass>ModularWeapons.CompModularParts</compClass>
				<bundlePackageId>guy762.KotORWeaponsArmor</bundlePackageId>
				<partKinds>
					<li>guy762_slot_scope</li>
					<li>guy762_slot_power_bow</li>
					<li>guy762_slot_chamber</li>
				</partKinds>
				<randomizeParts>false</randomizeParts>
				<defaultParts>
					<li>guy762_powermod_charge_bow</li>
				</defaultParts>
			</li>
		</comps>
	</ThingDef>
	
	
	<ThingDef ParentName="KotORRangedModdable_TwoHand">
		<defName>guy762_bowcaster_merc</defName>
		<label>Mercenary Bowcaster</label>
		<description>A derivative of traditional Wookiee Bowcaster designs manufactured and sold by Czerka Corporation for use by other humanoids. Most Wookiees would likely not appreciate such outside influence.</description>
		<techLevel>Spacer</techLevel>
		<thingClass>ThingWithComps</thingClass>
		<graphicData>
			<texPath>kotorbowcaster_chuundar</texPath>
			<graphicClass>ModularWeapons.Graphic_Modular</graphicClass>
			<drawSize>1.1</drawSize>
		</graphicData>
		<equippedAngleOffset>45</equippedAngleOffset>
		<soundInteract>kotorsound_select_bowcaster</soundInteract>
		<statBases>
			<MarketValue>3500</MarketValue>
			<Mass>8</Mass>
			<AccuracyTouch>0.65</AccuracyTouch>
			<AccuracyShort>0.85</AccuracyShort>
			<AccuracyMedium>0.85</AccuracyMedium>
			<AccuracyLong>0.70</AccuracyLong>
			<RangedWeapon_Cooldown>3.5</RangedWeapon_Cooldown>
			<RangedWeapon_DamageMultiplier>1.2</RangedWeapon_DamageMultiplier>
		</statBases>
		<weaponTags Inherit="False">
			<li>SaV_heavy</li>
			<li>SaV_elite</li>
			<li>SaV_gangboss</li>
			<li>SaV_bountyhunter_hvy</li>
			<li>HC_elite</li>
		</weaponTags>
		<tradeTags Inherit="False">
			<li>guy762TT_KotORElite</li>
		</tradeTags>
		<verbs>
			<li>
				<verbClass>Verb_Shoot</verbClass>
				<hasStandardCommand>true</hasStandardCommand>
				<defaultProjectile>KotORBowcasterBolt_default</defaultProjectile>
				<warmupTime>2.25</warmupTime>
				<range>32</range>
				<ticksBetweenBurstShots>20</ticksBetweenBurstShots>
				<burstShotCount>3</burstShotCount>
				<soundCast>kotorsound_bowcaster1</soundCast>
				<soundCastTail>GunTail_Medium</soundCastTail>
				<muzzleFlashScale>9</muzzleFlashScale>
			</li>
			<li>
				<label>spread shot</label>
				<!--description>Fire a cluster of bolts.</description>
				<iconPath>UI/Spread_Shot</iconPath-->
				<commandIcon>UI/Spread_Shot</commandIcon>
				<verbClass>Verb_Shoot</verbClass>
				<hasStandardCommand>true</hasStandardCommand>
				<defaultProjectile>KotORBowcasterBolt_default</defaultProjectile>
				<warmupTime>6</warmupTime>
				<range>32</range>
				<accuracyTouch>0.35</accuracyTouch>
				<accuracyShort>0.45</accuracyShort>
				<accuracyMedium>0.45</accuracyMedium>
				<accuracyLong>0.30</accuracyLong>
				<ticksBetweenBurstShots>0</ticksBetweenBurstShots>
				<burstShotCount>5</burstShotCount>
				<soundAiming>kotorsound_bowcharge</soundAiming>
				<soundCast>kotorsound_bowcaster2</soundCast>
				<soundCastTail>GunTail_Medium</soundCastTail>
				<muzzleFlashScale>9</muzzleFlashScale>
				<ai_IsWeapon>true</ai_IsWeapon>
			</li>
		</verbs>
		<tools>
			<li>
				<label>stock</label>
				<capacities>
					<li>Blunt</li>
				</capacities>
				<power>9</power>
				<cooldownTime>2</cooldownTime>
			</li>
			<li>
				<label>barrel</label>
				<capacities>
					<li>Blunt</li>
					<li>Poke</li>
				</capacities>
				<power>9</power>
				<cooldownTime>2</cooldownTime>
			</li>
		</tools>
		<comps>
			<li Class="ModularWeapons.CompProperties_ModularParts">
				<compClass>ModularWeapons.CompModularParts</compClass>
				<bundlePackageId>guy762.KotORWeaponsArmor</bundlePackageId>
				<partKinds>
					<li>guy762_slot_scope</li>
					<li>guy762_slot_chamber</li>
				</partKinds>
			</li>
		</comps>
		<thingSetMakerTags>
		  <li>RewardStandardLowFreq</li>
		</thingSetMakerTags>
	</ThingDef>
	
	
	<!--damage tier +2-->
	
	
	
	<!--damage tier +3-->
	
	
	<ThingDef ParentName="KotORRangedWeapon_TwoHand">
		<defName>guy762_bowcaster_ceremonial</defName>
		<label>Ceremonial Bowcaster</label>
		<description>This specialized bowcaster was designed for use in ceremonial hunts. It is capable of an impressive rate of fire even in unskilled hands. Though not suitable for upgrading, few of the weapon's targets would argue that further enhancement is necessary.</description>
		<techLevel>Spacer</techLevel>
		<thingClass>ThingWithComps</thingClass>
		<graphicData>
			<texPath>kotorbowcaster_ceremonial</texPath>
			<graphicClass>Graphic_Single</graphicClass>
			<drawSize>1.1</drawSize>
		</graphicData>
		<equippedAngleOffset>45</equippedAngleOffset>
		<soundInteract>kotorsound_select_bowcaster</soundInteract>
		<statBases>
			<MarketValue>13750</MarketValue>
			<Mass>8</Mass>
			<AccuracyTouch>0.80</AccuracyTouch>
			<AccuracyShort>1</AccuracyShort>
			<AccuracyMedium>1</AccuracyMedium>
			<AccuracyLong>0.95</AccuracyLong>
			<RangedWeapon_Cooldown>3.5</RangedWeapon_Cooldown>
			<RangedWeapon_DamageMultiplier>1.6</RangedWeapon_DamageMultiplier>
		</statBases>
		<weaponTags Inherit="False">
			<li>KotORBowcaster</li>
			<li>SaV_bountyhunter_star</li>
			<li>SaV_trando_veteran</li>
		</weaponTags>
		<tradeTags Inherit="False">
			<li>guy762TT_Wookiee</li>
			<li>guy762TT_KotORLegendary</li>
		</tradeTags>
		<verbs>
			<li>
				<verbClass>Verb_Shoot</verbClass>
				<hasStandardCommand>true</hasStandardCommand>
				<defaultProjectile>KotORBowcasterBolt_default</defaultProjectile>
				<warmupTime>2.25</warmupTime>
				<range>32</range>
				<ticksBetweenBurstShots>18</ticksBetweenBurstShots>
				<burstShotCount>3</burstShotCount>
				<soundCast>kotorsound_bowcaster1</soundCast>
				<soundCastTail>GunTail_Medium</soundCastTail>
				<muzzleFlashScale>9</muzzleFlashScale>
			</li>
			<li>
				<label>Bowcaster charge shot</label>
				<!--description>Fire a single charged bolt.</description>
				<iconPath>UI/Bowcaster_Power_Blast</iconPath-->
				<commandIcon>UI/Bowcaster_Power_Blast</commandIcon>
				<verbClass>Verb_Shoot</verbClass>
				<hasStandardCommand>true</hasStandardCommand>
				<defaultProjectile>KotORBowcasterBolt_heavy</defaultProjectile>
				<warmupTime>5.5</warmupTime>
				<defaultCooldownTime>4</defaultCooldownTime>
				<range>36</range>
				<ticksBetweenBurstShots>20</ticksBetweenBurstShots>
				<burstShotCount>1</burstShotCount>
				<soundAiming>kotorsound_powercharge</soundAiming>
				<soundCast>kotorsound_bowcaster2</soundCast>
				<soundCastTail>GunTail_Medium</soundCastTail>
				<muzzleFlashScale>9</muzzleFlashScale>
				<forcedMissRadius>0.01</forcedMissRadius>
				<ai_IsWeapon>true</ai_IsWeapon>
			</li>
			<li>
				<label>adv. rapid shot</label>
				<!--description>Fire extra bolts with reduced accuracy.</description>
				<iconPath>UI/Improved_Rapid_Shot</iconPath-->
				<commandIcon>UI/Improved_Rapid_Shot</commandIcon>
				<verbClass>Verb_Shoot</verbClass>
				<hasStandardCommand>true</hasStandardCommand>
				<defaultProjectile>KotORBowcasterBolt_default</defaultProjectile>
				<warmupTime>4</warmupTime>
				<defaultCooldownTime>4</defaultCooldownTime>
				<range>32</range>
				<ticksBetweenBurstShots>14</ticksBetweenBurstShots>
				<burstShotCount>12</burstShotCount>
				<sprayWidth>0.5</sprayWidth>
				<forcedMissRadius>2</forcedMissRadius>
				<soundCast>kotorsound_bowcaster1</soundCast>
				<soundCastTail>GunTail_Medium</soundCastTail>
				<muzzleFlashScale>9</muzzleFlashScale>
				<ai_IsWeapon>true</ai_IsWeapon>
			</li>
		</verbs>
		<tools>
			<li>
				<label>stock</label>
				<capacities>
					<li>Blunt</li>
				</capacities>
				<power>9</power>
				<cooldownTime>2</cooldownTime>
			</li>
			<li>
				<label>barrel</label>
				<capacities>
					<li>Blunt</li>
					<li>Poke</li>
				</capacities>
				<power>9</power>
				<cooldownTime>2</cooldownTime>
			</li>
		</tools>
		<comps>
			<li Class="CompProperties_Art">
				<nameMaker>NamerArtWeaponMelee</nameMaker>
				<descriptionMaker>ArtDescription_WeaponMelee</descriptionMaker>
			</li>
		</comps>
	</ThingDef>
	
	
	
	<!--special-->
	
	
	
	
	
	<!--legendaries-->
	
	
	<ThingDef ParentName="KotORRangedModdable_TwoHand">
		<defName>guy762_bowcaster_zaalbar</defName>
		<label>Zaalbar's Bowcaster</label>
		<description>This is Zaalbar's personal bowcaster. He has made modifications to it over the years, but it still tightly conforms to the traditions of his people.</description>
		<techLevel>Spacer</techLevel>
		<thingClass>ThingWithComps</thingClass>
		<graphicData>
			<texPath>kotorbowcaster_zaalbar</texPath>
			<graphicClass>ModularWeapons.Graphic_Modular</graphicClass>
			<drawSize>1.1</drawSize>
		</graphicData>
		<equippedAngleOffset>45</equippedAngleOffset>
		<soundInteract>kotorsound_select_bowcaster</soundInteract>
		<statBases>
			<MarketValue>40000</MarketValue>
			<Mass>8</Mass>
			<AccuracyTouch>0.70</AccuracyTouch>
			<AccuracyShort>0.90</AccuracyShort>
			<AccuracyMedium>0.90</AccuracyMedium>
			<AccuracyLong>0.75</AccuracyLong>
			<RangedWeapon_Cooldown>3.5</RangedWeapon_Cooldown>
			<RangedWeapon_DamageMultiplier>1.3</RangedWeapon_DamageMultiplier>
		</statBases>
		<weaponTags Inherit="False">
			<li>KotORRanged_legendary</li>
		</weaponTags>
		<tradeTags Inherit="False">
			<li>guy762TT_KotORLegendary</li>
		</tradeTags>
		<relicChance>3</relicChance>
		<verbs>
			<li>
				<verbClass>Verb_Shoot</verbClass>
				<hasStandardCommand>true</hasStandardCommand>
				<defaultProjectile>KotORBowcasterBolt_default</defaultProjectile>
				<warmupTime>2.25</warmupTime>
				<range>32</range>
				<ticksBetweenBurstShots>20</ticksBetweenBurstShots>
				<burstShotCount>3</burstShotCount>
				<soundCast>kotorsound_bowcaster1</soundCast>
				<soundCastTail>GunTail_Medium</soundCastTail>
				<muzzleFlashScale>9</muzzleFlashScale>
			</li>
		</verbs>
		<tools>
			<li>
				<label>stock</label>
				<capacities>
					<li>Blunt</li>
				</capacities>
				<power>9</power>
				<cooldownTime>2</cooldownTime>
			</li>
			<li>
				<label>barrel</label>
				<capacities>
					<li>Blunt</li>
					<li>Poke</li>
				</capacities>
				<power>9</power>
				<cooldownTime>2</cooldownTime>
			</li>
		</tools>
		<comps>
			<li Class="ModularWeapons.CompProperties_ModularParts">
				<compClass>ModularWeapons.CompModularParts</compClass>
				<bundlePackageId>guy762.KotORWeaponsArmor</bundlePackageId>
				<partKinds>
					<li>guy762_slot_scope</li>
					<li>guy762_slot_power_bow</li>
					<li>guy762_slot_chamber</li>
				</partKinds>
				<randomizeParts>false</randomizeParts>
				<defaultParts>
					<li>guy762_powermod_charge_bow</li>
				</defaultParts>
			</li>
		</comps>
	</ThingDef>
	
	
	

</Defs>