<?xml version="1.0" encoding="utf-8" ?>
<Defs>

	<ThingDef ParentName="KotORRangedMakeable_TwoHand">
		<defName>guy762_disrifle</defName>
		<label>disruptor rifle</label>
		<description>This disruptor is even more destructive than its pistol counterpart, and is outlawed on just as many worlds. Disruptors reduce solid matter to its constituent molecules. Painfully.</description>
		<techLevel>Spacer</techLevel>
		<graphicData>
			<texPath>kotordisrifle</texPath>
			<graphicClass>Graphic_Single</graphicClass>
		</graphicData>
		<soundInteract>kotorsound_select_dis</soundInteract>
		<statBases>
			<MarketValue>1080</MarketValue>
			<WorkToMake>65750</WorkToMake>
			<Mass>7</Mass>
			<AccuracyTouch>0.55</AccuracyTouch>
			<AccuracyShort>0.60</AccuracyShort>
			<AccuracyMedium>0.70</AccuracyMedium>
			<AccuracyLong>0.65</AccuracyLong>
			<RangedWeapon_Cooldown>2</RangedWeapon_Cooldown>
			<RangedWeapon_DamageMultiplier>1.2</RangedWeapon_DamageMultiplier>
		</statBases>
		<recipeMaker>
			<researchPrerequisite>guy762_ResearchKotOR_disruptor</researchPrerequisite>
			<skillRequirements>
				<Crafting>8</Crafting>
			</skillRequirements>
		</recipeMaker>
		<costList>
			<Plasteel>20</Plasteel>
			<Steel>20</Steel>
			<Chemfuel>40</Chemfuel>
			<ComponentSpacer>4</ComponentSpacer>
		</costList>
		<weaponTags>
			<li>SpacerGun</li>
			<li>KotORRanged_strong</li>
			<li>OR_standard</li>
			<li>OR_soldier</li>
			<li>MNC_commando</li>
			<li>SaV_commando</li>
			<li>SaV_bountyhunter_hvy</li>
			<li>SaV_WarDroid_mid</li>
			<li>SE_lieutenant</li>
			<li>SE_elitetrooper</li>
			<li>SE_raiderveteran</li>
		</weaponTags>
		<tradeTags Inherit="False">
			<li>guy762TT_KotORGeneric_rare</li>
			<li>guy762TT_KotORRanged</li>
		</tradeTags>
		<verbs>
			<li>
				<verbClass>Verb_Shoot</verbClass>
				<hasStandardCommand>true</hasStandardCommand>
				<defaultProjectile>KotORDisruptorBolt_default</defaultProjectile>
				<warmupTime>2</warmupTime>
				<range>28</range>
				<ticksBetweenBurstShots>20</ticksBetweenBurstShots>
				<burstShotCount>3</burstShotCount>
				<soundCast>kotorsound_heavy1</soundCast>
				<soundCastTail>GunTail_Medium</soundCastTail>
				<muzzleFlashScale>9</muzzleFlashScale>
			</li>
		</verbs>
		<tools>
			<li>
				<label>stock</label>
				<capacities>
					<li>Blunt</li>
				</capacities>
				<power>9</power>
				<cooldownTime>2</cooldownTime>
			</li>
			<li>
				<label>barrel</label>
				<capacities>
					<li>Blunt</li>
					<li>Poke</li>
				</capacities>
				<power>9</power>
				<cooldownTime>2</cooldownTime>
			</li>
		</tools>
		<thingSetMakerTags>
		  <li>RewardStandardLowFreq</li>
		  <li>RewardStandardQualitySuper</li>
		</thingSetMakerTags>
	</ThingDef>
	
	<ThingDef ParentName="KotORRangedMakeable_TwoHand">
		<defName>guy762_disrifle_carbine</defName>
		<label>disruptor carbine</label>
		<description>This disruptor is even more destructive than its pistol counterpart, and is outlawed on just as many worlds. Disruptors reduce solid matter to its constituent molecules. Painfully.</description>
		<techLevel>Spacer</techLevel>
		<graphicData>
			<texPath>kotordiscarbine</texPath>
			<graphicClass>Graphic_Single</graphicClass>
		</graphicData>
		<soundInteract>kotorsound_select_dis</soundInteract>
		<statBases>
			<MarketValue>900</MarketValue>
			<WorkToMake>60250</WorkToMake>
			<Mass>5.5</Mass>
			<AccuracyTouch>0.60</AccuracyTouch>
			<AccuracyShort>0.70</AccuracyShort>
			<AccuracyMedium>0.60</AccuracyMedium>
			<AccuracyLong>0.50</AccuracyLong>
			<RangedWeapon_Cooldown>1.5</RangedWeapon_Cooldown>
			<RangedWeapon_DamageMultiplier>1.1</RangedWeapon_DamageMultiplier>
		</statBases>
		<recipeMaker>
			<researchPrerequisite>guy762_ResearchKotOR_disruptor</researchPrerequisite>
			<skillRequirements>
				<Crafting>8</Crafting>
			</skillRequirements>
		</recipeMaker>
		<costList>
			<Plasteel>15</Plasteel>
			<Steel>15</Steel>
			<Chemfuel>40</Chemfuel>
			<ComponentSpacer>8</ComponentSpacer>
		</costList>
		<weaponTags>
			<li>SpacerGun</li>
			<li>KotORRanged_strong</li>
			<li>OR_marine</li>
			<li>OR_commando</li>
			<li>SE_commando</li>
			<li>MNC_commando</li>
			<li>SaV_commando</li>
			<li>SaV_gangboss</li>
			<li>SaV_bountyhunter_mid</li>
		</weaponTags>
		<tradeTags Inherit="False">
			<li>guy762TT_KotORGeneric_rare</li>
			<li>guy762TT_KotORRanged</li>
		</tradeTags>
		<verbs>
			<li>
				<verbClass>Verb_Shoot</verbClass>
				<hasStandardCommand>true</hasStandardCommand>
				<defaultProjectile>KotORDisruptorBolt_default</defaultProjectile>
				<warmupTime>1.25</warmupTime>
				<range>25</range>
				<ticksBetweenBurstShots>16</ticksBetweenBurstShots>
				<burstShotCount>3</burstShotCount>
				<soundCast>kotorsound_heavy1</soundCast>
				<soundCastTail>GunTail_Medium</soundCastTail>
				<muzzleFlashScale>9</muzzleFlashScale>
			</li>
		</verbs>
		<tools>
			<li>
				<label>stock</label>
				<capacities>
					<li>Blunt</li>
				</capacities>
				<power>9</power>
				<cooldownTime>2</cooldownTime>
			</li>
			<li>
				<label>barrel</label>
				<capacities>
					<li>Blunt</li>
					<li>Poke</li>
				</capacities>
				<power>9</power>
				<cooldownTime>2</cooldownTime>
			</li>
		</tools>
		<thingSetMakerTags>
		  <li>RewardStandardLowFreq</li>
		  <li>RewardStandardQualitySuper</li>
		</thingSetMakerTags>
	</ThingDef>
	
	
	<!--damage tier +0-->
	
	<ThingDef ParentName="KotORRangedModdable_TwoHand">
		<defName>guy762_disrifle_charric</defName>
		<label>Charric</label>
		<description>The Charric is an immensely powerful disruptor rifle. Exceedingly rare, its origin is believed to be somewhere in the Unknown Regions, though what species created it is unknown. The Charric employs maser beams and easily penetrates most armor and shields.</description>
		<techLevel>Spacer</techLevel>
		<thingClass>ThingWithComps</thingClass>
		<graphicData>
			<texPath>kotordisrifle_charric</texPath>
			<graphicClass>ModularWeapons.Graphic_Modular</graphicClass>
		</graphicData>
		<soundInteract>kotorsound_select_dis</soundInteract>
		<statBases>
			<MarketValue>16450</MarketValue>
			<Mass>7</Mass>
			<AccuracyTouch>0.75</AccuracyTouch>
			<AccuracyShort>0.80</AccuracyShort>
			<AccuracyMedium>0.90</AccuracyMedium>
			<AccuracyLong>0.85</AccuracyLong>
			<RangedWeapon_Cooldown>2</RangedWeapon_Cooldown>
			<RangedWeapon_DamageMultiplier>1.2</RangedWeapon_DamageMultiplier>
		</statBases>
		<weaponTags Inherit="False">
			<li>KotORRanged_rare</li>
			<li>Chiss_charric</li>
		</weaponTags>
		<tradeTags Inherit="False">
			<li>guy762TT_KotORElite</li>
		</tradeTags>
		<verbs>
			<li>
				<verbClass>Verb_Shoot</verbClass>
				<hasStandardCommand>true</hasStandardCommand>
				<defaultProjectile>KotORDisruptorBolt_charric</defaultProjectile>
				<warmupTime>2</warmupTime>
				<range>28</range>
				<ticksBetweenBurstShots>20</ticksBetweenBurstShots>
				<burstShotCount>3</burstShotCount>
				<soundCast>kotorsound_charric</soundCast>
				<soundCastTail>GunTail_Medium</soundCastTail>
				<muzzleFlashScale>9</muzzleFlashScale>
			</li>
		</verbs>
		<tools>
			<li>
				<label>stock</label>
				<capacities>
					<li>Blunt</li>
				</capacities>
				<power>9</power>
				<cooldownTime>2</cooldownTime>
			</li>
			<li>
				<label>barrel</label>
				<capacities>
					<li>Blunt</li>
					<li>Poke</li>
				</capacities>
				<power>9</power>
				<cooldownTime>2</cooldownTime>
			</li>
		</tools>
		<comps>
			<li Class="ModularWeapons.CompProperties_ModularParts">
				<compClass>ModularWeapons.CompModularParts</compClass>
				<bundlePackageId>guy762.KotORWeaponsArmor</bundlePackageId>
				<partKinds>
					<li>guy762_slot_scope</li>
					<li>guy762_slot_chamber</li>
				</partKinds>
			</li>
		</comps>
	</ThingDef>
	
	
	
	<!--damage tier +1-->
	
	
	<ThingDef ParentName="KotORRangedModdable_TwoHand">
		<defName>guy762_disrifle_tenloss</defName>
		<label>Tenloss Disruptor Rifle</label>
		<description>Manufactured by the elusive Tenloss Syndicate, these dangerous and highly-illegal rifles present a level of modularity not commonly seen amongst weapons of this class. Amusingly, the Eriadu Authority's bounty on these rifles was worth significantly more than the manufacturer's original selling price, leading to years of fraudulent buybacks thanks to several well-paid smugglers and well-bribed Authority officials.</description>
		<techLevel>Spacer</techLevel>
		<thingClass>ThingWithComps</thingClass>
		<graphicData>
			<texPath>kotordisrifle_tenloss</texPath>
			<graphicClass>ModularWeapons.Graphic_Modular</graphicClass>
		</graphicData>
		<soundInteract>kotorsound_select_dis</soundInteract>
		<statBases>
			<MarketValue>3500</MarketValue>
			<Mass>7</Mass>
			<AccuracyTouch>0.60</AccuracyTouch>
			<AccuracyShort>0.65</AccuracyShort>
			<AccuracyMedium>0.75</AccuracyMedium>
			<AccuracyLong>0.70</AccuracyLong>
			<RangedWeapon_Cooldown>2</RangedWeapon_Cooldown>
			<RangedWeapon_DamageMultiplier>1.3</RangedWeapon_DamageMultiplier>
		</statBases>
		<weaponTags Inherit="False">
			<li>KotORRanged_strong</li>
			<li>MNC_commando</li>
			<li>HC_elite</li>
			<li>SaV_elite</li>
			<li>SaV_bountyhunter_hvy</li>
			<li>SaV_gangboss</li>
		</weaponTags>
		<tradeTags Inherit="False">
			<li>guy762TT_KotORRanged</li>
		</tradeTags>
		<verbs>
			<li>
				<verbClass>Verb_Shoot</verbClass>
				<hasStandardCommand>true</hasStandardCommand>
				<defaultProjectile>KotORDisruptorBolt_default</defaultProjectile>
				<warmupTime>2</warmupTime>
				<range>28</range>
				<ticksBetweenBurstShots>20</ticksBetweenBurstShots>
				<burstShotCount>3</burstShotCount>
				<soundCast>kotorsound_heavy1</soundCast>
				<soundCastTail>GunTail_Medium</soundCastTail>
				<muzzleFlashScale>9</muzzleFlashScale>
			</li>
		</verbs>
		<tools>
			<li>
				<label>stock</label>
				<capacities>
					<li>Blunt</li>
				</capacities>
				<power>9</power>
				<cooldownTime>2</cooldownTime>
			</li>
			<li>
				<label>barrel</label>
				<capacities>
					<li>Blunt</li>
					<li>Poke</li>
				</capacities>
				<power>9</power>
				<cooldownTime>2</cooldownTime>
			</li>
		</tools>
		<comps>
			<li Class="ModularWeapons.CompProperties_ModularParts">
				<compClass>ModularWeapons.CompModularParts</compClass>
				<bundlePackageId>guy762.KotORWeaponsArmor</bundlePackageId>
				<partKinds>
					<li>guy762_slot_scope</li>
					<li>guy762_slot_power_dis</li>
					<li>guy762_slot_chamber</li>
					<li>guy762_slot_beam_dis</li>
				</partKinds>
			</li>
		</comps>
		<thingSetMakerTags>
		  <li>RewardStandardMidFreq</li>
		</thingSetMakerTags>
	</ThingDef>
	
	<!--ThingDef ParentName="KotORRangedModdable_TwoHand">
		<defName>guy762_disrifle_verpine</defName>
		<label>Verpine Shatter Gun</label>
		<description>The Verpine are renowned throughout the galaxy as master engineers, and many count the Shatter Gun among the greatest of their publicly-available small arms. The many upgrade ports allow for a large degree of versatility not typically common amongst disruptor weaponry.</description>
		<techLevel>Spacer</techLevel>
		<thingClass>ThingWithComps</thingClass>
		<graphicData>
			<texPath>kotordisrifle_verpine</texPath>
			<graphicClass>ModularWeapons.Graphic_Modular</graphicClass>
		</graphicData>
		<soundInteract>kotorsound_select_dis</soundInteract>
		<statBases>
			<MarketValue>2535</MarketValue>
			<Mass>7</Mass>
			<AccuracyTouch>0.60</AccuracyTouch>
			<AccuracyShort>0.65</AccuracyShort>
			<AccuracyMedium>0.75</AccuracyMedium>
			<AccuracyLong>0.70</AccuracyLong>
			<RangedWeapon_Cooldown>2</RangedWeapon_Cooldown>
			<RangedWeapon_DamageMultiplier>1.3</RangedWeapon_DamageMultiplier>
		</statBases>
		<weaponTags Inherit="False">
			<li>KotORRanged_strong</li>
			<li>MNC_commando</li>
			<li>SaV_elite</li>
		</weaponTags>
		<tradeTags Inherit="False">
			<li>guy762TT_KotORRanged</li>
		</tradeTags>
		<verbs>
			<li>
				<verbClass>Verb_Shoot</verbClass>
				<hasStandardCommand>true</hasStandardCommand>
				<defaultProjectile>KotORDisruptorBolt_default</defaultProjectile>
				<warmupTime>2</warmupTime>
				<range>28</range>
				<ticksBetweenBurstShots>20</ticksBetweenBurstShots>
				<burstShotCount>3</burstShotCount>
				<soundCast>kotorsound_heavy1</soundCast>
				<soundCastTail>GunTail_Medium</soundCastTail>
				<muzzleFlashScale>9</muzzleFlashScale>
			</li>
		</verbs>
		<tools>
			<li>
				<label>stock</label>
				<capacities>
					<li>Blunt</li>
				</capacities>
				<power>9</power>
				<cooldownTime>2</cooldownTime>
			</li>
			<li>
				<label>barrel</label>
				<capacities>
					<li>Blunt</li>
					<li>Poke</li>
				</capacities>
				<power>9</power>
				<cooldownTime>2</cooldownTime>
			</li>
		</tools>
		<comps>
			<li Class="ModularWeapons.CompProperties_ModularParts">
				<compClass>ModularWeapons.CompModularParts</compClass>
				<bundlePackageId>guy762.KotORWeaponsArmor</bundlePackageId>
				<partKinds>
					<li>guy762_slot_scope</li>
					<li>guy762_slot_power_dis</li>
					<li>guy762_slot_chamber</li>
					<li>guy762_slot_beam_dis</li>
				</partKinds>
			</li>
		</comps>
		<thingSetMakerTags>
		  <li>RewardStandardMidFreq</li>
		</thingSetMakerTags>
	</ThingDef-->
	
	
	<!--damage tier +5-->
	
	
	<ThingDef ParentName="KotORRangedModdable_TwoHand">
		<defName>guy762_disrifle_zabrak</defName>
		<label>Zabrak Disruptor Cannon</label>
		<description>Zabrak always command respect, especially with the aid of weapons that are even more damaging than already-outlawed standard disruptors.</description>
		<techLevel>Spacer</techLevel>
		<thingClass>ThingWithComps</thingClass>
		<graphicData>
			<texPath>kotordisrifle_zabrak</texPath>
			<graphicClass>ModularWeapons.Graphic_Modular</graphicClass>
		</graphicData>
		<soundInteract>kotorsound_select_dis</soundInteract>
		<statBases>
			<MarketValue>50000</MarketValue>
			<Mass>7</Mass>
			<AccuracyTouch>0.65</AccuracyTouch>
			<AccuracyShort>0.70</AccuracyShort>
			<AccuracyMedium>0.80</AccuracyMedium>
			<AccuracyLong>0.75</AccuracyLong>
			<RangedWeapon_Cooldown>2</RangedWeapon_Cooldown>
			<RangedWeapon_DamageMultiplier>1.7</RangedWeapon_DamageMultiplier>
		</statBases>
		<weaponTags Inherit="False">
			<li>KotORRanged_rare</li>
			<li>SaV_zabrakheavy</li>
			<li>MNC_champion</li>
			<li>SaV_bountyhunter_star</li>
		</weaponTags>
		<tradeTags Inherit="False">
			<li>guy762TT_KotORElite</li>
			<li>guy762TT_KotORLegendary</li>
		</tradeTags>
		<verbs>
			<li>
				<verbClass>Verb_Shoot</verbClass>
				<hasStandardCommand>true</hasStandardCommand>
				<defaultProjectile>KotORDisruptorBolt_default</defaultProjectile>
				<warmupTime>2</warmupTime>
				<range>28</range>
				<ticksBetweenBurstShots>20</ticksBetweenBurstShots>
				<burstShotCount>3</burstShotCount>
				<soundCast>kotorsound_heavy1</soundCast>
				<soundCastTail>GunTail_Medium</soundCastTail>
				<muzzleFlashScale>9</muzzleFlashScale>
			</li>
		</verbs>
		<tools>
			<li>
				<label>stock</label>
				<capacities>
					<li>Blunt</li>
				</capacities>
				<power>9</power>
				<cooldownTime>2</cooldownTime>
			</li>
			<li>
				<label>barrel</label>
				<capacities>
					<li>Blunt</li>
					<li>Poke</li>
				</capacities>
				<power>9</power>
				<cooldownTime>2</cooldownTime>
			</li>
		</tools>
		<comps>
			<li Class="ModularWeapons.CompProperties_ModularParts">
				<compClass>ModularWeapons.CompModularParts</compClass>
				<bundlePackageId>guy762.KotORWeaponsArmor</bundlePackageId>
				<partKinds>
					<li>guy762_slot_power_dis</li>
					<li>guy762_slot_chamber</li>
				</partKinds>
			</li>
		</comps>
		<thingSetMakerTags>
		  <li>RewardStandardLowFreq</li>
		</thingSetMakerTags>
	</ThingDef>
	
	
	<!--special-->
	
	
	
	
	
	<!--legendaries-->
	
	
	<ThingDef ParentName="KotORRangedModdable_TwoHand">
		<defName>guy762_disrifle_baragwin</defName>
		<label>Baragwin Disruptor-X Weapon</label>
		<description>Using the same 'shaped-energy' concept as in his Ion-X Weapon, Suvam Tan has modified a Baragwin disruptor weapon as well, giving comparable levels of concussive force to the blast that the Ion-X Weapon delivers.</description>
		<techLevel>Spacer</techLevel>
		<thingClass>ThingWithComps</thingClass>
		<graphicData>
			<texPath>kotordisrifle_baragwin</texPath>
			<graphicClass>ModularWeapons.Graphic_Modular</graphicClass>
		</graphicData>
		<soundInteract>kotorsound_select_dis</soundInteract>
		<statBases>
			<MarketValue>60000</MarketValue>
			<Mass>7</Mass>
			<AccuracyTouch>0.60</AccuracyTouch>
			<AccuracyShort>0.65</AccuracyShort>
			<AccuracyMedium>0.75</AccuracyMedium>
			<AccuracyLong>0.70</AccuracyLong>
			<RangedWeapon_Cooldown>2</RangedWeapon_Cooldown>
			<RangedWeapon_DamageMultiplier>1.4</RangedWeapon_DamageMultiplier>
		</statBases>
		<weaponTags Inherit="False">
			<li>KotORRanged_legendary</li>
			<li>SaV_crimelord</li>
			<li>SaV_bountyhunter_star</li>
		</weaponTags>
		<tradeTags Inherit="False">
			<li>guy762TT_Baragwin</li>
			<li>guy762TT_KotORLegendary</li>
		</tradeTags>
		<relicChance>3</relicChance>
		<verbs>
			<li>
				<verbClass>Verb_Shoot</verbClass>
				<hasStandardCommand>true</hasStandardCommand>
				<defaultProjectile>KotORDisruptorBolt_baragwinX</defaultProjectile>
				<warmupTime>2</warmupTime>
				<range>28</range>
				<ticksBetweenBurstShots>20</ticksBetweenBurstShots>
				<burstShotCount>3</burstShotCount>
				<soundCast>kotorsound_heavy1</soundCast>
				<soundCastTail>GunTail_Medium</soundCastTail>
				<muzzleFlashScale>9</muzzleFlashScale>
			</li>
		</verbs>
		<tools>
			<li>
				<label>stock</label>
				<capacities>
					<li>Blunt</li>
				</capacities>
				<power>9</power>
				<cooldownTime>2</cooldownTime>
			</li>
			<li>
				<label>barrel</label>
				<capacities>
					<li>Blunt</li>
					<li>Poke</li>
				</capacities>
				<power>9</power>
				<cooldownTime>2</cooldownTime>
			</li>
		</tools>
		<comps>
			<li Class="ModularWeapons.CompProperties_ModularParts">
				<compClass>ModularWeapons.CompModularParts</compClass>
				<bundlePackageId>guy762.KotORWeaponsArmor</bundlePackageId>
				<partKinds>
					<li>guy762_slot_scope</li>
					<li>guy762_slot_chamber</li>
				</partKinds>
			</li>
		</comps>
	</ThingDef>
	
	<ThingDef ParentName="KotORRangedModdable_TwoHand">
		<defName>guy762_disrifle_droid</defName>
		<label>HK-47's Assassin Rifle</label>
		<description>This disruptor has all the modifications an assassin droid needs: improved optics, reduced recoil, extended range, and several open ports for even more modular upgrades.</description>
		<techLevel>Spacer</techLevel>
		<thingClass>ThingWithComps</thingClass>
		<graphicData>
			<texPath>kotordisrifle_hk47</texPath>
			<graphicClass>ModularWeapons.Graphic_Modular</graphicClass>
		</graphicData>
		<soundInteract>kotorsound_select_dis</soundInteract>
		<statBases>
			<MarketValue>75000</MarketValue>
			<Mass>7</Mass>
			<AccuracyTouch>0.80</AccuracyTouch>
			<AccuracyShort>0.85</AccuracyShort>
			<AccuracyMedium>0.95</AccuracyMedium>
			<AccuracyLong>0.90</AccuracyLong>
			<RangedWeapon_Cooldown>2</RangedWeapon_Cooldown>
			<RangedWeapon_DamageMultiplier>1.2</RangedWeapon_DamageMultiplier>
		</statBases>
		<weaponTags Inherit="False">
			<li>KotORRanged_legendary</li>
			<li>SaV_hk47</li>
		</weaponTags>
		<tradeTags Inherit="False">
			<li>guy762TT_KotORLegendary</li>
		</tradeTags>
		<verbs>
			<li>
				<verbClass>Verb_Shoot</verbClass>
				<hasStandardCommand>true</hasStandardCommand>
				<defaultProjectile>KotORDisruptorBolt_default</defaultProjectile>
				<warmupTime>2</warmupTime>
				<range>28</range>
				<ticksBetweenBurstShots>20</ticksBetweenBurstShots>
				<burstShotCount>3</burstShotCount>
				<soundCast>kotorsound_heavy1</soundCast>
				<soundCastTail>GunTail_Medium</soundCastTail>
				<muzzleFlashScale>9</muzzleFlashScale>
			</li>
			<li>
				<label>master sniper shot</label>
				<commandIcon>UI/Master_Sniper_Shot</commandIcon>
				<verbClass>Verb_Shoot</verbClass>
				<hasStandardCommand>true</hasStandardCommand>
				<defaultProjectile>KotORDisruptorBolt_sniper</defaultProjectile>
				<warmupTime>3.35</warmupTime>
				<range>48</range>
				<accuracyMedium>1.00</accuracyMedium>
				<accuracyLong>1.00</accuracyLong>
				<ticksBetweenBurstShots>20</ticksBetweenBurstShots>
				<burstShotCount>1</burstShotCount>
				<soundCast>kotorsound_sniper</soundCast>
				<soundCastTail>GunTail_Medium</soundCastTail>
				<muzzleFlashScale>9</muzzleFlashScale>
				<ai_IsWeapon>true</ai_IsWeapon>
				<bodypartTagTarget>ConsciousnessSource</bodypartTagTarget>
			</li>
		</verbs>
		<tools>
			<li>
				<label>stock</label>
				<capacities>
					<li>Blunt</li>
				</capacities>
				<power>9</power>
				<cooldownTime>2</cooldownTime>
			</li>
			<li>
				<label>barrel</label>
				<capacities>
					<li>Blunt</li>
					<li>Poke</li>
				</capacities>
				<power>9</power>
				<cooldownTime>2</cooldownTime>
			</li>
		</tools>
		<comps>
			<li Class="ModularWeapons.CompProperties_ModularParts">
				<compClass>ModularWeapons.CompModularParts</compClass>
				<bundlePackageId>guy762.KotORWeaponsArmor</bundlePackageId>
				<partKinds>
					<li>guy762_slot_scope</li>
					<li>guy762_slot_power_dis</li>
					<li>guy762_slot_chamber</li>
				</partKinds>
			</li>
		</comps>
	</ThingDef>
	
	
	

</Defs>