<?xml version="1.0" encoding="utf-8" ?>
<Defs>

	<ThingDef ParentName="KotORRangedMakeable_TwoHand">
		<defName>guy762_slugrifle</defName>
		<label>slug-rifle</label>
		<description>A simpler weapon more common amongst settlers on frontier worlds, slug rifles fire a magnetically-propelled metallic slug surrounded by a plasma energy sheath. They are very difficult to use in close-quarters, and fire much slower compared to contemporary blasters.</description>
		<techLevel>Spacer</techLevel>
		<graphicData>
			<texPath>kotorslugrifle</texPath>
			<graphicClass>Graphic_Single</graphicClass>
			<drawSize>1.1</drawSize>
		</graphicData>
		<equippedAngleOffset>41</equippedAngleOffset>
		<soundInteract>kotorsound_select_slug</soundInteract>
		<statBases>
			<MarketValue>100</MarketValue>
			<WorkToMake>35000</WorkToMake>
			<Mass>5</Mass>
			<AccuracyTouch>0.25</AccuracyTouch>
			<AccuracyShort>0.35</AccuracyShort>
			<AccuracyMedium>0.80</AccuracyMedium>
			<AccuracyLong>0.85</AccuracyLong>
			<RangedWeapon_Cooldown>3</RangedWeapon_Cooldown>
			<RangedWeapon_DamageMultiplier>1</RangedWeapon_DamageMultiplier>
		</statBases>
		<recipeMaker>
			<researchPrerequisite>PrecisionRifling</researchPrerequisite>
			<skillRequirements>
				<Crafting>7</Crafting>
			</skillRequirements>
		</recipeMaker>
		<costList>
			<Plasteel>10</Plasteel>
			<Steel>30</Steel>
			<Uranium>10</Uranium>
			<ComponentIndustrial>3</ComponentIndustrial>
			<ComponentSpacer>1</ComponentSpacer>
		</costList>
		<weaponTags>
			<li>SpacerGun</li>
			<li>KotORRanged_mid</li>
			<li>KotORSniper</li>
			<li>PM_rifle</li>
			<li>SaV_trando_slaver</li>
			<li>SaV_AsnDroid_weak</li>
			<li>HC_soldier</li>
			<li>SE_raider</li>
			<li>KotORWeapon_civhunter</li>
		</weaponTags>
		<tradeTags Inherit="False">
			<li>guy762TT_KotORGeneric_basic</li>
			<li>guy762TT_KotORRanged</li>
		</tradeTags>
		<verbs>
			<li>
				<verbClass>Verb_Shoot</verbClass>
				<hasStandardCommand>true</hasStandardCommand>
				<defaultProjectile>KotORSlugBolt</defaultProjectile>
				<warmupTime>2</warmupTime>
				<range>36</range>
				<ticksBetweenBurstShots>24</ticksBetweenBurstShots>
				<burstShotCount>3</burstShotCount>
				<soundCast>kotorsound_slug</soundCast>
				<soundCastTail>GunTail_Heavy</soundCastTail>
				<muzzleFlashScale>9</muzzleFlashScale>
			</li>
			<li>
				<label>sniper shot</label>
				<commandIcon>UI/Sniper_Shot</commandIcon>
				<verbClass>Verb_Shoot</verbClass>
				<hasStandardCommand>true</hasStandardCommand>
				<defaultProjectile>KotORSlugBolt</defaultProjectile>
				<warmupTime>3.65</warmupTime>
				<range>40</range>
				<accuracyMedium>0.95</accuracyMedium>
				<accuracyLong>0.90</accuracyLong>
				<ticksBetweenBurstShots>24</ticksBetweenBurstShots>
				<burstShotCount>1</burstShotCount>
				<soundCast>kotorsound_slug</soundCast>
				<soundCastTail>GunTail_Heavy</soundCastTail>
				<muzzleFlashScale>9</muzzleFlashScale>
				<ai_IsWeapon>true</ai_IsWeapon>
			</li>
		</verbs>
		<tools>
			<li>
				<label>stock</label>
				<capacities>
					<li>Blunt</li>
				</capacities>
				<power>9</power>
				<cooldownTime>2</cooldownTime>
			</li>
			<li>
				<label>barrel</label>
				<capacities>
					<li>Blunt</li>
					<li>Poke</li>
				</capacities>
				<power>9</power>
				<cooldownTime>2</cooldownTime>
			</li>
		</tools>
		<thingSetMakerTags>
		  <li>RewardStandardLowFreq</li>
		  <li>RewardStandardQualitySuper</li>
		</thingSetMakerTags>
	</ThingDef>
	
	
	
	<!--damage tier +0-->
	
	
	<ThingDef ParentName="KotORRangedModdable_TwoHand">
		<defName>guy762_slugrifle_cinnagar</defName>
		<label>Cinnagaran Battle Rifle</label>
		<description>A relic of the Great Hyperspace War, rifles of this design were mass-produced by the factories of Cinnagar during both Empress Teta's conquest of the Koros system and during the Sith's assault on the Republic that followed. The use of this rifle was so widespread during the wars and the millennia afterwards that it can still be found in many militia armories today.</description>
		<techLevel>Spacer</techLevel>
		<graphicData>
			<texPath>kotorslugrifle_cinnagar</texPath>
			<graphicClass>ModularWeapons.Graphic_Modular</graphicClass>
			<drawSize>1.1</drawSize>
		</graphicData>
		<equippedAngleOffset>41</equippedAngleOffset>
		<soundInteract>kotorsound_select_slug</soundInteract>
		<statBases>
			<MarketValue>300</MarketValue>
			<Mass>5</Mass>
			<AccuracyTouch>0.25</AccuracyTouch>
			<AccuracyShort>0.35</AccuracyShort>
			<AccuracyMedium>0.80</AccuracyMedium>
			<AccuracyLong>0.85</AccuracyLong>
			<RangedWeapon_Cooldown>3</RangedWeapon_Cooldown>
			<RangedWeapon_DamageMultiplier>1</RangedWeapon_DamageMultiplier>
		</statBases>
		<weaponTags>
			<li>KotORRanged_mid</li>
			<li>PM_standard</li>
			<li>PM_veteran</li>
			<li>HC_soldier</li>
			<li>SE_raider</li>
		</weaponTags>
		<tradeTags Inherit="False">
			<li>guy762TT_KotORRanged</li>
			<li>guy762TT_KotORAntique</li>
		</tradeTags>
		<verbs>
			<li>
				<verbClass>Verb_Shoot</verbClass>
				<hasStandardCommand>true</hasStandardCommand>
				<defaultProjectile>KotORSlugBolt</defaultProjectile>
				<warmupTime>2</warmupTime>
				<range>36</range>
				<ticksBetweenBurstShots>24</ticksBetweenBurstShots>
				<burstShotCount>3</burstShotCount>
				<soundCast>kotorsound_slug</soundCast>
				<soundCastTail>GunTail_Heavy</soundCastTail>
				<muzzleFlashScale>9</muzzleFlashScale>
			</li>
		</verbs>
		<tools>
			<li>
				<label>stock</label>
				<capacities>
					<li>Blunt</li>
				</capacities>
				<power>9</power>
				<cooldownTime>2</cooldownTime>
			</li>
			<li>
				<label>barrel</label>
				<capacities>
					<li>Blunt</li>
					<li>Poke</li>
				</capacities>
				<power>9</power>
				<cooldownTime>2</cooldownTime>
			</li>
		</tools>
		<comps>
			<li Class="ModularWeapons.CompProperties_ModularParts">
				<compClass>ModularWeapons.CompModularParts</compClass>
				<bundlePackageId>guy762.KotORWeaponsArmor</bundlePackageId>
				<partKinds>
					<li>guy762_slot_scope</li>
					<li>guy762_slot_beam_slug</li>
				</partKinds>
			</li>
		</comps>
		<thingSetMakerTags>
		  <li>RewardStandardHighFreq</li>
		</thingSetMakerTags>
	</ThingDef>
	
	
	
	<!--damage tier +2-->
	
	
	<ThingDef ParentName="KotORRangedModMakeable_TwoHand">
		<defName>guy762_slugrifle_tusken</defName>
		<label>Tusken Cycler</label>
		<description>Like the Gaderffii, each Cycler rifle is hand-crafted by the Tusken Raider who owns it. Few of its constituent parts, if any, are welded together, leaving a rifle that is very easy for it's wielder to modify as needed.</description>
		<techLevel>Spacer</techLevel>
		<graphicData>
			<texPath>kotorslugrifle_tusken</texPath>
			<graphicClass>ModularWeapons.Graphic_Modular</graphicClass>
			<drawSize>1.1</drawSize>
		</graphicData>
		<equippedAngleOffset>41</equippedAngleOffset>
		<soundInteract>kotorsound_select_slug</soundInteract>
		<statBases>
			<MarketValue>1977</MarketValue>
			<Mass>5</Mass>
			<AccuracyTouch>0.30</AccuracyTouch>
			<AccuracyShort>0.40</AccuracyShort>
			<AccuracyMedium>0.85</AccuracyMedium>
			<AccuracyLong>0.90</AccuracyLong>
			<RangedWeapon_Cooldown>3</RangedWeapon_Cooldown>
			<RangedWeapon_DamageMultiplier>1.2</RangedWeapon_DamageMultiplier>
			
			<WorkToMake>35000</WorkToMake>
		</statBases>
		
		<recipeMaker>
			<researchPrerequisite>PrecisionRifling</researchPrerequisite>
			<skillRequirements>
				<Crafting>9</Crafting>
			</skillRequirements>
		</recipeMaker>
		<costList>
			<Plasteel>10</Plasteel>
			<Steel>30</Steel>
			<Uranium>10</Uranium>
			<ComponentIndustrial>3</ComponentIndustrial>
			<ComponentSpacer>1</ComponentSpacer>
		</costList>
		
		<weaponTags Inherit="False">
			<li>KotORRanged_mid</li>
			<li>SaV_tusken</li>
		</weaponTags>
		<tradeTags Inherit="False">
			<li>guy762TT_KotORRanged</li>
			<li>guy762TT_KotORAntique</li>
		</tradeTags>
		<verbs>
			<li>
				<verbClass>Verb_Shoot</verbClass>
				<hasStandardCommand>true</hasStandardCommand>
				<defaultProjectile>KotORSlugBolt</defaultProjectile>
				<warmupTime>2</warmupTime>
				<range>36</range>
				<ticksBetweenBurstShots>24</ticksBetweenBurstShots>
				<burstShotCount>3</burstShotCount>
				<soundCast>kotorsound_slug</soundCast>
				<soundCastTail>GunTail_Heavy</soundCastTail>
				<muzzleFlashScale>9</muzzleFlashScale>
			</li>
		</verbs>
		<tools>
			<li>
				<label>stock</label>
				<capacities>
					<li>Blunt</li>
				</capacities>
				<power>9</power>
				<cooldownTime>2</cooldownTime>
			</li>
			<li>
				<label>barrel</label>
				<capacities>
					<li>Blunt</li>
					<li>Poke</li>
				</capacities>
				<power>9</power>
				<cooldownTime>2</cooldownTime>
			</li>
		</tools>
		<comps>
			<li Class="ModularWeapons.CompProperties_ModularParts">
				<compClass>ModularWeapons.CompModularParts</compClass>
				<bundlePackageId>guy762.KotORWeaponsArmor</bundlePackageId>
				<partKinds>
					<li>guy762_slot_scope</li>
					<li>guy762_slot_chamber</li>
					<li>guy762_slot_beam_slug</li>
				</partKinds>
				<!--majorKinds>
					<li>guy762_slot_beam_slug</li>
				</majorKinds>
				<randomizeParts>false</randomizeParts>
				<defaultParts>
					<li>guy762_beammod_sniper_slug</li>
				</defaultParts-->
			</li>
		</comps>
		<thingSetMakerTags>
		  <li>RewardStandardLowFreq</li>
		  <li>RewardStandardQualitySuper</li>
		</thingSetMakerTags>
	</ThingDef>
	
	<ThingDef ParentName="KotORRangedModMakeable_TwoHand">
		<defName>guy762_slugrifle_SovTusken</defName>
		<label>Tusken Cycler</label>
		<description>Cycler rifles are crude yet reliable rifles designed to fire solid projectiles. They could hit targets at extreme ranges and penetrate energy shields. Used primarily by primitive cultures and hunters, they are strong enough to tear whole limbs from a body.</description>
		<techLevel>Spacer</techLevel>
		<graphicData>
			<texPath>Sovereign_TuskenCycler</texPath>
			<graphicClass>ModularWeapons.Graphic_Modular</graphicClass>
			<drawSize>1.5</drawSize>
		</graphicData>
		<equippedAngleOffset>45</equippedAngleOffset>
		<soundInteract>kotorsound_select_slug</soundInteract>
		<statBases>
			<MarketValue>1977</MarketValue>
			<Mass>5</Mass>
			<AccuracyTouch>0.30</AccuracyTouch>
			<AccuracyShort>0.40</AccuracyShort>
			<AccuracyMedium>0.85</AccuracyMedium>
			<AccuracyLong>0.90</AccuracyLong>
			<RangedWeapon_Cooldown>3</RangedWeapon_Cooldown>
			<RangedWeapon_DamageMultiplier>1.2</RangedWeapon_DamageMultiplier>
			
			<WorkToMake>35000</WorkToMake>
		</statBases>
		
		<recipeMaker>
			<researchPrerequisite>PrecisionRifling</researchPrerequisite>
			<skillRequirements>
				<Crafting>9</Crafting>
			</skillRequirements>
		</recipeMaker>
		<costList>
			<Plasteel>10</Plasteel>
			<Steel>30</Steel>
			<Uranium>10</Uranium>
			<ComponentIndustrial>3</ComponentIndustrial>
			<ComponentSpacer>1</ComponentSpacer>
		</costList>
		
		<weaponTags Inherit="False">
			<li>KotORRanged_mid</li>
			<li>SaV_tusken</li>
		</weaponTags>
		<tradeTags Inherit="False">
			<li>guy762TT_KotORRanged</li>
			<li>guy762TT_KotORAntique</li>
		</tradeTags>
		<verbs>
			<li>
				<verbClass>Verb_Shoot</verbClass>
				<hasStandardCommand>true</hasStandardCommand>
				<defaultProjectile>KotORSlugBolt</defaultProjectile>
				<warmupTime>2</warmupTime>
				<range>36</range>
				<ticksBetweenBurstShots>24</ticksBetweenBurstShots>
				<burstShotCount>3</burstShotCount>
				<soundCast>kotorsound_slug</soundCast>
				<soundCastTail>GunTail_Heavy</soundCastTail>
				<muzzleFlashScale>9</muzzleFlashScale>
			</li>
		</verbs>
		<tools>
			<li>
				<label>stock</label>
				<capacities>
					<li>Blunt</li>
				</capacities>
				<power>9</power>
				<cooldownTime>2</cooldownTime>
			</li>
			<li>
				<label>barrel</label>
				<capacities>
					<li>Blunt</li>
					<li>Poke</li>
				</capacities>
				<power>9</power>
				<cooldownTime>2</cooldownTime>
			</li>
		</tools>
		<comps>
			<li Class="ModularWeapons.CompProperties_ModularParts">
				<compClass>ModularWeapons.CompModularParts</compClass>
				<bundlePackageId>guy762.KotORWeaponsArmor</bundlePackageId>
				<partKinds>
					<li>guy762_slot_scope</li>
					<li>guy762_slot_chamber</li>
					<li>guy762_slot_beam_slug</li>
				</partKinds>
				<!--majorKinds>
					<li>guy762_slot_beam_slug</li>
				</majorKinds>
				<randomizeParts>false</randomizeParts>
				<defaultParts>
					<li>guy762_beammod_sniper_slug</li>
				</defaultParts-->
			</li>
		</comps>
		<thingSetMakerTags>
		  <li>RewardStandardLowFreq</li>
		  <li>RewardStandardQualitySuper</li>
		</thingSetMakerTags>
	</ThingDef>
	
	
	
	
	
	
	
	
	<ThingDef ParentName="KotORRangedModdable_TwoHand">
		<defName>guy762_slugrifle_verpine</defName>
		<label>Verpine Shatter Gun</label>
		<description>The Verpine are renowned throughout the galaxy as master engineers, and many count the Shatter Gun among the greatest of their publicly-available small arms. This powerful and adaptable slugthrower is coveted by many assassins and mercenaries for being one of the best long-range precision weapons credits can buy.</description>
		<techLevel>Spacer</techLevel>
		<thingClass>ThingWithComps</thingClass>
		<graphicData>
			<texPath>kotorslugrifle_verpine</texPath>
			<graphicClass>ModularWeapons.Graphic_Modular</graphicClass>
			<drawSize>1.1</drawSize>
		</graphicData>
		<equippedAngleOffset>41</equippedAngleOffset>
		<soundInteract>kotorsound_select_slug</soundInteract>
		<statBases>
			<MarketValue>22805</MarketValue>
			<Mass>5</Mass>
			<AccuracyTouch>0.35</AccuracyTouch>
			<AccuracyShort>0.45</AccuracyShort>
			<AccuracyMedium>0.90</AccuracyMedium>
			<AccuracyLong>0.95</AccuracyLong>
			<RangedWeapon_Cooldown>3</RangedWeapon_Cooldown>
			<RangedWeapon_DamageMultiplier>1.6</RangedWeapon_DamageMultiplier>
		</statBases>
		<weaponTags Inherit="False">
			<li>KotORRanged_rare</li>
			<li>KotORSniper</li>
			<li>MNC_sniper</li>
			<li>SaV_elite</li>
			<li>SaV_trando_veteran</li>
		</weaponTags>
		<tradeTags Inherit="False">
			<li>guy762TT_KotORElite</li>
			<li>guy762TT_KotORLegendary</li>
		</tradeTags>
		<verbs>
			<li>
				<verbClass>Verb_Shoot</verbClass>
				<hasStandardCommand>true</hasStandardCommand>
				<defaultProjectile>KotORSlugBolt</defaultProjectile>
				<warmupTime>2</warmupTime>
				<range>36</range>
				<ticksBetweenBurstShots>24</ticksBetweenBurstShots>
				<burstShotCount>3</burstShotCount>
				<soundCast>kotorsound_slug</soundCast>
				<soundCastTail>GunTail_Heavy</soundCastTail>
				<muzzleFlashScale>9</muzzleFlashScale>
			</li>
		</verbs>
		<tools>
			<li>
				<label>stock</label>
				<capacities>
					<li>Blunt</li>
				</capacities>
				<power>9</power>
				<cooldownTime>2</cooldownTime>
			</li>
			<li>
				<label>barrel</label>
				<capacities>
					<li>Blunt</li>
					<li>Poke</li>
				</capacities>
				<power>9</power>
				<cooldownTime>2</cooldownTime>
			</li>
		</tools>
		<comps>
			<li Class="ModularWeapons.CompProperties_ModularParts">
				<compClass>ModularWeapons.CompModularParts</compClass>
				<bundlePackageId>guy762.KotORWeaponsArmor</bundlePackageId>
				<partKinds>
					<li>guy762_slot_scope</li>
					<li>guy762_slot_power_slug</li>
					<li>guy762_slot_chamber</li>
					<li>guy762_slot_beam_slug</li>
				</partKinds>
				<!--majorKinds>
					<li>guy762_slot_beam_slug</li>
				</majorKinds>
				<randomizeParts>false</randomizeParts>
				<defaultParts>
					<li>guy762_beammod_sniper_slug</li>
				</defaultParts-->
			</li>
		</comps>
		<thingSetMakerTags>
		  <li>RewardStandardLowFreq</li>
		</thingSetMakerTags>
	</ThingDef>
	
	
	
	<!--special-->
	
	
	
	
	
	<!--legendaries-->
	
	

</Defs>