<?xml version="1.0" encoding="utf-8" ?>
<Defs>

	<ThingDef ParentName="KotORMeleeMakeable_TwoHand">
		<defName>guy762_vdubblade</defName>
		<label>Vibro Double-Blade</label>
		<description>Ultrasonic vibrations make this double-bladed sword exceptionally deadly. A rare Echani cortosis weave protects it against lightsaber sparring damage, ensuring effectiveness even against Jedi and Sith. The double-bladed sword is capable of inflicting more damage - but is also less precise - than the single-bladed variant.</description>
		<soundInteract>kotorsound_swordinteract</soundInteract>
		<meleeHitSound>kotorsound_blade_hitsoft</meleeHitSound>
		<graphicData>
			<texPath>Weapons/Melee_Sovereign/vibrodoubleblade</texPath>
			<graphicClass>Graphic_Single</graphicClass>
			<shaderType>Cutout</shaderType>
			<drawSize>2</drawSize>
		</graphicData>
		<equippedAngleOffset>-30</equippedAngleOffset>
		<techLevel>Spacer</techLevel>
		<weaponClasses><li>MeleePiercer</li></weaponClasses>
		<statBases>
			<MarketValue>1400</MarketValue>
			<Mass>6</Mass>
			
			<WorkToMake>48000</WorkToMake>
		</statBases>
		<equippedStatOffsets>
		  <MeleeHitChance>-0.2</MeleeHitChance>
		</equippedStatOffsets>
		
		<recipeMaker>
			<researchPrerequisite>guy762_ResearchKotOR_vibroweapons</researchPrerequisite>
			<skillRequirements>
				<Crafting>8</Crafting>
			</skillRequirements>
		</recipeMaker>
		<costList>
			<KOTOR_IngotCortosis>2</KOTOR_IngotCortosis>
			<ComponentSpacer>2</ComponentSpacer>
			<Plasteel>50</Plasteel>
			<Steel>60</Steel>
		</costList>
		
		<comps>
		  <li Class="CompExtraSounds.CompProperties_ExtraSounds">
			<compClass>CompExtraSounds.CompExtraSounds</compClass>
			<soundMiss>kotorsound_blade_swing</soundMiss>
			<soundHitPawn>kotorsound_blade_hitsoft</soundHitPawn>
			<soundHitBuilding>kotorsound_blade_hithard</soundHitBuilding>
		  </li>
		</comps>
		<tools>
			<li>
				<label>handle</label>
				<capacities>
					<li>Blunt</li>
				</capacities>
				<!---->
				<power>6</power>
				<chanceFactor>0.1</chanceFactor>
				<cooldownTime>1.5</cooldownTime>
			</li>
			<li>
				<label>point</label>
				<capacities>
					<li>Stab</li>
				</capacities>
				<!---->
				<power>20</power>
				<armorPenetration>0.25</armorPenetration>
				<chanceFactor>1</chanceFactor>
				<cooldownTime>2.4</cooldownTime>
			</li>
			<li>
				<label>edge</label>
				<capacities>
					<li>Cut</li>
				</capacities>
				<!---->
				<power>22</power>
				<armorPenetration>0.25</armorPenetration>
				<chanceFactor>2</chanceFactor>
				<cooldownTime>1.0</cooldownTime>
			</li>
		</tools>
		<weaponTags Inherit="False">
			<li>Vibroweapon</li>
			<li>KotORMelee_strong</li>
			<li>HC_enforcer</li>
			<li>SaV_elite</li>
			<li>SaV_mercslasher</li>
			<li>SaV_wookieebrawler</li>
			<li>MNC_marauder</li>
		</weaponTags>
		<tradeTags Inherit="False">
			<li>guy762TT_KotORMelee</li>
			<li>guy762TT_KotORGeneric_rare</li>
		</tradeTags>
		<thingSetMakerTags>
		  <li>RewardStandardLowFreq</li>
		  <li>RewardStandardQualitySuper</li>
		</thingSetMakerTags>
	</ThingDef>
	
	<ThingDef ParentName="KotORMeleeNoQualityModMake_TwoHand">
		<defName>guy762_vdubblade_sith</defName>
		<label>Sith War Sword</label>
		<description>Though most favor lightsabers, some Sith prefer the more visceral feel of metal cutting flesh. These blades are usually blended with cortosis to protect against lightsaber sparring damage.</description>
		<soundInteract>kotorsound_swordinteract</soundInteract>
		<meleeHitSound>kotorsound_blade_hitsoft</meleeHitSound>
		<graphicData>
			<texPath>vibrodoubleblade_sith</texPath>
			<graphicClass>ModularWeapons.Graphic_Modular</graphicClass>
			<drawSize>2</drawSize>
		</graphicData>
		<equippedAngleOffset>-30</equippedAngleOffset>
		<techLevel>Spacer</techLevel>
		<weaponClasses><li>MeleePiercer</li></weaponClasses>
		<statBases>
			<MarketValue>1850</MarketValue>
			<Mass>8</Mass>
			
			<WorkToMake>52000</WorkToMake>
		</statBases>
		<equippedStatOffsets>
		  <MeleeHitChance>-0.1</MeleeHitChance>
		  <MeleeWeapon_DamageMultiplier>1.1</MeleeWeapon_DamageMultiplier>
		</equippedStatOffsets>
		
		<recipeMaker>
			<researchPrerequisite>guy762_ResearchKotOR_sith</researchPrerequisite>
			<skillRequirements>
				<Crafting>10</Crafting>
			</skillRequirements>
		</recipeMaker>
		<costList>
			<KOTOR_IngotCortosis>4</KOTOR_IngotCortosis>
			<ComponentSpacer>2</ComponentSpacer>
			<Plasteel>50</Plasteel>
			<Steel>60</Steel>
		</costList>
		
		<tools>
			<li>
				<label>handle</label>
				<capacities>
					<li>Blunt</li>
				</capacities>
				<!---->
				<power>6</power>
				<chanceFactor>0.1</chanceFactor>
				<cooldownTime>1.5</cooldownTime>
			</li>
			<li>
				<label>point</label>
				<capacities>
					<li>Stab</li>
				</capacities>
				<!---->
				<power>20</power>
				<armorPenetration>0.25</armorPenetration>
				<chanceFactor>1</chanceFactor>
				<cooldownTime>2.4</cooldownTime>
			</li>
			<li>
				<label>edge</label>
				<capacities>
					<li>Cut</li>
				</capacities>
				<!---->
				<power>22</power>
				<armorPenetration>0.25</armorPenetration>
				<chanceFactor>2</chanceFactor>
				<cooldownTime>1.0</cooldownTime>
			</li>
		</tools>
		<weaponTags Inherit="False">
			<li>SE_melee</li>
			<li>SE_raiderveteran</li>
			<li>SE_elitemelee</li>
		</weaponTags>
		<tradeTags Inherit="False">
			<li>guy762TT_KotORMelee</li>
			<li>guy762TT_SEWeapons</li>
		</tradeTags>
		<comps>
			<li Class="CompExtraSounds.CompProperties_ExtraSounds">
				<compClass>CompExtraSounds.CompExtraSounds</compClass>
				<soundMiss>kotorsound_blade_swing</soundMiss>
				<soundHitPawn>kotorsound_blade_hitsoft</soundHitPawn>
				<soundHitBuilding>kotorsound_blade_hithard</soundHitBuilding>
			</li>
			<li Class="ModularWeapons.CompProperties_ModularParts">
				<compClass>ModularWeapons.CompModularParts</compClass>
				<bundlePackageId>guy762.KotORWeaponsArmor</bundlePackageId>
				<partKinds>
					<li>guy762_slot_edge</li>
					<li>guy762_slot_cell_vdblade</li>
					<li>guy762_slot_grip</li>
				</partKinds>
			</li>
		</comps>
	</ThingDef>
	
	<ThingDef ParentName="KotORMeleeModdable_TwoHand">
		<defName>guy762_vdubblade_echani</defName>
		<label>Echani Double-Brand</label>
		<description>Echani Firedancers use the double bladed Ritual Brand in a dodging and slicing pattern so graceful it looks more like a dance than combat.</description>
		<soundInteract>kotorsound_swordinteract</soundInteract>
		<meleeHitSound>kotorsound_blade_hitsoft</meleeHitSound>
		<graphicData>
			<texPath>vibrodoubleblade_zabrak</texPath>
			<graphicClass>ModularWeapons.Graphic_Modular</graphicClass>
			<drawSize>2</drawSize>
		</graphicData>
		<equippedAngleOffset>-30</equippedAngleOffset>
		<techLevel>Spacer</techLevel>
		<weaponClasses><li>MeleePiercer</li></weaponClasses>
		<statBases>
			<MarketValue>3450</MarketValue>
			<Mass>8</Mass>
		</statBases>
		<equippedStatOffsets>
		  <MeleeHitChance>-0.2</MeleeHitChance>
		  <MeleeWeapon_DamageMultiplier>1.2</MeleeWeapon_DamageMultiplier>
		</equippedStatOffsets>
		<tools>
			<li>
				<label>handle</label>
				<capacities>
					<li>Blunt</li>
				</capacities>
				<!---->
				<power>6</power>
				<chanceFactor>0.1</chanceFactor>
				<cooldownTime>1.5</cooldownTime>
			</li>
			<li>
				<label>point</label>
				<capacities>
					<li>Stab</li>
				</capacities>
				<!---->
				<power>20</power>
				<armorPenetration>0.25</armorPenetration>
				<chanceFactor>1</chanceFactor>
				<cooldownTime>2.4</cooldownTime>
			</li>
			<li>
				<label>edge</label>
				<capacities>
					<li>Cut</li>
				</capacities>
				<!---->
				<power>22</power>
				<armorPenetration>0.25</armorPenetration>
				<chanceFactor>2</chanceFactor>
				<cooldownTime>1.0</cooldownTime>
			</li>
		</tools>
		<weaponTags Inherit="False">
			<li>KotORMelee_strong</li>
			<li>SaV_echaniheavy</li>
			<li>MNC_champion</li>
		</weaponTags>
		<tradeTags Inherit="False">
			<li>guy762TT_KotORMelee</li>
		</tradeTags>
		<thingSetMakerTags>
		  <li>RewardStandardHighFreq</li>
		</thingSetMakerTags>
		<comps>
			<li Class="CompExtraSounds.CompProperties_ExtraSounds">
				<compClass>CompExtraSounds.CompExtraSounds</compClass>
				<soundMiss>kotorsound_blade_swing</soundMiss>
				<soundHitPawn>kotorsound_blade_hitsoft</soundHitPawn>
				<soundHitBuilding>kotorsound_blade_hithard</soundHitBuilding>
			</li>
			<li Class="ModularWeapons.CompProperties_ModularParts">
				<compClass>ModularWeapons.CompModularParts</compClass>
				<bundlePackageId>guy762.KotORWeaponsArmor</bundlePackageId>
				<partKinds>
					<li>guy762_slot_edge</li>
					<li>guy762_slot_cell_vdblade</li>
					<li>guy762_slot_grip</li>
				</partKinds>
			</li>
		</comps>
	</ThingDef>
	
	<ThingDef ParentName="KotORMeleeWeapon_TwoHand">
		<defName>guy762_vdubblade_trandoshan</defName>
		<label>Trandoshan Double-Blade</label>
		<description>While most cultures abandoned the primitive sword in favor of vibroblades or other weapons, the Trandoshan sometimes use the weapon as a badge of honor. This variant is made of the rare ore Chalon, and is sharper and heavier than the typical blade. They are not suitable for weapon upgrades, however.</description>
		<soundInteract>kotorsound_swordinteract</soundInteract>
		<meleeHitSound>kotorsound_blade_hitsoft</meleeHitSound>
		<graphicData>
			<texPath>Weapons/Melee_Sovereign/vibrodoubleblade_trandoshan</texPath>
			<graphicClass>Graphic_Single</graphicClass>
			<shaderType>Cutout</shaderType>
			<drawSize>2</drawSize>
		</graphicData>
		<equippedAngleOffset>-30</equippedAngleOffset>
		<techLevel>Spacer</techLevel>
		<weaponClasses><li>MeleePiercer</li></weaponClasses>
		<statBases>
			<MarketValue>9675</MarketValue>
			<Mass>8</Mass>
		</statBases>
		<equippedStatOffsets>
		  <MeleeHitChance>0</MeleeHitChance>
		  <MeleeWeapon_DamageMultiplier>1.4</MeleeWeapon_DamageMultiplier>
		</equippedStatOffsets>
		<comps>
		  <li Class="CompExtraSounds.CompProperties_ExtraSounds">
			<compClass>CompExtraSounds.CompExtraSounds</compClass>
			<soundMiss>kotorsound_blade_swing</soundMiss>
			<soundHitPawn>kotorsound_blade_hitsoft</soundHitPawn>
			<soundHitBuilding>kotorsound_blade_hithard</soundHitBuilding>
		  </li>
		</comps>
		<tools>
			<li>
				<label>handle</label>
				<capacities>
					<li>Blunt</li>
				</capacities>
				<!---->
				<power>6</power>
				<chanceFactor>0.1</chanceFactor>
				<cooldownTime>1.5</cooldownTime>
			</li>
			<li>
				<label>point</label>
				<capacities>
					<li>Stab</li>
				</capacities>
				<!---->
				<power>20</power>
				<armorPenetration>0.25</armorPenetration>
				<chanceFactor>1</chanceFactor>
				<cooldownTime>2.4</cooldownTime>
			</li>
			<li>
				<label>edge</label>
				<capacities>
					<li>Cut</li>
				</capacities>
				<!---->
				<power>22</power>
				<armorPenetration>0.25</armorPenetration>
				<chanceFactor>2</chanceFactor>
				<cooldownTime>1.0</cooldownTime>
			</li>
		</tools>
		<weaponTags Inherit="False">
			<li>KotORMelee_strong</li>
			<li>SaV_trandoshan</li>
			<li>SaV_trando_ham</li>
			<li>MNC_champion</li>
		</weaponTags>
		<tradeTags Inherit="False">
			<li>guy762TT_KotORMelee</li>
		</tradeTags>
		<thingSetMakerTags>
		  <li>RewardStandardLowFreq</li>
		</thingSetMakerTags>
	</ThingDef>
	
	<ThingDef ParentName="KotORMeleeModdable_TwoHand">
		<defName>guy762_vdubblade_yusanis</defName>
		<label>Yusanis' Brand</label>
		<description>Yusanis was the most famous of Echani warriors, fighting against oppression and villainy until encountering Darth Revan. Discovering that Revan had killed an Echani senator, Yusanis attempted to tell authorities but fell to the powers of the Sith Lord despite his own impressive abilities and the cortosis weave inherent in all Echani vibroblades.</description>
		<soundInteract>kotorsound_swordinteract</soundInteract>
		<meleeHitSound>kotorsound_blade_hitsoft</meleeHitSound>
		<graphicData>
			<texPath>vibrodoubleblade_yusanis</texPath>
			<graphicClass>ModularWeapons.Graphic_Modular</graphicClass>
			<drawSize>2</drawSize>
		</graphicData>
		<equippedAngleOffset>-30</equippedAngleOffset>
		<techLevel>Spacer</techLevel>
		<weaponClasses><li>MeleePiercer</li></weaponClasses>
		<statBases>
			<MarketValue>18235</MarketValue>
			<Mass>8</Mass>
		</statBases>
		<equippedStatOffsets>
		  <MeleeHitChance>0</MeleeHitChance>
		  <MeleeWeapon_DamageMultiplier>1.2</MeleeWeapon_DamageMultiplier>
		</equippedStatOffsets>
		<tools>
			<li>
				<label>handle</label>
				<capacities>
					<li>Blunt</li>
				</capacities>
				<!---->
				<power>6</power>
				<chanceFactor>0.1</chanceFactor>
				<cooldownTime>1.5</cooldownTime>
			</li>
			<li>
				<label>point</label>
				<capacities>
					<li>Stab</li>
				</capacities>
				<!---->
				<power>20</power>
				<armorPenetration>0.25</armorPenetration>
				<chanceFactor>1</chanceFactor>
				<cooldownTime>2.4</cooldownTime>
				<extraMeleeDamages>
				  <li>
					<def>guy762_MeleeDamage_ion</def>
					<amount>5</amount>
				  </li>
				</extraMeleeDamages>
			</li>
			<li>
				<label>edge</label>
				<capacities>
					<li>Cut</li>
				</capacities>
				<!---->
				<power>22</power>
				<armorPenetration>0.25</armorPenetration>
				<chanceFactor>2</chanceFactor>
				<cooldownTime>1.0</cooldownTime>
				<extraMeleeDamages>
				  <li>
					<def>guy762_MeleeDamage_ion</def>
					<amount>5</amount>
				  </li>
				</extraMeleeDamages>
			</li>
		</tools>
		<weaponTags Inherit="False">
			<li>KotORMelee_legendary</li>
		</weaponTags>
		<tradeTags Inherit="False">
			<li>guy762TT_KotORLegendary</li>
		</tradeTags>
		<comps>
			<li Class="CompExtraSounds.CompProperties_ExtraSounds">
				<compClass>CompExtraSounds.CompExtraSounds</compClass>
				<soundMiss>kotorsound_blade_swing</soundMiss>
				<soundHitPawn>kotorsound_blade_hitsoft</soundHitPawn>
				<soundHitBuilding>kotorsound_blade_hithard</soundHitBuilding>
			</li>
			<li Class="ModularWeapons.CompProperties_ModularParts">
				<compClass>ModularWeapons.CompModularParts</compClass>
				<bundlePackageId>guy762.KotORWeaponsArmor</bundlePackageId>
				<partKinds>
					<li>guy762_slot_edge</li>
					<li>guy762_slot_cell_vdblade</li>
					<li>guy762_slot_grip</li>
					<li>guy762_slot_alloy</li>
				</partKinds>
			</li>
		</comps>
	</ThingDef>

</Defs>