<?xml version="1.0" encoding="utf-8" ?>
<Defs>

	<ThingDef ParentName="KotORMeleeMakeable_OffHand">
		<defName>guy762_vblade</defName>
		<label>Vibroblade</label>
		<description>Small size makes this a good off-hand weapon. Echani vibroblades use a cortosis weave to prevent lightsaber sparring damage, allowing traditional swordplay to continue in the time of Jedi and Sith.</description>
		<soundInteract>kotorsound_swordinteract</soundInteract>
		<meleeHitSound>kotorsound_blade_hitsoft</meleeHitSound>
		<graphicData>
			<texPath>Weapons/Melee_Sovereign/vibroblade</texPath>
			<graphicClass>Graphic_Single</graphicClass>
			<shaderType>Cutout</shaderType>
		</graphicData>
		<equippedAngleOffset>-65</equippedAngleOffset>
		<techLevel>Spacer</techLevel>
		<weaponClasses><li>MeleePiercer</li></weaponClasses>
		<statBases>
			<MarketValue>200</MarketValue>
			<Mass>2</Mass>
			
			<WorkToMake>12000</WorkToMake>
		</statBases>
		
		<recipeMaker>
			<researchPrerequisite>guy762_ResearchKotOR_vibroweapons</researchPrerequisite>
			<skillRequirements>
				<Crafting>5</Crafting>
			</skillRequirements>
		</recipeMaker>
		<costList>
			<KOTOR_IngotCortosis>1</KOTOR_IngotCortosis>
			<ComponentSpacer>1</ComponentSpacer>
			<Plasteel>20</Plasteel>
			<Steel>30</Steel>
		</costList>
		
		<comps>
		  <li Class="CompExtraSounds.CompProperties_ExtraSounds">
			<compClass>CompExtraSounds.CompExtraSounds</compClass>
			<soundMiss>kotorsound_blade_swing</soundMiss>
			<soundHitPawn>kotorsound_blade_hitsoft</soundHitPawn>
			<soundHitBuilding>kotorsound_blade_hithard</soundHitBuilding>
		  </li>
		</comps>
		<tools>
			<li>
				<label>handle</label>
				<capacities>
					<li>Blunt</li>
				</capacities>
				<!---->
				<power>6</power>
				<chanceFactor>0.05</chanceFactor>
				<cooldownTime>3</cooldownTime>
			</li>
			<li>
				<label>point</label>
				<capacities>
					<li>Stab</li>
				</capacities>
				<!---->
				<power>22</power>
				<armorPenetration>0.25</armorPenetration>
				<chanceFactor>1.25</chanceFactor>
				<cooldownTime>1.8</cooldownTime>
			</li>
			<li>
				<label>edge</label>
				<capacities>
					<li>Cut</li>
				</capacities>
				<!---->
				<power>18</power>
				<armorPenetration>0.25</armorPenetration>
				<chanceFactor>0.75</chanceFactor>
				<cooldownTime>1.8</cooldownTime>
			</li>
		</tools>
		<weaponTags Inherit="False">
			<li>Vibroweapon</li>
			<li>KotORMelee_weak</li>
			<li>SaV_brawler</li>
			<li>HC_enforcer</li>
			<li>SE_slasher</li>
		</weaponTags>
		<tradeTags Inherit="False">
			<li>guy762TT_KotORMelee</li>
			<li>guy762TT_KotORGeneric_basic</li>
		</tradeTags>
		<thingSetMakerTags>
		  <li>RewardStandardLowFreq</li>
		  <li>RewardStandardQualitySuper</li>
		</thingSetMakerTags>
	</ThingDef>
	
	<ThingDef ParentName="KotORMeleeModdable_OffHand">
		<defName>guy762_vblade_prototype</defName>
		<label>Prototype Vibroblade</label>
		<description>This is a very adaptable model of vibroblade, made for the user on a budget that will be purchasing upgrades as resources or finances become available.</description>
		<soundInteract>kotorsound_swordinteract</soundInteract>
		<meleeHitSound>kotorsound_blade_hitsoft</meleeHitSound>
		<graphicData>
			<texPath>vibroblade_prototype</texPath>
			<graphicClass>ModularWeapons.Graphic_Modular</graphicClass>
		</graphicData>
		<equippedAngleOffset>-65</equippedAngleOffset>
		<techLevel>Spacer</techLevel>
		<weaponClasses><li>MeleePiercer</li></weaponClasses>
		<statBases>
			<MarketValue>280</MarketValue>
			<Mass>4</Mass>
		</statBases>
		<tools>
			<li>
				<label>handle</label>
				<capacities>
					<li>Blunt</li>
				</capacities>
				<!---->
				<power>6</power>
				<chanceFactor>0.05</chanceFactor>
				<cooldownTime>3</cooldownTime>
			</li>
			<li>
				<label>point</label>
				<capacities>
					<li>Stab</li>
				</capacities>
				<!---->
				<power>22</power>
				<armorPenetration>0.25</armorPenetration>
				<chanceFactor>1.25</chanceFactor>
				<cooldownTime>1.8</cooldownTime>
			</li>
			<li>
				<label>edge</label>
				<capacities>
					<li>Cut</li>
				</capacities>
				<!---->
				<power>19</power>                           <!--+1-->
				<armorPenetration>0.25</armorPenetration>
				<chanceFactor>0.75</chanceFactor>
				<cooldownTime>1.8</cooldownTime>
			</li>
		</tools>
		<weaponTags Inherit="False">
			<li>KotORMelee_weak</li>
			<li>SaV_brawler</li>
			<li>SaV_wookieebrawler</li>
			<li>HC_enforcer</li>
		</weaponTags>
		<tradeTags Inherit="False">
			<li>guy762TT_KotORMelee</li>
		</tradeTags>
		<comps>
			<li Class="CompExtraSounds.CompProperties_ExtraSounds">
				<compClass>CompExtraSounds.CompExtraSounds</compClass>
				<soundMiss>kotorsound_blade_swing</soundMiss>
				<soundHitPawn>kotorsound_blade_hitsoft</soundHitPawn>
				<soundHitBuilding>kotorsound_blade_hithard</soundHitBuilding>
			</li>
			<li Class="ModularWeapons.CompProperties_ModularParts">
				<compClass>ModularWeapons.CompModularParts</compClass>
				<bundlePackageId>guy762.KotORWeaponsArmor</bundlePackageId>
				<partKinds>
					<li>guy762_slot_edge</li>
					<li>guy762_slot_cell_vblade</li>
					<li>guy762_slot_grip</li>
				</partKinds>
			</li>
		</comps>
	</ThingDef>
	
	<ThingDef ParentName="KotORMeleeModdable_OffHand">
		<defName>guy762_vblade_krath</defName>
		<label>Krath Blood Blade</label>
		<description>Twisted by the dark side, this Krath weapon is as deadly as a modern vibroblade. It was meant for assassination, and a cortosis weave that prevents lightsaber sparring damage ensured that even Jedi must respect it.</description>
		<soundInteract>kotorsound_swordinteract</soundInteract>
		<meleeHitSound>kotorsound_blade_hitsoft</meleeHitSound>
		<graphicData>
			<texPath>vibroblade_krath</texPath>
			<graphicClass>ModularWeapons.Graphic_Modular</graphicClass>
		</graphicData>
		<equippedAngleOffset>-65</equippedAngleOffset>
		<techLevel>Spacer</techLevel>
		<weaponClasses><li>MeleePiercer</li></weaponClasses>
		<statBases>
			<MarketValue>540</MarketValue>
			<Mass>4</Mass>
		</statBases>
		<equippedStatOffsets>
		  <MeleeHitChance>0.1</MeleeHitChance>
		  <MeleeWeapon_DamageMultiplier>1.1</MeleeWeapon_DamageMultiplier>
		</equippedStatOffsets>
		<tools>
			<li>
				<label>handle</label>
				<capacities>
					<li>Blunt</li>
				</capacities>
				<!---->
				<power>6</power>
				<chanceFactor>0.05</chanceFactor>
				<cooldownTime>3</cooldownTime>
			</li>
			<li>
				<label>point</label>
				<capacities>
					<li>Stab</li>
				</capacities>
				<!---->
				<power>22</power>
				<armorPenetration>0.25</armorPenetration>
				<chanceFactor>1.25</chanceFactor>
				<cooldownTime>1.8</cooldownTime>
			</li>
			<li>
				<label>edge</label>
				<capacities>
					<li>Cut</li>
				</capacities>
				<!---->
				<power>18</power>
				<armorPenetration>0.25</armorPenetration>
				<chanceFactor>0.75</chanceFactor>
				<cooldownTime>1.8</cooldownTime>
			</li>
		</tools>
		<weaponTags Inherit="False">
			<li>KotORMelee_weak</li>
			<li>MNC_marauder</li>
			<li>SE_slasher</li>
		</weaponTags>
		<tradeTags Inherit="False">
			<li>guy762TT_KotORMelee</li>
			<li>guy762TT_SEWeapons</li>
			<li>guy762TT_KotORAntique</li>
		</tradeTags>
		<comps>
			<li Class="CompExtraSounds.CompProperties_ExtraSounds">
				<compClass>CompExtraSounds.CompExtraSounds</compClass>
				<soundMiss>kotorsound_blade_swing</soundMiss>
				<soundHitPawn>kotorsound_blade_hitsoft</soundHitPawn>
				<soundHitBuilding>kotorsound_blade_hithard</soundHitBuilding>
			</li>
			<li Class="ModularWeapons.CompProperties_ModularParts">
				<compClass>ModularWeapons.CompModularParts</compClass>
				<bundlePackageId>guy762.KotORWeaponsArmor</bundlePackageId>
				<partKinds>
					<li>guy762_slot_edge</li>
					<li>guy762_slot_cell_vblade</li>
					<li>guy762_slot_grip</li>
				</partKinds>
			</li>
		</comps>
	</ThingDef>
	
	<ThingDef ParentName="KotORMeleeModdable_OffHand">
		<defName>guy762_vblade_echani</defName>
		<label>Echani Vibroblade</label>
		<description>These blades are typically used in the off hand. In addition to a cortosis weave that deflects lightsaber sparring damage, some Echani vibroblades are supercooled to keep them in alignment, giving them an icy sting.</description>
		<soundInteract>kotorsound_swordinteract</soundInteract>
		<meleeHitSound>kotorsound_blade_hitsoft</meleeHitSound>
		<graphicData>
			<texPath>vibroblade_echani</texPath>
			<graphicClass>ModularWeapons.Graphic_Modular</graphicClass>
		</graphicData>
		<equippedAngleOffset>-65</equippedAngleOffset>
		<techLevel>Spacer</techLevel>
		<weaponClasses><li>MeleePiercer</li></weaponClasses>
		<statBases>
			<MarketValue>1000</MarketValue>
			<Mass>4</Mass>
		</statBases>
		<equippedStatOffsets>
		  <MeleeHitChance>0.2</MeleeHitChance>
		  <MeleeWeapon_DamageMultiplier>1.2</MeleeWeapon_DamageMultiplier>
		</equippedStatOffsets>
		<tools>
			<li>
				<label>handle</label>
				<capacities>
					<li>Blunt</li>
				</capacities>
				<!---->
				<power>6</power>
				<chanceFactor>0.05</chanceFactor>
				<cooldownTime>3</cooldownTime>
			</li>
			<li>
				<label>point</label>
				<capacities>
					<li>Stab</li>
				</capacities>
				<!---->
				<power>22</power>
				<armorPenetration>0.25</armorPenetration>
				<chanceFactor>1.25</chanceFactor>
				<cooldownTime>1.8</cooldownTime>
				<extraMeleeDamages>
				  <li>
					<def>Frostbite</def>
					<amount>2</amount>
				  </li>
				</extraMeleeDamages>
			</li>
			<li>
				<label>edge</label>
				<capacities>
					<li>Cut</li>
				</capacities>
				<!---->
				<power>18</power>
				<armorPenetration>0.25</armorPenetration>
				<chanceFactor>0.75</chanceFactor>
				<cooldownTime>1.8</cooldownTime>
				<extraMeleeDamages>
				  <li>
					<def>Frostbite</def>
					<amount>2</amount>
				  </li>
				</extraMeleeDamages>
			</li>
		</tools>
		<weaponTags Inherit="False">
			<li>KotORMelee_mid</li>
			<li>SaV_elite</li>
			<li>SaV_echani</li>
		</weaponTags>
		<tradeTags Inherit="False">
			<li>guy762TT_KotORMelee</li>
		</tradeTags>
		<thingSetMakerTags>
		  <li>RewardStandardHighFreq</li>
		</thingSetMakerTags>
		<comps>
			<li Class="CompExtraSounds.CompProperties_ExtraSounds">
				<compClass>CompExtraSounds.CompExtraSounds</compClass>
				<soundMiss>kotorsound_blade_swing</soundMiss>
				<soundHitPawn>kotorsound_blade_hitsoft</soundHitPawn>
				<soundHitBuilding>kotorsound_blade_hithard</soundHitBuilding>
			</li>
			<li Class="ModularWeapons.CompProperties_ModularParts">
				<compClass>ModularWeapons.CompModularParts</compClass>
				<bundlePackageId>guy762.KotORWeaponsArmor</bundlePackageId>
				<partKinds>
					<li>guy762_slot_edge</li>
					<li>guy762_slot_cell_vblade</li>
					<li>guy762_slot_grip</li>
				</partKinds>
			</li>
		</comps>
	</ThingDef>
		
	
	<!--special-->
	
	
	<ThingDef ParentName="KotORMeleeWeapon_OffHand">
		<defName>guy762_vblade_tehkla</defName>
		<label>Tehk'la Blade</label>
		<description>This weapon is favored by the Nagai, a species of slender humanoids who appear more dead than alive. Known for their honor and combat skill, the Nagai use these serrated weapons to cripple their opponents.</description>
		<soundInteract>kotorsound_swordinteract</soundInteract>
		<meleeHitSound>kotorsound_blade_hitsoft</meleeHitSound>
		<graphicData>
			<texPath>Weapons/Melee_Sovereign/vibroblade_tehkla</texPath>
			<graphicClass>Graphic_Single</graphicClass>
			<shaderType>Cutout</shaderType>
		</graphicData>
		<equippedAngleOffset>-65</equippedAngleOffset>
		<techLevel>Spacer</techLevel>
		<weaponClasses><li>MeleePiercer</li></weaponClasses>
		<statBases>
			<MarketValue>2300</MarketValue>
			<Mass>4</Mass>
		</statBases>
		<equippedStatOffsets>
		  <MeleeHitChance>0.1</MeleeHitChance>
		</equippedStatOffsets>
		<tools>
			<li>
				<label>handle</label>
				<capacities>
					<li>Blunt</li>
				</capacities>
				<!---->
				<power>6</power>
				<chanceFactor>0.05</chanceFactor>
				<cooldownTime>3</cooldownTime>
			</li>
			<li>
				<label>point</label>
				<capacities>
					<li>Stab</li>
				</capacities>
				<!---->
				<power>22</power>
				<armorPenetration>0.25</armorPenetration>
				<chanceFactor>1.25</chanceFactor>
				<cooldownTime>1.8</cooldownTime>
			</li>
			<li>
				<label>edge</label>
				<capacities>
					<li>Cut</li>
				</capacities>
				<!---->
				<power>23</power>                         <!--+5-->
				<armorPenetration>0.25</armorPenetration>
				<chanceFactor>0.75</chanceFactor>
				<cooldownTime>1.8</cooldownTime>
			</li>
		</tools>
		<weaponTags Inherit="False">
			<li>SaV_nagai</li>
		</weaponTags>
		<tradeTags Inherit="False">
			<li>guy762TT_KotORMelee</li>
		</tradeTags>
		<comps>
			<li Class="CompExtraSounds.CompProperties_ExtraSounds">
				<compClass>CompExtraSounds.CompExtraSounds</compClass>
				<soundMiss>kotorsound_blade_swing</soundMiss>
				<soundHitPawn>kotorsound_blade_hitsoft</soundHitPawn>
				<soundHitBuilding>kotorsound_blade_hithard</soundHitBuilding>
			</li>
		</comps>
	</ThingDef>
	
	
	<!--legendaries-->
	
	
	<ThingDef ParentName="KotORMeleeModdable_OffHand">
		<defName>guy762_vblade_vao</defName>
		<label>Mission's Vibroblade</label>
		<description>Working with few resources, Mission Vao turned this basic vibroblade into an exceptional weapon almost as adaptable as she is.</description>
		<soundInteract>kotorsound_swordinteract</soundInteract>
		<meleeHitSound>kotorsound_blade_hitsoft</meleeHitSound>
		<graphicData>
			<texPath>vibroblade_vao</texPath>
			<graphicClass>ModularWeapons.Graphic_Modular</graphicClass>
		</graphicData>
		<equippedAngleOffset>-65</equippedAngleOffset>
		<techLevel>Spacer</techLevel>
		<weaponClasses><li>MeleePiercer</li></weaponClasses>
		<statBases>
			<MarketValue>18000</MarketValue>
			<Mass>4</Mass>
		</statBases>
		<tools>
			<li>
				<label>handle</label>
				<capacities>
					<li>Blunt</li>
				</capacities>
				<!---->
				<power>6</power>
				<chanceFactor>0.05</chanceFactor>
				<cooldownTime>3</cooldownTime>
			</li>
			<li>
				<label>point</label>
				<capacities>
					<li>Stab</li>
				</capacities>
				<!---->
				<power>22</power>
				<armorPenetration>0.25</armorPenetration>
				<chanceFactor>1.25</chanceFactor>
				<cooldownTime>1.8</cooldownTime>
				<extraMeleeDamages>
				  <li>
					<def>Blunt</def>
					<amount>2</amount>
				  </li>
				</extraMeleeDamages>
			</li>
			<li>
				<label>edge</label>
				<capacities>
					<li>Cut</li>
				</capacities>
				<!---->
				<power>18</power>
				<armorPenetration>0.25</armorPenetration>
				<chanceFactor>0.75</chanceFactor>
				<cooldownTime>1.8</cooldownTime>
				<extraMeleeDamages>
				  <li>
					<def>Blunt</def>
					<amount>2</amount>
				  </li>
				</extraMeleeDamages>
			</li>
		</tools>
		<weaponTags Inherit="False">
			<li>KotORMelee_legendary</li>
		</weaponTags>
		<tradeTags Inherit="False">
			<li>guy762TT_KotORLegendary</li>
		</tradeTags>
		<comps>
			<li Class="CompExtraSounds.CompProperties_ExtraSounds">
				<compClass>CompExtraSounds.CompExtraSounds</compClass>
				<soundMiss>kotorsound_blade_swing</soundMiss>
				<soundHitPawn>kotorsound_blade_hitsoft</soundHitPawn>
				<soundHitBuilding>kotorsound_blade_hithard</soundHitBuilding>
			</li>
			<li Class="ModularWeapons.CompProperties_ModularParts">
				<compClass>ModularWeapons.CompModularParts</compClass>
				<bundlePackageId>guy762.KotORWeaponsArmor</bundlePackageId>
				<partKinds>
					<li>guy762_slot_edge</li>
					<li>guy762_slot_cell_vblade</li>
					<li>guy762_slot_grip</li>
					<li>guy762_slot_alloy</li>
				</partKinds>
			</li>
		</comps>
	</ThingDef>
	
	
	<ThingDef ParentName="KotORMeleeModdable_OffHand">
		<defName>guy762_vblade_sanasiki</defName>
		<label>Sanasiki's Blade</label>
		<description>Sanasiki used this weapon to kill Nelinik, a Zabrak who assassinated the Echani High Protector with battle droids. Cortosis protects the blade against lightsaber sparring damage while energy cells disrupt droid opponents.</description>
		<soundInteract>kotorsound_swordinteract</soundInteract>
		<meleeHitSound>kotorsound_blade_hitsoft</meleeHitSound>
		<graphicData>
			<texPath>vibroblade_sanasiki</texPath>
			<graphicClass>ModularWeapons.Graphic_Modular</graphicClass>
		</graphicData>
		<equippedAngleOffset>-65</equippedAngleOffset>
		<techLevel>Spacer</techLevel>
		<weaponClasses><li>MeleePiercer</li></weaponClasses>
		<statBases>
			<MarketValue>7000</MarketValue>
			<Mass>4</Mass>
			<MeleeHitChance>1.2</MeleeHitChance>
		</statBases>
		<equippedStatOffsets>
		  <MeleeHitChance>0.2</MeleeHitChance>
		  <MeleeWeapon_DamageMultiplier>1.2</MeleeWeapon_DamageMultiplier>
		</equippedStatOffsets>
		<tools>
			<li>
				<label>handle</label>
				<capacities>
					<li>Blunt</li>
				</capacities>
				<!---->
				<power>6</power>
				<chanceFactor>0.05</chanceFactor>
				<cooldownTime>3</cooldownTime>
			</li>
			<li>
				<label>point</label>
				<capacities>
					<li>Stab</li>
				</capacities>
				<!---->
				<power>22</power>
				<armorPenetration>0.25</armorPenetration>
				<chanceFactor>1.25</chanceFactor>
				<cooldownTime>1.8</cooldownTime>
				<extraMeleeDamages>
				  <li>
					<def>guy762_MeleeDamage_energy</def>
					<amount>6</amount>
				  </li>
				  <li>
					<def>EMP</def>
					<amount>3</amount>
				  </li>
				</extraMeleeDamages>
			</li>
			<li>
				<label>edge</label>
				<capacities>
					<li>Cut</li>
				</capacities>
				<!---->
				<power>18</power>
				<armorPenetration>0.25</armorPenetration>
				<chanceFactor>0.75</chanceFactor>
				<cooldownTime>1.8</cooldownTime>
				<extraMeleeDamages>
				  <li>
					<def>guy762_MeleeDamage_energy</def>
					<amount>6</amount>
				  </li>
				  <li>
					<def>EMP</def>
					<amount>3</amount>
				  </li>
				</extraMeleeDamages>
			</li>
		</tools>
		<weaponTags Inherit="False">
			<li>KotORMelee_legendary</li>
		</weaponTags>
		<tradeTags Inherit="False">
			<li>guy762TT_KotORLegendary</li>
		</tradeTags>
		<comps>
			<li Class="CompExtraSounds.CompProperties_ExtraSounds">
				<compClass>CompExtraSounds.CompExtraSounds</compClass>
				<soundMiss>kotorsound_blade_swing</soundMiss>
				<soundHitPawn>kotorsound_blade_hitsoft</soundHitPawn>
				<soundHitBuilding>kotorsound_blade_hithard</soundHitBuilding>
			</li>
			<li Class="ModularWeapons.CompProperties_ModularParts">
				<compClass>ModularWeapons.CompModularParts</compClass>
				<bundlePackageId>guy762.KotORWeaponsArmor</bundlePackageId>
				<partKinds>
					<li>guy762_slot_edge</li>
					<li>guy762_slot_cell_vblade</li>
					<li>guy762_slot_grip</li>
				</partKinds>
			</li>
		</comps>
	</ThingDef>
	

</Defs>