<?xml version="1.0" encoding="utf-8" ?>
<Defs>

	<ThingDef ParentName="KotORRangedMakeable_TwoHand">
		<defName>guy762_lgtrepeater</defName>
		<label>light repeating blaster</label>
		<description>This weapon allows the user to fire more quickly than usual, increasing his chances of survival without drastically changing the amount of equipment they would normally carry.</description>
		<techLevel>Spacer</techLevel>
		<graphicData>
			<texPath>kotorlgtrepeater</texPath>
			<graphicClass>Graphic_Single</graphicClass>
		</graphicData>
		<soundInteract>kotorsound_select_dis</soundInteract>
		<statBases>
			<MarketValue>800</MarketValue>
			<WorkToMake>65750</WorkToMake>
			<Mass>6.5</Mass>
			<AccuracyTouch>0.40</AccuracyTouch>
			<AccuracyShort>0.50</AccuracyShort>
			<AccuracyMedium>0.35</AccuracyMedium>
			<AccuracyLong>0.25</AccuracyLong>
			<RangedWeapon_Cooldown>2</RangedWeapon_Cooldown>
			<RangedWeapon_DamageMultiplier>1.1</RangedWeapon_DamageMultiplier>
		</statBases>
		<recipeMaker>
			<researchPrerequisite>guy762_ResearchKotOR_blasters</researchPrerequisite>
			<skillRequirements>
				<Crafting>8</Crafting>
			</skillRequirements>
		</recipeMaker>
		<costList>
			<Plasteel>25</Plasteel>
			<Steel>20</Steel>
			<Chemfuel>60</Chemfuel>
			<ComponentSpacer>4</ComponentSpacer>
		</costList>
		<weaponTags>
			<li>SpacerGun</li>
			<li>KotORRanged_mid</li>
			<li>KotORRanged_basicrepeater</li>
			<li>OR_standard</li>
			<li>OR_soldier</li>
			<li>MNC_commando</li>
			<li>SE_raiderveteran</li>
			<li>SE_lieutenant</li>
			<li>SaV_commando</li>
			<li>SaV_WarDroid_mid</li>
			<li>CZ_trooper</li>
		</weaponTags>
		<tradeTags Inherit="False">
			<li>guy762TT_KotORGeneric_adv</li>
			<li>guy762TT_KotORRanged</li>
		</tradeTags>
		<verbs>
			<li>
				<verbClass>Verb_Shoot</verbClass>
				<hasStandardCommand>true</hasStandardCommand>
				<defaultProjectile>KotORBlasterBolt_default</defaultProjectile>
				<warmupTime>2.25</warmupTime>
				<range>28</range>
				<ticksBetweenBurstShots>13</ticksBetweenBurstShots>
				<burstShotCount>6</burstShotCount>
				<soundCast>kotorsound_rifle</soundCast>
				<soundCastTail>GunTail_Medium</soundCastTail>
				<muzzleFlashScale>9</muzzleFlashScale>
			</li>
		</verbs>
		<tools>
			<li>
				<label>stock</label>
				<capacities>
					<li>Blunt</li>
				</capacities>
				<power>14</power>
				<cooldownTime>2</cooldownTime>
			</li>
			<li>
				<label>barrel</label>
				<capacities>
					<li>Blunt</li>
					<li>Poke</li>
				</capacities>
				<power>9</power>
				<cooldownTime>2</cooldownTime>
			</li>
		</tools>
		<thingSetMakerTags>
		  <li>RewardStandardLowFreq</li>
		  <li>RewardStandardQualitySuper</li>
		</thingSetMakerTags>
	</ThingDef>
	
	<ThingDef ParentName="KotORRangedMakeable_TwoHand">
		<defName>guy762_lgtrepeater_carbine</defName>
		<label>repeating blaster carbine</label>
		<description>This weapon allows the user to fire more quickly than usual, increasing his chances of survival without drastically changing the amount of equipment they would normally carry.</description>
		<techLevel>Spacer</techLevel>
		<graphicData>
			<texPath>kotorlgtrepeater_carbine</texPath>
			<graphicClass>Graphic_Single</graphicClass>
		</graphicData>
		<soundInteract>kotorsound_select_slug</soundInteract>
		<statBases>
			<MarketValue>550</MarketValue>
			<WorkToMake>60000</WorkToMake>
			<Mass>5.5</Mass>
			<AccuracyTouch>0.50</AccuracyTouch>
			<AccuracyShort>0.60</AccuracyShort>
			<AccuracyMedium>0.25</AccuracyMedium>
			<AccuracyLong>0.15</AccuracyLong>
			<RangedWeapon_Cooldown>2</RangedWeapon_Cooldown>
			<RangedWeapon_DamageMultiplier>1</RangedWeapon_DamageMultiplier>
		</statBases>
		<recipeMaker>
			<researchPrerequisite>guy762_ResearchKotOR_blasters</researchPrerequisite>
			<skillRequirements>
				<Crafting>8</Crafting>
			</skillRequirements>
		</recipeMaker>
		<costList>
			<Plasteel>25</Plasteel>
			<Steel>15</Steel>
			<Chemfuel>50</Chemfuel>
			<ComponentSpacer>3</ComponentSpacer>
		</costList>
		<weaponTags>
			<li>SpacerGun</li>
			<li>KotORRanged_mid</li>
			<li>OR_marine</li>
			<li>MNC_commando</li>
			<li>SE_trooper</li>
			<li>SE_commando</li>
			<li>SaV_merc</li>
			<li>SaV_trando_grunt</li>
			<li>SaV_WarDroid_closerange</li>
			<li>PM_heavy</li>
		</weaponTags>
		<tradeTags Inherit="False">
			<li>guy762TT_KotORGeneric_adv</li>
			<li>guy762TT_KotORRanged</li>
		</tradeTags>
		<verbs>
			<li>
				<verbClass>Verb_Shoot</verbClass>
				<hasStandardCommand>true</hasStandardCommand>
				<defaultProjectile>KotORBlasterBolt_default</defaultProjectile>
				<warmupTime>1.25</warmupTime>
				<range>25</range>
				<ticksBetweenBurstShots>10</ticksBetweenBurstShots>
				<burstShotCount>6</burstShotCount>
				<soundCast>kotorsound_rifle</soundCast>
				<soundCastTail>GunTail_Medium</soundCastTail>
				<muzzleFlashScale>9</muzzleFlashScale>
			</li>
		</verbs>
		<tools>
			<li>
				<label>stock</label>
				<capacities>
					<li>Blunt</li>
				</capacities>
				<power>14</power>
				<cooldownTime>2</cooldownTime>
			</li>
			<li>
				<label>barrel</label>
				<capacities>
					<li>Blunt</li>
					<li>Poke</li>
				</capacities>
				<power>9</power>
				<cooldownTime>2</cooldownTime>
			</li>
		</tools>
		<thingSetMakerTags>
		  <li>RewardStandardLowFreq</li>
		  <li>RewardStandardQualitySuper</li>
		</thingSetMakerTags>
	</ThingDef>
	
	
	<!--damage tier +1-->
	
	
	<ThingDef ParentName="KotORRangedModdable_TwoHand">
		<defName>guy762_lgtrepeater_medium</defName>
		<label>medium repeating blaster</label>
		<description>Weapons such as this are not usually available for public purchase. They are best utilized during quick troop deployment and other situations where rapid suppressing fire is required.</description>
		<techLevel>Spacer</techLevel>
		<thingClass>ThingWithComps</thingClass>
		<graphicData>
			<texPath>kotorlgtrepeater_medium</texPath>
			<graphicClass>ModularWeapons.Graphic_Modular</graphicClass>
		</graphicData>
		<soundInteract>kotorsound_select_dis</soundInteract>
		<statBases>
			<MarketValue>1750</MarketValue>
			<Mass>6.5</Mass>
			<AccuracyTouch>0.45</AccuracyTouch>
			<AccuracyShort>0.55</AccuracyShort>
			<AccuracyMedium>0.40</AccuracyMedium>
			<AccuracyLong>0.30</AccuracyLong>
			<RangedWeapon_Cooldown>2</RangedWeapon_Cooldown>
			<RangedWeapon_DamageMultiplier>1.2</RangedWeapon_DamageMultiplier>
		</statBases>
		<weaponTags>
			<li>KotORRanged_strong</li>
			<li>MNC_commando</li>
			<li>SE_commando</li>
			<li>SE_elitetrooper</li>
			<li>SE_raiderveteran</li>
			<li>HC_elite</li>
			<li>SaV_heavy</li>
			<li>SaV_elite</li>
			<li>SaV_trando_merc</li>
			<li>SaV_gangboss</li>
		</weaponTags>
		<tradeTags Inherit="False">
			<li>guy762TT_KotORRanged</li>
		</tradeTags>
		<verbs>
			<li>
				<verbClass>Verb_Shoot</verbClass>
				<hasStandardCommand>true</hasStandardCommand>
				<defaultProjectile>KotORBlasterBolt_default</defaultProjectile>
				<warmupTime>2.25</warmupTime>
				<range>28</range>
				<ticksBetweenBurstShots>13</ticksBetweenBurstShots>
				<burstShotCount>6</burstShotCount>
				<soundCast>kotorsound_rifle</soundCast>
				<soundCastTail>GunTail_Medium</soundCastTail>
				<muzzleFlashScale>9</muzzleFlashScale>
			</li>
		</verbs>
		<tools>
			<li>
				<label>stock</label>
				<capacities>
					<li>Blunt</li>
				</capacities>
				<power>14</power>
				<cooldownTime>2</cooldownTime>
			</li>
			<li>
				<label>barrel</label>
				<capacities>
					<li>Blunt</li>
					<li>Poke</li>
				</capacities>
				<power>9</power>
				<cooldownTime>2</cooldownTime>
			</li>
		</tools>
		<comps>
			<li Class="ModularWeapons.CompProperties_ModularParts">
				<compClass>ModularWeapons.CompModularParts</compClass>
				<bundlePackageId>guy762.KotORWeaponsArmor</bundlePackageId>
				<partKinds>
					<li>guy762_slot_scope</li>
					<li>guy762_slot_chamber</li>
					<li>guy762_slot_trigger_lgtrep</li>
				</partKinds>
			</li>
		</comps>
	</ThingDef>
	
	
	<!--damage tier +2-->
	
	
	<ThingDef ParentName="KotORRangedModdable_TwoHand">
		<defName>guy762_lgtrepeater_enforcer</defName>
		<label>Combat Enforcer</label>
		<description>This powerful repeating blaster inflicts incredible pain and damage upon its victim, but is difficult to use effectively. Its origin is unclear, though there are some similarities to its design and that of Mandalorian weapons.</description>
		<techLevel>Spacer</techLevel>
		<thingClass>ThingWithComps</thingClass>
		<graphicData>
			<texPath>kotorlgtrepeater_enforcer</texPath>
			<graphicClass>ModularWeapons.Graphic_Modular</graphicClass>
		</graphicData>
		<soundInteract>kotorsound_select_dis</soundInteract>
		<statBases>
			<MarketValue>4825</MarketValue>
			<Mass>6.5</Mass>
			<AccuracyTouch>0.30</AccuracyTouch>
			<AccuracyShort>0.40</AccuracyShort>
			<AccuracyMedium>0.25</AccuracyMedium>
			<AccuracyLong>0.15</AccuracyLong>
			<RangedWeapon_Cooldown>2</RangedWeapon_Cooldown>
			<RangedWeapon_DamageMultiplier>1.3</RangedWeapon_DamageMultiplier>
		</statBases>
		<weaponTags Inherit="False">
			<li>KotORRanged_strong</li>
			<li>MNC_commando</li>
			<li>MNC_champion</li>
			<li>HC_elite</li>
			<li>SaV_elite</li>
			<li>SaV_bountyhunter_hvy</li>
			<li>SaV_gangboss</li>
		</weaponTags>
		<tradeTags Inherit="False">
			<li>guy762TT_KotORRanged</li>
		</tradeTags>
		<verbs>
			<li>
				<verbClass>Verb_Shoot</verbClass>
				<hasStandardCommand>true</hasStandardCommand>
				<defaultProjectile>KotORBlasterBolt_default</defaultProjectile>
				<warmupTime>2.25</warmupTime>
				<range>28</range>
				<ticksBetweenBurstShots>13</ticksBetweenBurstShots>
				<burstShotCount>6</burstShotCount>
				<soundCast>kotorsound_rifle</soundCast>
				<soundCastTail>GunTail_Medium</soundCastTail>
				<muzzleFlashScale>9</muzzleFlashScale>
			</li>
		</verbs>
		<tools>
			<li>
				<label>stock</label>
				<capacities>
					<li>Blunt</li>
				</capacities>
				<power>14</power>
				<cooldownTime>2</cooldownTime>
			</li>
			<li>
				<label>barrel</label>
				<capacities>
					<li>Blunt</li>
					<li>Poke</li>
				</capacities>
				<power>9</power>
				<cooldownTime>2</cooldownTime>
			</li>
		</tools>
		<comps>
			<li Class="ModularWeapons.CompProperties_ModularParts">
				<compClass>ModularWeapons.CompModularParts</compClass>
				<bundlePackageId>guy762.KotORWeaponsArmor</bundlePackageId>
				<partKinds>
					<li>guy762_slot_power</li>
					<li>guy762_slot_chamber</li>
					<li>guy762_slot_trigger_lgtrep</li>
				</partKinds>
			</li>
		</comps>
	</ThingDef>

	
	<!--damage tier +3-->
	
	
	<ThingDef ParentName="KotORRangedModdable_TwoHand">
		<defName>guy762_lgtrepeater_baragwin</defName>
		<label>Baragwin Assault Gun</label>
		<description>This light repeating blaster is an excellent example of the Baragwin aptitude for weaponry. By taking and modifying an existing repeating blaster design, the Baragwin have managed to greatly increase the damage output and added additional functionality with a variety of upgrade options.</description>
		<techLevel>Spacer</techLevel>
		<thingClass>ThingWithComps</thingClass>
		<graphicData>
			<texPath>kotorlgtrepeater_baragwin</texPath>
			<graphicClass>ModularWeapons.Graphic_Modular</graphicClass>
		</graphicData>
		<soundInteract>kotorsound_select_dis</soundInteract>
		<statBases>
			<MarketValue>15000</MarketValue>
			<Mass>6.5</Mass>
			<AccuracyTouch>0.40</AccuracyTouch>
			<AccuracyShort>0.50</AccuracyShort>
			<AccuracyMedium>0.35</AccuracyMedium>
			<AccuracyLong>0.25</AccuracyLong>
			<RangedWeapon_Cooldown>2</RangedWeapon_Cooldown>
			<RangedWeapon_DamageMultiplier>1.4</RangedWeapon_DamageMultiplier>
		</statBases>
		<weaponTags Inherit="False">
			<li>KotORRanged_strong</li>
			<li>OR_commando</li>
			<li>MNC_champion</li>
			<li>SaV_crimelord</li>
			<li>SaV_bountyhunter_star</li>
		</weaponTags>
		<tradeTags Inherit="False">
			<li>guy762TT_KotORElite</li>
			<li>guy762TT_Baragwin</li>
		</tradeTags>
		<verbs>
			<li>
				<verbClass>Verb_Shoot</verbClass>
				<hasStandardCommand>true</hasStandardCommand>
				<defaultProjectile>KotORBlasterBolt_default</defaultProjectile>
				<warmupTime>2.25</warmupTime>
				<range>28</range>
				<ticksBetweenBurstShots>13</ticksBetweenBurstShots>
				<burstShotCount>6</burstShotCount>
				<soundCast>kotorsound_rifle</soundCast>
				<soundCastTail>GunTail_Medium</soundCastTail>
				<muzzleFlashScale>9</muzzleFlashScale>
			</li>
		</verbs>
		<tools>
			<li>
				<label>stock</label>
				<capacities>
					<li>Blunt</li>
				</capacities>
				<power>14</power>
				<cooldownTime>2</cooldownTime>
			</li>
			<li>
				<label>barrel</label>
				<capacities>
					<li>Blunt</li>
					<li>Poke</li>
				</capacities>
				<power>9</power>
				<cooldownTime>2</cooldownTime>
			</li>
		</tools>
		<comps>
			<li Class="ModularWeapons.CompProperties_ModularParts">
				<compClass>ModularWeapons.CompModularParts</compClass>
				<bundlePackageId>guy762.KotORWeaponsArmor</bundlePackageId>
				<partKinds>
					<li>guy762_slot_scope</li>
					<li>guy762_slot_power</li>
					<li>guy762_slot_chamber</li>
					<li>guy762_slot_trigger_lgtrep</li>
				</partKinds>
			</li>
		</comps>
	</ThingDef>
	
	
	<!--damage tier +4-->
	
	
	
	
	
	<!--special-->
	
	
	<ThingDef ParentName="KotORRangedWeapon_TwoHand">
		<defName>guy762_lgtrepeater_onderon</defName>
		<label>Onderon Repeating Carbine</label>
		<description>These weapons were employed by the elite troops of Iziz during the Battle of Onderon. The power of these carbines, combined with their high rate of fire, was believed to play a considerable role in the rout of the Mandalorian forces.</description>
		<techLevel>Spacer</techLevel>
		<graphicData>
			<texPath>kotorlgtrepeater_onderon</texPath>
			<graphicClass>Graphic_Single</graphicClass>
		</graphicData>
		<soundInteract>kotorsound_select_slug</soundInteract>
		<statBases>
			<MarketValue>21775</MarketValue>
			<Mass>5.5</Mass>
			<AccuracyTouch>0.55</AccuracyTouch>
			<AccuracyShort>0.65</AccuracyShort>
			<AccuracyMedium>0.30</AccuracyMedium>
			<AccuracyLong>0.20</AccuracyLong>
			<RangedWeapon_Cooldown>2</RangedWeapon_Cooldown>
			<RangedWeapon_DamageMultiplier>1.1</RangedWeapon_DamageMultiplier>
		</statBases>
		<weaponTags Inherit="False">
			<li>KotORRanged_rare</li>
			<li>PM_veteran</li>
			<li>MNC_champion</li>
			<li>SaV_gangboss</li>
			<li>SaV_crimelord</li>
			<li>SaV_bountyhunter_star</li>
		</weaponTags>
		<tradeTags Inherit="False">
			<li>guy762TT_KotORAntique</li>
			<li>guy762TT_KotORLegendary</li>
		</tradeTags>
		<verbs>
			<li>
				<verbClass>Verb_Shoot</verbClass>
				<hasStandardCommand>true</hasStandardCommand>
				<defaultProjectile>KotORBlasterBolt_default</defaultProjectile>
				<warmupTime>1.25</warmupTime>
				<range>25</range>
				<ticksBetweenBurstShots>10</ticksBetweenBurstShots>
				<burstShotCount>6</burstShotCount>
				<soundCast>kotorsound_rifle</soundCast>
				<soundCastTail>GunTail_Medium</soundCastTail>
				<muzzleFlashScale>9</muzzleFlashScale>
			</li>
			<li>
				<label>adv. rapid shot</label>
				<!--description>Fire extra bolts with reduced accuracy.</description>
				<iconPath>UI/Improved_Rapid_Shot</iconPath-->
				<commandIcon>UI/Improved_Rapid_Shot</commandIcon>
				<verbClass>Verb_Shoot</verbClass>
				<hasStandardCommand>true</hasStandardCommand>
				<defaultProjectile>KotORBlasterBolt_default</defaultProjectile>
				<warmupTime>4</warmupTime>
				<defaultCooldownTime>4</defaultCooldownTime>
				<range>23</range>
				<ticksBetweenBurstShots>8</ticksBetweenBurstShots>
				<burstShotCount>15</burstShotCount>
				<forcedMissRadius>2</forcedMissRadius>
				<soundCast>kotorsound_rifle</soundCast>
				<soundCastTail>GunTail_Medium</soundCastTail>
				<muzzleFlashScale>9</muzzleFlashScale>
				<ai_IsWeapon>true</ai_IsWeapon>
			</li>
		</verbs>
		<tools>
			<li>
				<label>stock</label>
				<capacities>
					<li>Blunt</li>
				</capacities>
				<power>14</power>
				<cooldownTime>2</cooldownTime>
			</li>
			<li>
				<label>barrel</label>
				<capacities>
					<li>Blunt</li>
					<li>Poke</li>
				</capacities>
				<power>9</power>
				<cooldownTime>2</cooldownTime>
			</li>
		</tools>
		<thingSetMakerTags>
		  <li>RewardStandardLowFreq</li>
		</thingSetMakerTags>
	</ThingDef>
	
	
	<!--legendaries-->
	
	
	<ThingDef ParentName="KotORRangedModdable_TwoHand">
		<defName>guy762_lgtrepeater_mandalore</defName>
		<label>Mandalore's Assault Rifle</label>
		<description>A repeating blaster supposedly used by Mandalore the Ultimate himself. It is unknown how it survived the apocalyptic Battle of Malachor V and found its way onto this lowly rim world.</description>
		<techLevel>Spacer</techLevel>
		<thingClass>ThingWithComps</thingClass>
		<graphicData>
			<texPath>kotorlgtrepeater_mandalore</texPath>
			<graphicClass>ModularWeapons.Graphic_Modular</graphicClass>
		</graphicData>
		<soundInteract>kotorsound_select_dis</soundInteract>
		<statBases>
			<MarketValue>99999</MarketValue>
			<Mass>6.5</Mass>
			<AccuracyTouch>0.65</AccuracyTouch>
			<AccuracyShort>0.75</AccuracyShort>
			<AccuracyMedium>0.60</AccuracyMedium>
			<AccuracyLong>0.50</AccuracyLong>
			<RangedWeapon_Cooldown>2</RangedWeapon_Cooldown>
			<RangedWeapon_DamageMultiplier>1.5</RangedWeapon_DamageMultiplier>
		</statBases>
		<weaponTags Inherit="False">
			<li>MNC_mandalore</li>
		</weaponTags>
		<tradeTags Inherit="False">
			<li>guy762TT_KotORLegendary</li>
		</tradeTags>
		<verbs>
			<li>
				<verbClass>Verb_Shoot</verbClass>
				<hasStandardCommand>true</hasStandardCommand>
				<defaultProjectile>KotORBlasterBolt_default</defaultProjectile>
				<warmupTime>2.25</warmupTime>
				<range>28</range>
				<ticksBetweenBurstShots>13</ticksBetweenBurstShots>
				<burstShotCount>6</burstShotCount>
				<soundCast>kotorsound_rifle</soundCast>
				<soundCastTail>GunTail_Medium</soundCastTail>
				<muzzleFlashScale>9</muzzleFlashScale>
			</li>
		</verbs>
		<tools>
			<li>
				<label>stock</label>
				<capacities>
					<li>Blunt</li>
				</capacities>
				<power>14</power>
				<cooldownTime>2</cooldownTime>
			</li>
			<li>
				<label>barrel</label>
				<capacities>
					<li>Blunt</li>
					<li>Poke</li>
				</capacities>
				<power>9</power>
				<cooldownTime>2</cooldownTime>
			</li>
		</tools>
		<comps>
			<li Class="ModularWeapons.CompProperties_ModularParts">
				<compClass>ModularWeapons.CompModularParts</compClass>
				<bundlePackageId>guy762.KotORWeaponsArmor</bundlePackageId>
				<partKinds>
					<li>guy762_slot_scope</li>
					<li>guy762_slot_power</li>
					<li>guy762_slot_chamber</li>
					<li>guy762_slot_trigger_lgtrep</li>
					<li>guy762_slot_beam</li>
				</partKinds>
			</li>
		</comps>
	</ThingDef>
	
	

</Defs>