﻿<?xml version="1.0" encoding="utf-8"?>
<Defs>

  <ThingDef ParentName="guy762_kotorshortsaber">
    <defName>SWSaber_KotOR_shortsaber_red</defName>
	<costList>
		<guy762_crystalitem_red>1</guy762_crystalitem_red>
	</costList>
	<weaponTags Inherit="False">
		<li>SE_sithsaber_dual</li>
		<li>SaV_darkjedisaber</li>
	</weaponTags>
    <comps>
	  <li Class="ModularWeapons.CompProperties_ModularParts">
		<compClass>ModularWeapons.CompModularParts</compClass>
		<bundlePackageId>guy762.KotORWeaponsArmor</bundlePackageId>
		<partKinds>
			<li>guy762_slot_colorcrystal</li>
			<li>guy762_slot_focuscrystal</li>
			<!--li>guy762_slot_lens</li>
			<li>guy762_slot_emitter</li-->
		</partKinds>
		<majorKinds>
			<li>guy762_slot_colorcrystal</li>
		</majorKinds>
		<randomizeParts>false</randomizeParts>
		<defaultParts>
			<li>guy762_colorcrystal_red</li>
		</defaultParts>
	  </li>
    </comps>
  </ThingDef>
  
  <ThingDef ParentName="guy762_kotorshortsaber">
    <defName>SWSaber_KotOR_shortsaber_orange</defName>
	<costList>
		<guy762_crystalitem_orange>1</guy762_crystalitem_orange>
	</costList>
	<weaponTags Inherit="False">
		<li>SaV_darkjedisaber</li>
	</weaponTags>
    <comps>
	  <li Class="ModularWeapons.CompProperties_ModularParts">
		<compClass>ModularWeapons.CompModularParts</compClass>
		<bundlePackageId>guy762.KotORWeaponsArmor</bundlePackageId>
		<partKinds>
			<li>guy762_slot_colorcrystal</li>
			<li>guy762_slot_focuscrystal</li>
			<!--li>guy762_slot_lens</li>
			<li>guy762_slot_emitter</li-->
		</partKinds>
		<majorKinds>
			<li>guy762_slot_colorcrystal</li>
		</majorKinds>
		<randomizeParts>false</randomizeParts>
		<defaultParts>
			<li>guy762_colorcrystal_orange</li>
		</defaultParts>
	  </li>
    </comps>
  </ThingDef>
  
  <ThingDef ParentName="guy762_kotorshortsaber">
    <defName>SWSaber_KotOR_shortsaber_yellow</defName>
	<costList>
		<guy762_crystalitem_yellow>1</guy762_crystalitem_yellow>
	</costList>
	<weaponTags Inherit="False">
		<li>OR_jedisaber_dual</li>
		<li>OR_jedisentinel</li>
		<li>SaV_jediexilesaber</li>
	</weaponTags>
    <comps>
	  <li Class="ModularWeapons.CompProperties_ModularParts">
		<compClass>ModularWeapons.CompModularParts</compClass>
		<bundlePackageId>guy762.KotORWeaponsArmor</bundlePackageId>
		<partKinds>
			<li>guy762_slot_colorcrystal</li>
			<li>guy762_slot_focuscrystal</li>
			<!--li>guy762_slot_lens</li>
			<li>guy762_slot_emitter</li-->
		</partKinds>
		<majorKinds>
			<li>guy762_slot_colorcrystal</li>
		</majorKinds>
		<randomizeParts>false</randomizeParts>
		<defaultParts>
			<li>guy762_colorcrystal_yellow</li>
		</defaultParts>
	  </li>
    </comps>
  </ThingDef>
  
  <ThingDef ParentName="guy762_kotorshortsaber">
    <defName>SWSaber_KotOR_shortsaber_green</defName>
	<costList>
		<guy762_crystalitem_green>1</guy762_crystalitem_green>
	</costList>
	<weaponTags Inherit="False">
		<li>OR_jedisaber_dual</li>
		<li>SaV_jediexilesaber</li>
	</weaponTags>
    <comps>
	  <li Class="ModularWeapons.CompProperties_ModularParts">
		<compClass>ModularWeapons.CompModularParts</compClass>
		<bundlePackageId>guy762.KotORWeaponsArmor</bundlePackageId>
		<partKinds>
			<li>guy762_slot_colorcrystal</li>
			<li>guy762_slot_focuscrystal</li>
			<!--li>guy762_slot_lens</li>
			<li>guy762_slot_emitter</li-->
		</partKinds>
		<majorKinds>
			<li>guy762_slot_colorcrystal</li>
		</majorKinds>
		<randomizeParts>false</randomizeParts>
		<defaultParts>
			<li>guy762_colorcrystal_green</li>
		</defaultParts>
	  </li>
    </comps>
  </ThingDef>
  
  <ThingDef ParentName="guy762_kotorshortsaber">
    <defName>SWSaber_KotOR_shortsaber_blue</defName>
	<costList>
		<guy762_crystalitem_blue>1</guy762_crystalitem_blue>
	</costList>
	<weaponTags Inherit="False">
		<li>OR_jedisaber_dual</li>
		<li>SaV_jediexilesaber</li>
	</weaponTags>
    <comps>
	  <li Class="ModularWeapons.CompProperties_ModularParts">
		<compClass>ModularWeapons.CompModularParts</compClass>
		<bundlePackageId>guy762.KotORWeaponsArmor</bundlePackageId>
		<partKinds>
			<li>guy762_slot_colorcrystal</li>
			<li>guy762_slot_focuscrystal</li>
			<!--li>guy762_slot_lens</li>
			<li>guy762_slot_emitter</li-->
		</partKinds>
		<majorKinds>
			<li>guy762_slot_colorcrystal</li>
		</majorKinds>
		<randomizeParts>false</randomizeParts>
		<defaultParts>
			<li>guy762_colorcrystal_blue</li>
		</defaultParts>
	  </li>
    </comps>
  </ThingDef>
  
  <ThingDef ParentName="guy762_kotorshortsaber">
    <defName>SWSaber_KotOR_shortsaber_purple</defName>
	<costList>
		<guy762_crystalitem_purple>1</guy762_crystalitem_purple>
	</costList>
	<weaponTags Inherit="False">
		<li>OR_jedisaber_dual</li>
		<li>SE_sithsaber_dual</li>
		<li>SaV_darkjedisaber</li>
		<li>SaV_jediexilesaber</li>
	</weaponTags>
    <comps>
	  <li Class="ModularWeapons.CompProperties_ModularParts">
		<compClass>ModularWeapons.CompModularParts</compClass>
		<bundlePackageId>guy762.KotORWeaponsArmor</bundlePackageId>
		<partKinds>
			<li>guy762_slot_colorcrystal</li>
			<li>guy762_slot_focuscrystal</li>
			<!--li>guy762_slot_lens</li>
			<li>guy762_slot_emitter</li-->
		</partKinds>
		<majorKinds>
			<li>guy762_slot_colorcrystal</li>
		</majorKinds>
		<randomizeParts>false</randomizeParts>
		<defaultParts>
			<li>guy762_colorcrystal_purple</li>
		</defaultParts>
	  </li>
    </comps>
  </ThingDef>
  
  <ThingDef ParentName="guy762_kotorshortsaber">
    <defName>SWSaber_KotOR_shortsaber_white</defName>
	<costList>
		<guy762_crystalitem_white>1</guy762_crystalitem_white>
	</costList>
	<weaponTags Inherit="False">
		<li>SaV_jediexilesaber</li>
	</weaponTags>
    <comps>
	  <li Class="ModularWeapons.CompProperties_ModularParts">
		<compClass>ModularWeapons.CompModularParts</compClass>
		<bundlePackageId>guy762.KotORWeaponsArmor</bundlePackageId>
		<partKinds>
			<li>guy762_slot_colorcrystal</li>
			<li>guy762_slot_focuscrystal</li>
			<!--li>guy762_slot_lens</li>
			<li>guy762_slot_emitter</li-->
		</partKinds>
		<majorKinds>
			<li>guy762_slot_colorcrystal</li>
		</majorKinds>
		<randomizeParts>false</randomizeParts>
		<defaultParts>
			<li>guy762_colorcrystal_white</li>
		</defaultParts>
	  </li>
    </comps>
  </ThingDef>
  
  
  
  
  
  
  
  
  
  
  
  
  
  
  <ThingDef ParentName="guy762_kotorshortsaber">
    <defName>SWSaber_KotOR_naddsaber</defName>
	<label>Freedon Nadd's short lightsaber</label>
	<description>This short lightsaber once belonged to the powerful Sith Lord Freedon Nadd. Freedon Nadd trained with (and later destroyed) Naga Sadow's spirit and brought the power of the dark side to Onderon.</description>
	<statBases>
      <MarketValue>100000</MarketValue>
    </statBases>
	<costList>
		<guy762_crystalitem_heart>1</guy762_crystalitem_heart>
	</costList>
	<recipeMaker Inherit="False">
	  <soundWorking>kotorsound_upgrade</soundWorking>
	  <recipeUsers>
		<li>guy762_KotORWorkbench</li>
	  </recipeUsers>
	  <researchPrerequisite>guy762_ResearchKotOR_uncraftable</researchPrerequisite>
	</recipeMaker>
	<weaponTags Inherit="False">
		<li>KotORMelee_legendary</li>
		<li>SE_nihilite</li>
	</weaponTags>
	<tradeTags Inherit="False">
		<li>guy762TT_KotORLegendary</li>
	</tradeTags>
	<relicChance>5</relicChance>
    <comps>
	  <li Class="ModularWeapons.CompProperties_ModularParts">
		<compClass>ModularWeapons.CompModularParts</compClass>
		<bundlePackageId>guy762.KotORWeaponsArmor</bundlePackageId>
		<partKinds>
			<li>guy762_slot_naddsabercolor</li>
			<li>guy762_slot_focuscrystal</li>
			<!--li>guy762_slot_lens</li>
			<li>guy762_slot_emitter</li-->
		</partKinds>
		<majorKinds>
			<li>guy762_slot_naddsabercolor</li>
		</majorKinds>
		<randomizeParts>true</randomizeParts>
		<defaultParts>
			<li>guy762_colorcrystal_nadd</li>
		</defaultParts>
	  </li>
    </comps>
  </ThingDef>
 
  

  
</Defs>