<?xml version="1.0" encoding="utf-8" ?>
<Defs>

	<ThingDef ParentName="KotORRangedMakeable_TwoHand">
		<defName>guy762_ionrifle</defName>
		<label>ion rifle</label>
		<description>Any well-stocked militia usually has stores of ion rifles in reserve. They aren't much use against the living, but if the enemy has battle droids these weapons become essential.</description>
		<techLevel>Spacer</techLevel>
		<graphicData>
			<texPath>kotorionrifle</texPath>
			<graphicClass>Graphic_Single</graphicClass>
		</graphicData>
		<equippedAngleOffset>45</equippedAngleOffset>
		<soundInteract>kotorsound_select_ion</soundInteract>
		<statBases>
			<MarketValue>580</MarketValue>
			<WorkToMake>56000</WorkToMake>
			<Mass>6</Mass>
			<AccuracyTouch>0.45</AccuracyTouch>
			<AccuracyShort>0.65</AccuracyShort>
			<AccuracyMedium>0.80</AccuracyMedium>
			<AccuracyLong>0.70</AccuracyLong>
			<RangedWeapon_Cooldown>1.5</RangedWeapon_Cooldown>
			<RangedWeapon_DamageMultiplier>1.2</RangedWeapon_DamageMultiplier>
		</statBases>
		<recipeMaker>
			<researchPrerequisite>guy762_ResearchKotOR_ion</researchPrerequisite>
			<skillRequirements>
				<Crafting>6</Crafting>
			</skillRequirements>
		</recipeMaker>
		<costList>
			<Plasteel>25</Plasteel>
			<Steel>20</Steel>
			<Chemfuel>20</Chemfuel>
			<ComponentSpacer>4</ComponentSpacer>
		</costList>
		<weaponTags>
			<li>SpacerGun</li>
			<li>KotORRanged_ion</li>
			<li>KotORRanged_weak</li>
			<li>PM_heavy</li>
			<li>SE_lieutenant</li>
			<li>OR_heavy</li>
		</weaponTags>
		<tradeTags Inherit="False">
			<li>guy762TT_KotORGeneric_adv</li>
			<li>guy762TT_KotORRanged</li>
		</tradeTags>
		<verbs>
			<li>
				<verbClass>Verb_Shoot</verbClass>
				<hasStandardCommand>true</hasStandardCommand>
				<defaultProjectile>KotORIonBolt_default</defaultProjectile>
				<warmupTime>1.75</warmupTime>
				<range>28</range>
				<ticksBetweenBurstShots>20</ticksBetweenBurstShots>
				<burstShotCount>3</burstShotCount>
				<soundCast>kotorsound_rifle</soundCast>
				<soundCastTail>GunTail_Medium</soundCastTail>
				<muzzleFlashScale>9</muzzleFlashScale>
			</li>
		</verbs>
		<tools>
			<li>
				<label>stock</label>
				<capacities>
					<li>Blunt</li>
				</capacities>
				<power>12</power>
				<cooldownTime>2</cooldownTime>
			</li>
			<li>
				<label>barrel</label>
				<capacities>
					<li>Blunt</li>
					<li>Poke</li>
				</capacities>
				<power>9</power>
				<cooldownTime>2</cooldownTime>
			</li>
		</tools>
		<thingSetMakerTags>
		  <li>RewardStandardLowFreq</li>
		  <li>RewardStandardQualitySuper</li>
		</thingSetMakerTags>
	</ThingDef>
	
	<ThingDef ParentName="KotORRangedMakeable_TwoHand">
		<defName>guy762_ionrifle_carbine</defName>
		<label>ion carbine</label>
		<description>Ion Carbines are versatile, low-end rifles. They are sometimes given to combat droids to provide an edge against other droid armies.</description>
		<techLevel>Spacer</techLevel>
		<graphicData>
			<texPath>kotorioncarbine</texPath>
			<graphicClass>Graphic_Single</graphicClass>
		</graphicData>
		<equippedAngleOffset>45</equippedAngleOffset>
		<soundInteract>kotorsound_select_ion</soundInteract>
		<statBases>
			<MarketValue>400</MarketValue>
			<WorkToMake>53500</WorkToMake>
			<Mass>5</Mass>
			<AccuracyTouch>0.55</AccuracyTouch>
			<AccuracyShort>0.65</AccuracyShort>
			<AccuracyMedium>0.55</AccuracyMedium>
			<AccuracyLong>0.45</AccuracyLong>
			<RangedWeapon_Cooldown>1.5</RangedWeapon_Cooldown>
			<RangedWeapon_DamageMultiplier>1.1</RangedWeapon_DamageMultiplier>
		</statBases>
		<recipeMaker>
			<researchPrerequisite>guy762_ResearchKotOR_ion</researchPrerequisite>
			<skillRequirements>
				<Crafting>6</Crafting>
			</skillRequirements>
		</recipeMaker>
		<costList>
			<Plasteel>20</Plasteel>
			<Steel>15</Steel>
			<Chemfuel>15</Chemfuel>
			<ComponentSpacer>4</ComponentSpacer>
		</costList>
		<weaponTags>
			<li>SpacerGun</li>
			<li>KotORRanged_ion</li>
			<li>KotORRanged_weak</li>
			<li>SaV_jawa</li>
			<li>SE_engineer</li>
		</weaponTags>
		<tradeTags Inherit="False">
			<li>guy762TT_KotORGeneric_adv</li>
			<li>guy762TT_KotORRanged</li>
		</tradeTags>
		<verbs>
			<li>
				<verbClass>Verb_Shoot</verbClass>
				<hasStandardCommand>true</hasStandardCommand>
				<defaultProjectile>KotORIonBolt_default</defaultProjectile>
				<warmupTime>1</warmupTime>
				<range>25</range>
				<ticksBetweenBurstShots>16</ticksBetweenBurstShots>
				<burstShotCount>3</burstShotCount>
				<soundCast>kotorsound_rifle</soundCast>
				<soundCastTail>GunTail_Medium</soundCastTail>
				<muzzleFlashScale>9</muzzleFlashScale>
			</li>
		</verbs>
		<tools>
			<li>
				<label>stock</label>
				<capacities>
					<li>Blunt</li>
				</capacities>
				<power>12</power>
				<cooldownTime>2</cooldownTime>
			</li>
			<li>
				<label>barrel</label>
				<capacities>
					<li>Blunt</li>
					<li>Poke</li>
				</capacities>
				<power>9</power>
				<cooldownTime>2</cooldownTime>
			</li>
		</tools>
		<thingSetMakerTags>
		  <li>RewardStandardLowFreq</li>
		  <li>RewardStandardQualitySuper</li>
		</thingSetMakerTags>
	</ThingDef>
	
	
	<!--damage tier +1-->
	
	
	<ThingDef ParentName="KotORRangedModdable_TwoHand">
		<defName>guy762_ionrifle_bothan</defName>
		<label>Bothan Droid Disruptor</label>
		<description>Droids can be difficult obstacles for a spy, but these weapons take all the guesswork out of dealing with them.</description>
		<techLevel>Spacer</techLevel>
		<graphicData>
			<texPath>kotorionrifle_bothan</texPath>
			<graphicClass>ModularWeapons.Graphic_Modular</graphicClass>
		</graphicData>
		<equippedAngleOffset>45</equippedAngleOffset>
		<soundInteract>kotorsound_select_ion</soundInteract>
		<statBases>
			<MarketValue>750</MarketValue>
			<Mass>6</Mass>
			<AccuracyTouch>0.50</AccuracyTouch>
			<AccuracyShort>0.70</AccuracyShort>
			<AccuracyMedium>0.85</AccuracyMedium>
			<AccuracyLong>0.75</AccuracyLong>
			<RangedWeapon_Cooldown>1.5</RangedWeapon_Cooldown>
			<RangedWeapon_DamageMultiplier>1.3</RangedWeapon_DamageMultiplier>
		</statBases>
		<weaponTags>
			<li>KotORRanged_ion</li>
			<li>SE_heavy</li>
			<li>SaV_bothanspy</li>
		</weaponTags>
		<tradeTags Inherit="False">
			<li>guy762TT_KotORRanged</li>
		</tradeTags>
		<verbs>
			<li>
				<verbClass>Verb_Shoot</verbClass>
				<hasStandardCommand>true</hasStandardCommand>
				<defaultProjectile>KotORIonBolt_default</defaultProjectile>
				<warmupTime>1.75</warmupTime>
				<range>28</range>
				<ticksBetweenBurstShots>20</ticksBetweenBurstShots>
				<burstShotCount>3</burstShotCount>
				<soundCast>kotorsound_rifle</soundCast>
				<soundCastTail>GunTail_Medium</soundCastTail>
				<muzzleFlashScale>9</muzzleFlashScale>
			</li>
		</verbs>
		<tools>
			<li>
				<label>stock</label>
				<capacities>
					<li>Blunt</li>
				</capacities>
				<power>12</power>
				<cooldownTime>2</cooldownTime>
			</li>
			<li>
				<label>barrel</label>
				<capacities>
					<li>Blunt</li>
					<li>Poke</li>
				</capacities>
				<power>9</power>
				<cooldownTime>2</cooldownTime>
			</li>
		</tools>
		<comps>
			<li Class="ModularWeapons.CompProperties_ModularParts">
				<compClass>ModularWeapons.CompModularParts</compClass>
				<bundlePackageId>guy762.KotORWeaponsArmor</bundlePackageId>
				<partKinds>
					<li>guy762_slot_scope</li>
					<li>guy762_slot_chamber</li>
					<li>guy762_slot_beam_ion</li>
				</partKinds>
			</li>
		</comps>
		<thingSetMakerTags>
		  <li>RewardStandardHighFreq</li>
		</thingSetMakerTags>
	</ThingDef>
	
	
	
	<!--damage tier +2-->
	
	
	<ThingDef ParentName="KotORRangedModdable_TwoHand">
		<defName>guy762_ionrifle_verpine</defName>
		<label>Verpine Droid Disintegrator</label>
		<description>While they may have borrowed liberally from designs the Bothans initiated, the Verpine say you can't argue with results. These weapons are simply devastating against droids.</description>
		<techLevel>Spacer</techLevel>
		<graphicData>
			<texPath>kotorionrifle_verpine</texPath>
			<graphicClass>ModularWeapons.Graphic_Modular</graphicClass>
		</graphicData>
		<equippedAngleOffset>45</equippedAngleOffset>
		<soundInteract>kotorsound_select_ion</soundInteract>
		<statBases>
			<MarketValue>1750</MarketValue>
			<Mass>6</Mass>
			<AccuracyTouch>0.55</AccuracyTouch>
			<AccuracyShort>0.75</AccuracyShort>
			<AccuracyMedium>0.90</AccuracyMedium>
			<AccuracyLong>0.80</AccuracyLong>
			<RangedWeapon_Cooldown>1.5</RangedWeapon_Cooldown>
			<RangedWeapon_DamageMultiplier>1.4</RangedWeapon_DamageMultiplier>
		</statBases>
		<weaponTags Inherit="False">
			<li>KotORRanged_ion</li>
			<li>OR_commando</li>
		</weaponTags>
		<tradeTags Inherit="False">
			<li>guy762TT_KotORRanged</li>
		</tradeTags>
		<verbs>
			<li>
				<verbClass>Verb_Shoot</verbClass>
				<hasStandardCommand>true</hasStandardCommand>
				<defaultProjectile>KotORIonBolt_default</defaultProjectile>
				<warmupTime>1.75</warmupTime>
				<range>28</range>
				<ticksBetweenBurstShots>20</ticksBetweenBurstShots>
				<burstShotCount>3</burstShotCount>
				<soundCast>kotorsound_rifle</soundCast>
				<soundCastTail>GunTail_Medium</soundCastTail>
				<muzzleFlashScale>9</muzzleFlashScale>
			</li>
		</verbs>
		<tools>
			<li>
				<label>stock</label>
				<capacities>
					<li>Blunt</li>
				</capacities>
				<power>12</power>
				<cooldownTime>2</cooldownTime>
			</li>
			<li>
				<label>barrel</label>
				<capacities>
					<li>Blunt</li>
					<li>Poke</li>
				</capacities>
				<power>9</power>
				<cooldownTime>2</cooldownTime>
			</li>
		</tools>
		<comps>
			<li Class="ModularWeapons.CompProperties_ModularParts">
				<compClass>ModularWeapons.CompModularParts</compClass>
				<bundlePackageId>guy762.KotORWeaponsArmor</bundlePackageId>
				<partKinds>
					<li>guy762_slot_scope</li>
					<li>guy762_slot_power_ion</li>
					<li>guy762_slot_chamber</li>
					<li>guy762_slot_trigger_ion</li>
				</partKinds>
			</li>
		</comps>
		<thingSetMakerTags>
		  <li>RewardStandardLowFreq</li>
		</thingSetMakerTags>
	</ThingDef>
	
	
	<!--damage tier +5-->
	
	
	
	
	
	<!--special-->
	
	
	
	
	
	<!--legendaries-->
	
	
	<ThingDef ParentName="KotORRangedModdable_TwoHand">
		<defName>guy762_ionrifle_baragwin</defName>
		<label>Baragwin Ion-X Weapon</label>
		<description>This weapon is an experimental Baragwin design that has been extensively modified by Suvam Tan. He has incorporated what he describes as a 'shaped-energy' delivery system into the weapon, which allows it to deliver concussive force on impact in addition to the weapon's normal energy discharge. Upgrades to the weapon could potentially greatly increase both its impact force and its penetration.</description>
		<techLevel>Spacer</techLevel>
		<graphicData>
			<texPath>kotorionrifle_baragwin</texPath>
			<graphicClass>ModularWeapons.Graphic_Modular</graphicClass>
		</graphicData>
		<equippedAngleOffset>45</equippedAngleOffset>
		<soundInteract>kotorsound_select_ion</soundInteract>
		<statBases>
			<MarketValue>12000</MarketValue>
			<Mass>6</Mass>
			<AccuracyTouch>0.60</AccuracyTouch>
			<AccuracyShort>0.80</AccuracyShort>
			<AccuracyMedium>0.95</AccuracyMedium>
			<AccuracyLong>0.85</AccuracyLong>
			<RangedWeapon_Cooldown>1.5</RangedWeapon_Cooldown>
			<RangedWeapon_DamageMultiplier>1.2</RangedWeapon_DamageMultiplier>
		</statBases>
		<weaponTags Inherit="False">
			<li>KotORRanged_legendary</li>
			<li>SaV_crimelord</li>
			<li>SaV_bountyhunter_star</li>
		</weaponTags>
		<tradeTags Inherit="False">
			<li>guy762TT_Baragwin</li>
			<li>guy762TT_KotORLegendary</li>
		</tradeTags>
		<verbs>
			<li>
				<verbClass>Verb_Shoot</verbClass>
				<hasStandardCommand>true</hasStandardCommand>
				<defaultProjectile>KotORIonBolt_baragwinX</defaultProjectile>
				<warmupTime>1.75</warmupTime>
				<range>28</range>
				<ticksBetweenBurstShots>20</ticksBetweenBurstShots>
				<burstShotCount>3</burstShotCount>
				<soundCast>kotorsound_rifle</soundCast>
				<soundCastTail>GunTail_Medium</soundCastTail>
				<muzzleFlashScale>9</muzzleFlashScale>
			</li>
		</verbs>
		<tools>
			<li>
				<label>stock</label>
				<capacities>
					<li>Blunt</li>
				</capacities>
				<power>12</power>
				<cooldownTime>2</cooldownTime>
			</li>
			<li>
				<label>barrel</label>
				<capacities>
					<li>Blunt</li>
					<li>Poke</li>
				</capacities>
				<power>9</power>
				<cooldownTime>2</cooldownTime>
			</li>
		</tools>
		<comps>
			<li Class="ModularWeapons.CompProperties_ModularParts">
				<compClass>ModularWeapons.CompModularParts</compClass>
				<bundlePackageId>guy762.KotORWeaponsArmor</bundlePackageId>
				<partKinds>
					<li>guy762_slot_scope</li>
					<li>guy762_slot_chamber</li>
				</partKinds>
			</li>
		</comps>
	</ThingDef>
	
	
	

</Defs>