﻿<?xml version="1.0" encoding="utf-8" ?>
<Defs>
  
  
  
  <ThingDef ParentName="guy762_DroidWeaponBase">
    <defName>guy762_DroidGadget_laser</defName>
    <label>Droid laser cutter</label>
    <description>This industrial droid-mounted laser can double as a makeshift weapon.\n\nThis is equipped to the "gadget" weapon mount.</description>
    <graphicData>
      <texPath>Items/droidweapon/droidweapon_lasercutter</texPath>
      <graphicClass>Graphic_Single</graphicClass>
    </graphicData>
    <statBases>
      <MarketValue>100</MarketValue>

	  <RangedWeapon_Cooldown>4</RangedWeapon_Cooldown>
    </statBases>
	<equippedStatOffsets>
	  <MiningSpeed>0.2</MiningSpeed>
	  <SmoothingSpeed>0.2</SmoothingSpeed>
	</equippedStatOffsets>
    <apparel>
      <bodyPartGroups>
        <li>guy762BG_Droid_GadgetMount</li>
      </bodyPartGroups>
	  <tags>
		<li>KotORDroidWeapon_weak</li>
		<li>KotORDroidWeapon_utilitydroid</li>
	  </tags>
    </apparel>
	<tradeTags>
      <li>guy762TT_DroidEquipment</li>
	  <li>guy762TT_DroidWeapons_utility</li>
    </tradeTags>
	<verbs>
		<li>
		  <label>laser cutter</label>
		  <commandIcon>Items/droidweapon/droidweapon_lasercutter</commandIcon>
		  <verbClass>AthenaFramework.Verb_ShootRunningBeam</verbClass>
		  <hasStandardCommand>true</hasStandardCommand>
		  <warmupTime>2</warmupTime>
		  <range>5</range>
		  <minRange>1.5</minRange>
		  <stopBurstWithoutLos>false</stopBurstWithoutLos>
		  <ticksBetweenBurstShots>5</ticksBetweenBurstShots>
		  <burstShotCount>12</burstShotCount>
		  <beamDamageDef>guy762_BeamDamage_energy</beamDamageDef>
		  <soundCastTail>GunTail_Medium</soundCastTail>
		  <muzzleFlashScale>9</muzzleFlashScale>
		  <soundCastBeam>kotorsound_stunbeam</soundCastBeam>
		  <beamGroundFleckDef>Fleck_BeamBurn</beamGroundFleckDef>
		  <beamFleckChancePerTick>0.32</beamFleckChancePerTick>
		  <beamMoteDef>guy762_Mote_BlasterBeam</beamMoteDef>
		  <beamEndEffecterDef>GraserBeam_End</beamEndEffecterDef>
		  <beamChanceToStartFire>0</beamChanceToStartFire>
		  <beamChanceToAttachFire>0</beamChanceToAttachFire>
		  <beamLineFleckDef>Fleck_BeamSpark</beamLineFleckDef>
		  <beamStartOffset>0.5</beamStartOffset>
		  <beamLineFleckChanceCurve>
			<points>
			  <li>(0, 0)</li>
			  <li>(0.65, 0.4)</li>
			  <li>(1, 0.75)</li>
			</points>
		  </beamLineFleckChanceCurve>
		  <ai_IsWeapon>true</ai_IsWeapon>
		  <onlyManualCast>true</onlyManualCast>
		</li>
	</verbs>
	<comps>
		<li Class="MVCF.Comps.CompProperties_VerbGiver">
			<verbProps>
				<li>
					<label>laser cutter</label>
					<visualLabel>mounted laser cutter</visualLabel>
					<canBeToggled>true</canBeToggled>
					<description>A mounted laser cutter.</description>
				</li>
			</verbProps>
		</li>
	</comps>
  </ThingDef>
  
  
  
  
  
  
  
  
  
  
  
  
  
  
  <ThingDef ParentName="guy762_DroidWeaponBase">
    <defName>guy762_DroidGadget_shock</defName>
    <label>Droid shock arm</label>
    <description>This unit is a popular upgrade for utility droids in that it is well hidden among the droid's other tools and delivers quite a jolt to the unsuspecting victim.\n\nThis is equipped to the "gadget" weapon mount.</description>
    <graphicData>
      <texPath>Items/droidweapon/droidweapon_shock</texPath>
      <graphicClass>Graphic_Single</graphicClass>
    </graphicData>
    <statBases>
      <MarketValue>240</MarketValue>

	  <RangedWeapon_Cooldown>2</RangedWeapon_Cooldown>
    </statBases>
    <apparel>
      <bodyPartGroups>
        <li>guy762BG_Droid_GadgetMount</li>
      </bodyPartGroups>
	  <tags>
		<li>KotORDroidWeapon_weak</li>
		<li>KotORDroidWeapon_utilitydroid</li>
	  </tags>
    </apparel>
	<tradeTags>
      <li>guy762TT_DroidEquipment</li>
	  <li>guy762TT_DroidWeapons_utility</li>
    </tradeTags>
	<verbs>
		<li>
		  <label>shock arm</label>
		  <commandIcon>Items/droidweapon/droidweapon_shock</commandIcon>
		  <verbClass>AthenaFramework.Verb_ShootRunningBeam</verbClass>
		  <hasStandardCommand>true</hasStandardCommand>
		  <warmupTime>1.5</warmupTime>
		  <range>5</range>
		  <minRange>1.5</minRange>
		  <stopBurstWithoutLos>false</stopBurstWithoutLos>
		  <ticksBetweenBurstShots>5</ticksBetweenBurstShots>
		  <burstShotCount>8</burstShotCount>
		  <beamDamageDef>guy762_BeamDamage_electrical</beamDamageDef>
		  <soundCastTail>GunTail_Medium</soundCastTail>
		  <muzzleFlashScale>9</muzzleFlashScale>
		  <soundCastBeam>kotorsound_ionbeam</soundCastBeam>
		  <beamGroundFleckDef>Fleck_BeamBurn</beamGroundFleckDef>
		  <beamFleckChancePerTick>0.32</beamFleckChancePerTick>
		  <beamMoteDef>guy762_Mote_ShockBeam</beamMoteDef>
		  <beamEndEffecterDef>GraserBeam_End</beamEndEffecterDef>
		  <beamChanceToStartFire>0</beamChanceToStartFire>
		  <beamChanceToAttachFire>0</beamChanceToAttachFire>
		  <beamLineFleckDef>Fleck_BeamSpark</beamLineFleckDef>
		  <beamStartOffset>0.5</beamStartOffset>
		  <beamLineFleckChanceCurve>
			<points>
			  <li>(0, 0)</li>
			  <li>(0.65, 0.4)</li>
			  <li>(1, 0.75)</li>
			</points>
		  </beamLineFleckChanceCurve>
		  <ai_IsWeapon>true</ai_IsWeapon>
		  <onlyManualCast>true</onlyManualCast>
		</li>
	</verbs>
	<comps>
		<li Class="MVCF.Comps.CompProperties_VerbGiver">
			<verbProps>
				<li>
					<label>shock arm</label>
					<visualLabel>mounted shock arm</visualLabel>
					<canBeToggled>true</canBeToggled>
					<description>A mounted shock arm.</description>
				</li>
			</verbProps>
		</li>
	</comps>
  </ThingDef>
  
  
  
  
  
  
  
  
  
  
  
  <ThingDef ParentName="guy762_DroidWeaponBase">
    <defName>guy762_DroidGadget_firefoam</defName>
    <label>Droid firefoam sprayer</label>
    <description>This compact firefoam applicator is required on automated starship repair crews by law nearly everywhere. Even just one of these can mean the difference between life and death.\n\nThis is equipped to the "gadget" weapon mount.</description>
    <graphicData>
      <texPath>Items/droidweapon/droidweapon_firefoam</texPath>
    </graphicData>
    <statBases>
      <MarketValue>80</MarketValue>
	  
	  <AccuracyTouch>0.90</AccuracyTouch>
	  <AccuracyShort>0.80</AccuracyShort>
	  <AccuracyMedium>0.60</AccuracyMedium>
	  <AccuracyLong>0.50</AccuracyLong>
	  <RangedWeapon_Cooldown>5</RangedWeapon_Cooldown>
    </statBases>
    <apparel>
      <bodyPartGroups>
        <li>guy762BG_Droid_GadgetMount</li>
      </bodyPartGroups>
	  <tags>
		<li>KotORDroidGadget_firefighter</li>
		<li>KotORDroidGadget_repairdroid</li>
	  </tags>
    </apparel>
	<tradeTags>
      <li>guy762TT_DroidEquipment</li>
	  <li>guy762TT_DroidWeapons_utility</li>
    </tradeTags>
	<verbs>
		<li>
			<label>firefoam spray</label>
			<commandIcon>Items/droidweapon/droidweapon_firefoam</commandIcon>
			<verbClass>Verb_Shoot</verbClass>
			<hasStandardCommand>true</hasStandardCommand>
			<defaultProjectile>guy762_throwngrenade_foam</defaultProjectile>
			<warmupTime>1</warmupTime>
			<range>9</range>
			<ticksBetweenBurstShots>5</ticksBetweenBurstShots>
			<burstShotCount>6</burstShotCount>
			<soundCast>FoamSpray_Resolve</soundCast>
			<targetParams>
				<canTargetLocations>true</canTargetLocations>
			</targetParams>
			<onlyManualCast>true</onlyManualCast>
			<violent>false</violent>
		</li>
	</verbs>
	<comps>
		<li Class="MVCF.Comps.CompProperties_VerbGiver">
			<verbProps>
				<li>
					<label>firefoam spray</label>
					<visualLabel>built-in firefoam spray</visualLabel>
					<canBeToggled>true</canBeToggled>
					<description>A built-in firefoam sprayer.</description>
				</li>
			</verbProps>
		</li>
	</comps>
  </ThingDef>
  
  <ThingDef ParentName="ProjectileFoamBase">
    <defName>guy762_throwngrenade_foam</defName>
    <projectile>
      <speed>25</speed>
      <filthCount>1~3</filthCount>
    </projectile>
    <graphicData>
      <texPath>Things/Mote/FoamSpray</texPath>
      <graphicClass>Graphic_Random</graphicClass>
      <shaderType>MoteGlow</shaderType>
      <drawSize>2.5</drawSize>
    </graphicData>
  </ThingDef>
  
  
  
  
  
  
  
  
  
  
  
  
  
  <ThingDef Name="guy762_DroidGadget_kolto" ParentName="guy762_DroidWeaponBase">
    <defName>guy762_DroidGadget_kolto</defName>
    <label>Droid Kolto sprayer</label>
    <description>An Adascorp prototype, these units have seen limited field testing during the Corellian campaign. The intent is to reduce the mass of a soldier's kit by replacing bulk quantities of Medpacs with a squad medical droid, though the efficiency of the device's applicator has been reported as "spotty".\n\nThis is equipped to the "gadget" weapon mount.</description>
    <graphicData>
      <texPath>Items/droidweapon/droidweapon_kolto</texPath>
    </graphicData>
    <statBases>
      <MarketValue>1000</MarketValue>

	  <AccuracyTouch>0.90</AccuracyTouch>
	  <AccuracyShort>0.80</AccuracyShort>
	  <AccuracyMedium>0.60</AccuracyMedium>
	  <AccuracyLong>0.50</AccuracyLong>
	  
	  <RangedWeapon_Cooldown>5</RangedWeapon_Cooldown>
    </statBases>
    <apparel>
      <bodyPartGroups>
        <li>guy762BG_Droid_GadgetMount</li>
      </bodyPartGroups>
	  <tags>
		<li>KotORDroidGadget_medic</li>
	  </tags>
    </apparel>
	<tradeTags>
      <li>guy762TT_DroidEquipment</li>
	  <li>guy762TT_DroidWeapons_utility</li>
	  <li>guy762TT_KotORMedicine</li>
    </tradeTags>
	<verbs>
		<li>
			<label>Kolto spray</label>
			<commandIcon>Items/droidweapon/droidweapon_kolto</commandIcon>
			<verbClass>Verb_Shoot</verbClass>
			<hasStandardCommand>true</hasStandardCommand>
			<defaultProjectile>guy762_throwngrenade_kolto</defaultProjectile>
			<warmupTime>1</warmupTime>
			<range>9</range>
			<ticksBetweenBurstShots>5</ticksBetweenBurstShots>
			<burstShotCount>6</burstShotCount>
			<soundCast>FoamSpray_Resolve</soundCast>
			<targetParams>
				<canTargetLocations>true</canTargetLocations>
			</targetParams>
			<onlyManualCast>true</onlyManualCast>
			<violent>false</violent>
		</li>
	</verbs>
	<comps>
		<li Class="MVCF.Comps.CompProperties_VerbGiver">
			<verbProps>
				<li>
					<label>Kolto spray</label>
					<visualLabel>built-in Kolto spray</visualLabel>
					<description>A built-in Kolto sprayer.</description>
				</li>
			</verbProps>
		</li>
		<li Class="CompProperties_Reloadable">
			<maxCharges>60</maxCharges>
			<hotKey>Misc4</hotKey>
			<chargeNoun>Kolto sprays</chargeNoun>
			<displayGizmoWhileUndrafted>false</displayGizmoWhileUndrafted>
			<destroyOnEmpty>true</destroyOnEmpty>
		</li>
	</comps>
  </ThingDef>
  
  
  
  
  
  
  
  
  <ThingDef>
    <defName>guy762_throwngrenade_kolto</defName>
	<label>Kolto</label>
    <thingClass>Projectile_Liquid</thingClass>
    <category>Projectile</category>
    <tickerType>Normal</tickerType>
    <altitudeLayer>Projectile</altitudeLayer>
    <useHitPoints>False</useHitPoints>
    <neverMultiSelect>True</neverMultiSelect>
    <graphicData>
      <texPath>Projectiles/kolto</texPath>
      <graphicClass>Graphic_Random</graphicClass>
      <shaderType>MoteGlow</shaderType>
      <drawSize>2.5</drawSize>
    </graphicData>
    <projectile>
      <damageDef>guy762_RangedDamage_kolto</damageDef>
      <speed>25</speed>
      <damageAmountBase>30</damageAmountBase>
	  <numExtraHitCells>3</numExtraHitCells>
      <arcHeightFactor>0.4</arcHeightFactor>
      <armorPenetrationBase>0.8</armorPenetrationBase>
      <stoppingPower>1</stoppingPower>
      <shadowSize>0</shadowSize>
      <filth>guy762_filth_kolto</filth>
      <filthCount>1~3</filthCount>
    </projectile>
  </ThingDef>
  
  <DamageDef>
    <defName>guy762_RangedDamage_kolto</defName>
    <label>Kolto</label>
    <!--workerClass>guy762_Ionization.DamageWorker_Organics</workerClass-->
    <workerClass>DamageWorker_AddGlobal</workerClass>
    <canInterruptJobs>false</canInterruptJobs>
    <makesBlood>false</makesBlood>
    <defaultDamage>10</defaultDamage>
    <hediff>guy762_hediff_kolto</hediff>
    <harmsHealth>false</harmsHealth>
    <consideredHelpful>true</consideredHelpful>
	<modExtensions>
		<li Class="guy762_Ionization.ModExtension_HediffGiver">
			<hediffToAdd>guy762_hediff_kolto</hediffToAdd>
			<severityFixed>1</severityFixed>
		</li>
	</modExtensions>
  </DamageDef>
  
  <HediffDef>
    <defName>guy762_hediff_kolto</defName>
    <description>Covered in Kolto.</description>
    <label>covered in Kolto</label>
    <hediffClass>HediffWithComps</hediffClass>
    <stages>
      <li>
        <naturalHealingFactor>1000</naturalHealingFactor>
        <totalBleedFactor>0.75</totalBleedFactor>
      </li>
    </stages>
    <comps>
      <li Class="HediffCompProperties_Disappears">
        <disappearsAfterTicks>900</disappearsAfterTicks>
      </li>
    </comps>
  </HediffDef>
  
  <ThingDef ParentName="BaseFilth">
    <defName>guy762_filth_kolto</defName>
    <label>Kolto</label>
    <statBases>
      <Beauty>-30</Beauty>
      <Cleanliness>-5</Cleanliness>
    </statBases>
    <graphicData>
      <texPath>Filth/kolto</texPath>
      <graphicClass>Graphic_Random</graphicClass>
      <drawSize>2.5</drawSize>
      <color>(1,1,1,0.5)</color>
    </graphicData>
    <filth>
      <ignoreFilthMultiplierStat>true</ignoreFilthMultiplierStat>
      <disappearsInDays>35~40</disappearsInDays>
      <rainWashes>true</rainWashes>
      <cleaningWorkToReduceThickness>70</cleaningWorkToReduceThickness>
      <canFilthAttach>true</canFilthAttach>
      <maxThickness>1</maxThickness>
      <cleaningSound>Interact_CleanFilth_Fluid</cleaningSound>
    </filth>
  </ThingDef>
  
	
	
	
	<!--ThingDef ParentName="guy762_DroidGadget_kolto">
		<defName>guy762_DroidWeapon_kolto</defName>
		<label>Droid Kolto sprayer (modified)</label>
		<description>An Adascorp prototype, these units have seen limited field testing during the Corellian campaign. The intent is to reduce the mass of a soldier's kit by replacing bulk quantities of Medpacs with a squad medical droid, though the efficiency of the device's applicator has been reported as "spotty".\n\nThis unit has been specially modified, and is only equipped to an HK-51 unit's "heavy" weapon mount.</description>
		<descriptionHyperlinks>
			<AlienRace.ThingDef_AlienRace>guy762_DroidRace_HK51series</AlienRace.ThingDef_AlienRace>
		</descriptionHyperlinks>
		<apparel>
		  <bodyPartGroups Inherit="False">
			<li>guy762BG_Droid_WeaponMount_adv</li>
		  </bodyPartGroups>
		  <tags Inherit="False">
			<li>KotORDroidGadget_HK51Medic</li>
		  </tags>
		</apparel>
		<tradeTags Inherit="False" />
	  </ThingDef-->


</Defs>
