﻿<?xml version="1.0" encoding="utf-8" ?>
<Defs>

  
  <ThingDef ParentName="guy762_DroidTech">
    <defName>guy762_DroidSensor_motion</defName>
    <label>droid motion tracker</label>
    <description>A droid enhancement that increases the perception and tracking of targets in combat.</description>
    <graphicData>
      <texPath>Items/droidtech/droidsensor_A</texPath>
      <graphicClass>Graphic_Single</graphicClass>
    </graphicData>
    <statBases>
      <Mass>2</Mass>
	  <MarketValue>250</MarketValue>
    </statBases>
	<equippedStatOffsets>
		<AccuracyTouch>0.1</AccuracyTouch>
		<AccuracyShort>0.1</AccuracyShort>
		<AccuracyMedium>0.1</AccuracyMedium>
		<AccuracyLong>0.1</AccuracyLong>
		<MeleeHitChance>0.1</MeleeHitChance>
		<PawnTrapSpringChance>-0.2</PawnTrapSpringChance>
	</equippedStatOffsets>
    <apparel>
	  <tags>
		<li>KotORDroidUpgrade_combat</li>
	  </tags>
	  <bodyPartGroups>
        <li>Eyes</li>
      </bodyPartGroups>
    </apparel>
	<tradeTags>
      <li>guy762TT_DroidEquipment</li>
	  <li>guy762TT_DroidUpgrades</li>
    </tradeTags>
	<comps>
      <li Class="CompProperties_CauseHediff_Apparel">
        <hediff>guy762_SensorHediff_motion</hediff>
        <part>ATR_ArtificialBrain</part>
      </li>
    </comps>
  </ThingDef>
  
  <HediffDef>
    <defName>guy762_SensorHediff_motion</defName>
    <label>droid motion tracker</label>
    <description>A droid enhancement that increases the perception and tracking of targets in combat.</description>
    <hediffClass>HediffWithComps</hediffClass>
    <stages>
      <li>
        <capMods>
          <li>
            <capacity>Sight</capacity>
            <offset>0.2</offset>
          </li>
		  <li>
            <capacity>Hearing</capacity>
            <offset>0.2</offset>
          </li>
        </capMods>
      </li>
    </stages>
    <comps>
      <li Class="HediffCompProperties_RemoveIfApparelDropped" />
    </comps>
    <isBad>false</isBad>
  </HediffDef>
  
  
  
  
  
  
  
  
  <ThingDef ParentName="guy762_DroidTech">
    <defName>guy762_DroidSensor_surveillance</defName>
    <label>droid surveillance upgrade</label>
    <description>An upgrade designed for light scout droids and other listening models.</description>
    <graphicData>
      <texPath>Items/droidtech/droidsensor_B</texPath>
      <graphicClass>Graphic_Single</graphicClass>
    </graphicData>
    <statBases>
      <Mass>2</Mass>
	  <MarketValue>600</MarketValue>
    </statBases>
	<equippedStatOffsets>
		<MeleeDodgeChance>0.1</MeleeDodgeChance>
		<PawnTrapSpringChance>-0.3</PawnTrapSpringChance>
		<MortarMissRadiusFactor>-0.1</MortarMissRadiusFactor>
	</equippedStatOffsets>
    <apparel>
	  <tags>
		<li>KotORDroidUpgrade_combat</li>
	  </tags>
	  <bodyPartGroups>
        <li>Eyes</li>
      </bodyPartGroups>
    </apparel>
	<tradeTags>
      <li>guy762TT_DroidEquipment</li>
	  <li>guy762TT_DroidUpgrades</li>
    </tradeTags>
	<comps>
      <li Class="CompProperties_CauseHediff_Apparel">
        <hediff>guy762_SensorHediff_surveillance</hediff>
        <part>ATR_ArtificialBrain</part>
      </li>
    </comps>
  </ThingDef>
  
  <HediffDef>
    <defName>guy762_SensorHediff_surveillance</defName>
    <label>droid surveillance upgrade</label>
    <description>An upgrade designed for light scout droids and other listening models.</description>
    <hediffClass>HediffWithComps</hediffClass>
    <stages>
      <li>
        <capMods>
          <li>
            <capacity>Sight</capacity>
            <offset>0.3</offset>
          </li>
		  <li>
            <capacity>Hearing</capacity>
            <offset>0.3</offset>
          </li>
        </capMods>
      </li>
    </stages>
    <comps>
      <li Class="HediffCompProperties_RemoveIfApparelDropped" />
    </comps>
    <isBad>false</isBad>
  </HediffDef>
  
  
  
  
  
  
  
  
  
  
  
  <ThingDef ParentName="guy762_DroidTech">
    <defName>guy762_DroidSensor_fighting</defName>
    <label>droid fighting upgrade</label>
    <description>This module is designed to give a droid a tactical advantage in combat by increasing its sensor range, reflexes, and logic systems.</description>
    <graphicData>
      <texPath>Items/droidtech/droidsensor_E</texPath>
      <graphicClass>Graphic_Single</graphicClass>
    </graphicData>
    <statBases>
      <Mass>2</Mass>
	  <MarketValue>1500</MarketValue>
    </statBases>
	<equippedStatOffsets>
		<AccuracyTouch>0.3</AccuracyTouch>
		<AccuracyShort>0.3</AccuracyShort>
		<AccuracyMedium>0.3</AccuracyMedium>
		<AccuracyLong>0.3</AccuracyLong>
		<MeleeHitChance>0.3</MeleeHitChance>
		<MeleeDodgeChance>0.2</MeleeDodgeChance>
		<PawnTrapSpringChance>-0.2</PawnTrapSpringChance>
	</equippedStatOffsets>
    <apparel>
	  <tags>
		<li>KotORDroidUpgrade_combat</li>
	  </tags>
	  <bodyPartGroups>
        <li>Eyes</li>
      </bodyPartGroups>
    </apparel>
	<tradeTags>
      <li>guy762TT_DroidEquipment</li>
	  <li>guy762TT_DroidUpgrades</li>
    </tradeTags>
	<comps>
      <li Class="CompProperties_CauseHediff_Apparel">
        <hediff>guy762_SensorHediff_fighting</hediff>
        <part>ATR_ArtificialBrain</part>
      </li>
    </comps>
  </ThingDef>
  
  <HediffDef>
    <defName>guy762_SensorHediff_fighting</defName>
    <label>droid fighting upgrade</label>
    <description>This module is designed to give a droid a tactical advantage in combat by increasing its sensor range, reflexes, and logic systems.</description>
    <hediffClass>HediffWithComps</hediffClass>
    <stages>
      <li>
        <capMods>
          <li>
            <capacity>Sight</capacity>
            <offset>0.2</offset>
          </li>
		  <li>
            <capacity>Hearing</capacity>
            <offset>0.2</offset>
          </li>
        </capMods>
      </li>
    </stages>
    <comps>
      <li Class="HediffCompProperties_RemoveIfApparelDropped" />
    </comps>
    <isBad>false</isBad>
  </HediffDef>
  
  
  
  
  
  
  
  
  
  
  <ThingDef ParentName="guy762_DroidTech">
    <defName>guy762_DroidSensor_repair</defName>
    <label>droid reference database</label>
    <description>This unit provides a droid with a library of schematics that it can draw upon when repairing or dismantling technology.</description>
    <graphicData>
      <texPath>Items/droidtech/droidsensor_L</texPath>
      <graphicClass>Graphic_Single</graphicClass>
    </graphicData>
    <statBases>
      <Mass>2</Mass>
	  <MarketValue>630</MarketValue>
    </statBases>
	<equippedStatOffsets>
		<MechRepairSpeed>0.4</MechRepairSpeed>
		<FixBrokenDownBuildingSuccessChance>0.4</FixBrokenDownBuildingSuccessChance>
		<ConstructSuccessChance>0.4</ConstructSuccessChance>
		<MHC_MechanicalSurgerySuccessChance>0.4</MHC_MechanicalSurgerySuccessChance>
		<MHC_MechanicalTendQualityOffset>0.4</MHC_MechanicalTendQualityOffset>
		<MHC_MechanicalTendSpeed>0.4</MHC_MechanicalTendSpeed>
	</equippedStatOffsets>
    <apparel>
	  <tags>
		<li>KotORDroidUpgrade_tech</li>
		<li>KotORDroidUpgrade_repair</li>
	  </tags>
	  <bodyPartGroups>
        <li>Eyes</li>
      </bodyPartGroups>
    </apparel>
	<tradeTags>
      <li>guy762TT_DroidEquipment</li>
	  <li>guy762TT_DroidUpgrades</li>
    </tradeTags>
  </ThingDef>
  
  
  
  
  
  
  <ThingDef ParentName="guy762_DroidTech">
    <defName>guy762_DroidSensor_memory</defName>
    <label>droid memory upgrade</label>
    <description>This upgrade provides extra memory banks and computing power that can be integrated seamlessly with its existing programming.</description>
    <graphicData>
      <texPath>Items/droidtech/droidsensor_K</texPath>
      <graphicClass>Graphic_Single</graphicClass>
    </graphicData>
    <statBases>
      <Mass>2</Mass>
	  <MarketValue>560</MarketValue>
    </statBases>
	<equippedStatOffsets>
		<ResearchSpeed>0.5</ResearchSpeed>
	</equippedStatOffsets>
    <apparel>
	  <tags>
		<li>KotORDroidUpgrade_tech</li>
		<li>KotORDroidUpgrade_computers</li>
	  </tags>
	  <bodyPartGroups>
        <li>Eyes</li>
      </bodyPartGroups>
    </apparel>
	<tradeTags>
      <li>guy762TT_DroidEquipment</li>
	  <li>guy762TT_DroidUpgrades</li>
    </tradeTags>
	<comps>
      <li Class="CompProperties_CauseHediff_Apparel">
        <hediff>guy762_SensorHediff_memory</hediff>
        <part>ATR_ArtificialBrain</part>
      </li>
    </comps>
  </ThingDef>
  
  <HediffDef>
    <defName>guy762_SensorHediff_memory</defName>
    <label>droid memory upgrade</label>
    <description>This upgrade provides extra memory banks and computing power that can be integrated seamlessly with its existing programming.</description>
    <hediffClass>HediffWithComps</hediffClass>
    <stages>
      <li>
        <capMods>
          <li>
            <capacity>Consciousness</capacity>
            <offset>0.2</offset>
          </li>
        </capMods>
      </li>
    </stages>
    <comps>
      <li Class="HediffCompProperties_RemoveIfApparelDropped" />
    </comps>
    <isBad>false</isBad>
  </HediffDef>
  
  
  
  
  
  
  
  
  
  <ThingDef ParentName="guy762_DroidTech">
    <defName>guy762_DroidSensor_EMPresist</defName>
    <label>droid system fortification</label>
    <description>This module carefully monitors and regulates the circuitry of the droid, preventing minor spikes and fluctuations from causing disruptions.</description>
    <graphicData>
      <texPath>Items/droidtech/droidsensor_G</texPath>
      <graphicClass>Graphic_Single</graphicClass>
    </graphicData>
    <statBases>
      <Mass>2</Mass>
	  <MarketValue>2400</MarketValue>
    </statBases>
	<equippedStatOffsets>
		<EMPResistance>0.5</EMPResistance>
	</equippedStatOffsets>
    <apparel>
	  <tags>
		<li>KotORDroidUpgrade_combat</li>
	  </tags>
	  <bodyPartGroups>
        <li>Eyes</li>
      </bodyPartGroups>
    </apparel>
	<tradeTags>
      <li>guy762TT_DroidEquipment</li>
	  <li>guy762TT_DroidUpgrades</li>
    </tradeTags>
  </ThingDef>
  
  
  
  
  
  
  
  <ThingDef ParentName="guy762_DroidTech">
    <defName>guy762_DroidSensor_battle</defName>
    <label>droid battle upgrade</label>
    <description>This module is a step up from the Droid Fighting Upgrade and provides your droid with a library of countless tactical engagements to draw upon for reference.</description>
    <graphicData>
      <texPath>Items/droidtech/droidsensor_J</texPath>
      <graphicClass>Graphic_Single</graphicClass>
    </graphicData>
    <statBases>
      <Mass>2</Mass>
	  <MarketValue>7800</MarketValue>
    </statBases>
	<equippedStatOffsets>
		<AccuracyTouch>0.2</AccuracyTouch>
		<AccuracyShort>0.2</AccuracyShort>
		<AccuracyMedium>0.2</AccuracyMedium>
		<AccuracyLong>0.2</AccuracyLong>
		<MeleeHitChance>0.2</MeleeHitChance>
		<IncomingDamageFactor>-0.2</IncomingDamageFactor>
	</equippedStatOffsets>
    <apparel>
	  <tags>
		<li>KotORDroidUpgrade_combat</li>
	  </tags>
	  <bodyPartGroups>
        <li>Eyes</li>
      </bodyPartGroups>
    </apparel>
	<tradeTags>
      <li>guy762TT_DroidEquipment</li>
	  <li>guy762TT_DroidUpgrades</li>
    </tradeTags>
  </ThingDef>

  
  
  
  
  
  
  
  
  
  <ThingDef ParentName="guy762_DroidTech">
    <defName>guy762_DroidSensor_microoptics</defName>
    <label>droid micro-optics</label>
    <description>This sensor array includes several optical sensors that can see changes in substances at the molecular level, allowing the droid to more accurately identify hazardous materials.</description>
    <graphicData>
      <texPath>Items/droidtech/droidsensor_H</texPath>
      <graphicClass>Graphic_Single</graphicClass>
    </graphicData>
    <statBases>
      <Mass>2</Mass>
	  <MarketValue>8100</MarketValue>
    </statBases>
	<equippedStatOffsets>
		<PawnTrapSpringChance>-0.5</PawnTrapSpringChance>
		<MortarMissRadiusFactor>-1</MortarMissRadiusFactor>
	</equippedStatOffsets>
    <apparel>
	  <tags>
		<li>KotORDroidUpgrade_tech</li>
	  </tags>
	  <bodyPartGroups>
        <li>Eyes</li>
      </bodyPartGroups>
    </apparel>
	<tradeTags>
      <li>guy762TT_KotORElite</li>
	  <li>guy762TT_DroidUpgrades_rare</li>
    </tradeTags>
	<comps>
      <li Class="CompProperties_CauseHediff_Apparel">
        <hediff>guy762_SensorHediff_microoptics</hediff>
        <part>ATR_ArtificialBrain</part>
      </li>
    </comps>
  </ThingDef>
  
  <HediffDef>
    <defName>guy762_SensorHediff_microoptics</defName>
    <label>droid micro-optics</label>
    <description>This sensor array includes several optical sensors that can see changes in substances at the molecular level, allowing the droid to more accurately identify hazardous materials.</description>
    <hediffClass>HediffWithComps</hediffClass>
    <stages>
      <li>
        <capMods>
          <li>
            <capacity>Sight</capacity>
            <offset>0.5</offset>
          </li>
		  <li>
            <capacity>Hearing</capacity>
            <offset>0.5</offset>
          </li>
        </capMods>
      </li>
    </stages>
    <comps>
      <li Class="HediffCompProperties_RemoveIfApparelDropped" />
    </comps>
    <isBad>false</isBad>
  </HediffDef>
  
  
  
  
  
  
  
  <ThingDef ParentName="guy762_DroidTech">
    <defName>guy762_DroidSensor_perception</defName>
    <label>droid perception sensors</label>
    <description>This sensor cluster scans the entire light spectrum and audio frequencies well beyond the range of most organic beings. It is nearly impossible for something to occur within the droid's perceptive range without its knowing about it.</description>
    <graphicData>
      <texPath>Items/droidtech/droidsensor_I</texPath>
      <graphicClass>Graphic_Single</graphicClass>
    </graphicData>
    <statBases>
      <Mass>2</Mass>
	  <MarketValue>10200</MarketValue>
    </statBases>
	<equippedStatOffsets>
		<MeleeDodgeChance>0.1</MeleeDodgeChance>
		<PawnTrapSpringChance>-0.8</PawnTrapSpringChance>
		<MortarMissRadiusFactor>-0.2</MortarMissRadiusFactor>
		<AccuracyTouch>0.2</AccuracyTouch>
		<AccuracyShort>0.2</AccuracyShort>
		<AccuracyMedium>0.2</AccuracyMedium>
		<AccuracyLong>0.2</AccuracyLong>
		<MeleeHitChance>0.2</MeleeHitChance>
	</equippedStatOffsets>
    <apparel>
	  <tags>
		<li>KotORDroidUpgrade_combat</li>
	  </tags>
	  <bodyPartGroups>
        <li>Eyes</li>
      </bodyPartGroups>
    </apparel>
	<tradeTags>
      <li>guy762TT_KotORElite</li>
	  <li>guy762TT_DroidUpgrades_rare</li>
    </tradeTags>
	<comps>
      <li Class="CompProperties_CauseHediff_Apparel">
        <hediff>guy762_SensorHediff_perception</hediff>
        <part>ATR_ArtificialBrain</part>
      </li>
    </comps>
  </ThingDef>
  
  <HediffDef>
    <defName>guy762_SensorHediff_perception</defName>
    <label>droid perception sensors</label>
    <description>This sensor cluster scans the entire light spectrum and audio frequencies well beyond the range of most organic beings. It is nearly impossible for something to occur within the droid's perceptive range without its knowing about it.</description>
    <hediffClass>HediffWithComps</hediffClass>
    <stages>
      <li>
        <capMods>
          <li>
            <capacity>Sight</capacity>
            <offset>0.8</offset>
          </li>
		  <li>
            <capacity>Hearing</capacity>
            <offset>0.8</offset>
          </li>
        </capMods>
      </li>
    </stages>
    <comps>
      <li Class="HediffCompProperties_RemoveIfApparelDropped" />
    </comps>
    <isBad>false</isBad>
  </HediffDef>
  
  
  
  
  
  
  
  
  <ThingDef ParentName="guy762_DroidTech">
    <defName>guy762_DroidSensor_warfare</defName>
    <label>droid warfare upgrade</label>
    <description>A highly complex module with near unlimited learning capacity and highly modifiable software. Designed to be a costly alternative to training, these modules were designed to create master generals, tacticians, and assassins after only a short install time.\n\nThis is an advanced piece of technology, and can only be equipped on the following droid models:</description>
    <descriptionHyperlinks>
		<AlienRace.ThingDef_AlienRace>guy762_DroidRace_T3series</AlienRace.ThingDef_AlienRace>
		<AlienRace.ThingDef_AlienRace>guy762_DroidRace_KX12APD</AlienRace.ThingDef_AlienRace>
		<AlienRace.ThingDef_AlienRace>guy762_DroidRace_DevAD</AlienRace.ThingDef_AlienRace>
		<AlienRace.ThingDef_AlienRace>guy762_DroidRace_SentWD</AlienRace.ThingDef_AlienRace>
		<AlienRace.ThingDef_AlienRace>guy762_DroidRace_ADMkI</AlienRace.ThingDef_AlienRace>
		<AlienRace.ThingDef_AlienRace>guy762_DroidRace_ADMkI_sf</AlienRace.ThingDef_AlienRace>
		<AlienRace.ThingDef_AlienRace>guy762_DroidRace_ADMkIV</AlienRace.ThingDef_AlienRace>
		<AlienRace.ThingDef_AlienRace>guy762_DroidRace_ADMkIV_sith</AlienRace.ThingDef_AlienRace>
		<AlienRace.ThingDef_AlienRace>guy762_DroidRace_HKseries</AlienRace.ThingDef_AlienRace>
		<AlienRace.ThingDef_AlienRace>guy762_DroidRace_HK50series</AlienRace.ThingDef_AlienRace>
		<AlienRace.ThingDef_AlienRace>guy762_DroidRace_HK51series</AlienRace.ThingDef_AlienRace>
		<AlienRace.ThingDef_AlienRace>guy762_DroidRace_GOTO</AlienRace.ThingDef_AlienRace>
	</descriptionHyperlinks>
	<graphicData>
      <texPath>Items/droidtech/droidsensor_F</texPath>
      <graphicClass>Graphic_Single</graphicClass>
    </graphicData>
    <statBases>
      <Mass>2</Mass>
	  <MarketValue>12800</MarketValue>
    </statBases>
	<equippedStatOffsets>
		<AccuracyTouch>0.3</AccuracyTouch>
		<AccuracyShort>0.3</AccuracyShort>
		<AccuracyMedium>0.3</AccuracyMedium>
		<AccuracyLong>0.3</AccuracyLong>
		<MeleeHitChance>0.3</MeleeHitChance>
		<MeleeDodgeChance>0.2</MeleeDodgeChance>
		<IncomingDamageFactor>-0.2</IncomingDamageFactor>
	</equippedStatOffsets>
    <apparel>
	  <tags>
		<li>KotORDroidUpgrade_combat</li>
	  </tags>
	  <bodyPartGroups>
        <li>Eyes</li>
      </bodyPartGroups>
    </apparel>
	<tradeTags>
      <li>guy762TT_KotORElite</li>
	  <li>guy762TT_DroidUpgrades_rare</li>
    </tradeTags>
	<comps>
      <li Class="CompProperties_CauseHediff_Apparel">
        <hediff>guy762_SensorHediff_warfare</hediff>
      </li>
    </comps>
  </ThingDef>
  
  <HediffDef>
    <defName>guy762_SensorHediff_warfare</defName>
    <label>droid warfare upgrade</label>
    <description>A highly complex module with near unlimited learning capacity and highly modifiable software. Designed to be a costly alternative to training, these modules were designed to create master generals, tacticians, and assassins after only a short install time.</description>
    <hediffClass>HediffWithComps</hediffClass>
    <stages>
      <li>
        <capMods>
          <li>
            <capacity>Moving</capacity>
            <offset>0.2</offset>
          </li>
		  <li>
            <capacity>Manipulation</capacity>
            <offset>0.2</offset>
          </li>
        </capMods>
      </li>
    </stages>
    <comps>
      <li Class="HediffCompProperties_RemoveIfApparelDropped" />
    </comps>
    <isBad>false</isBad>
  </HediffDef>
  
  
  
  
  
  
  
  
  
  
  
  
  
  
  
  
  
  
  
  
  
  
  
  
  
  
  
  
  
  
  
  
  
  
  <ThingDef ParentName="guy762_DroidTech">
    <defName>guy762_DroidSensor_hk</defName>
    <label>droid assassination module</label>
    <description>Not much is known about the inner-workings of these modules, but one thing is for certain: they work.\n\nThis is a highly advanced piece of technology, and can only be equipped on the following droid models:</description>
    <descriptionHyperlinks>
		<AlienRace.ThingDef_AlienRace>guy762_DroidRace_HKseries</AlienRace.ThingDef_AlienRace>
		<AlienRace.ThingDef_AlienRace>guy762_DroidRace_HK50series</AlienRace.ThingDef_AlienRace>
		<AlienRace.ThingDef_AlienRace>guy762_DroidRace_HK51series</AlienRace.ThingDef_AlienRace>
	</descriptionHyperlinks>
	<graphicData>
      <texPath>Items/droidtech/droidsensor_hk</texPath>
      <graphicClass>Graphic_Single</graphicClass>
    </graphicData>
    <statBases>
      <Mass>2</Mass>
	  <MarketValue>18000</MarketValue>
    </statBases>
	<equippedStatOffsets>
		<AccuracyTouch>0.9</AccuracyTouch>
		<AccuracyShort>0.9</AccuracyShort>
		<AccuracyMedium>0.9</AccuracyMedium>
		<AccuracyLong>0.9</AccuracyLong>
		<MeleeHitChance>0.9</MeleeHitChance>
	</equippedStatOffsets>
    <apparel>
	  <tags>
		<li>KotORDroidUpgrade_hk</li>
	  </tags>
	  <bodyPartGroups>
        <li>Eyes</li>
      </bodyPartGroups>
    </apparel>
	<tradeTags>
      <li>guy762TT_KotORLegendary</li>
    </tradeTags>
  </ThingDef>
  
  
  <ThingDef ParentName="guy762_DroidTech">
    <defName>guy762_DroidSensor_goto</defName>
    <label>droid omniscience unit</label>
    <description>This sensor array has unique technology that allows the droid to basically know what is going on around it at all times.\n\nThis is a highly advanced piece of technology, and can only be equipped on the following droid models:</description>
    <descriptionHyperlinks>
		<AlienRace.ThingDef_AlienRace>guy762_DroidRace_GOTO</AlienRace.ThingDef_AlienRace>
	</descriptionHyperlinks>
	<graphicData>
      <texPath>Items/droidtech/droidsensor_goto</texPath>
      <graphicClass>Graphic_Single</graphicClass>
    </graphicData>
    <statBases>
      <Mass>2</Mass>
	  <MarketValue>18000</MarketValue>
    </statBases>
	<equippedStatOffsets>
		<PawnTrapSpringChance>-1</PawnTrapSpringChance>
		<MortarMissRadiusFactor>-0.5</MortarMissRadiusFactor>
		<AccuracyTouch>0.3</AccuracyTouch>
		<AccuracyShort>0.3</AccuracyShort>
		<AccuracyMedium>0.3</AccuracyMedium>
		<AccuracyLong>0.3</AccuracyLong>
		<MeleeHitChance>0.3</MeleeHitChance>
	</equippedStatOffsets>
    <apparel>
	  <tags>
		<li>KotORDroidUpgrade_goto</li>
	  </tags>
	  <bodyPartGroups>
        <li>Eyes</li>
      </bodyPartGroups>
    </apparel>
	<tradeTags>
      <li>guy762TT_KotORLegendary</li>
    </tradeTags>
	<comps>
      <li Class="CompProperties_CauseHediff_Apparel">
        <hediff>guy762_SensorHediff_goto</hediff>
        <part>ATR_ArtificialBrain</part>
      </li>
    </comps>
  </ThingDef>
  
  <HediffDef>
    <defName>guy762_SensorHediff_goto</defName>
    <label>droid omniscience unit</label>
    <description>This sensor array has unique technology that allows the droid to basically know what is going on around it at all times.</description>
    <hediffClass>HediffWithComps</hediffClass>
    <stages>
      <li>
        <capMods>
          <li>
            <capacity>Sight</capacity>
            <offset>1</offset>
          </li>
		  <li>
            <capacity>Hearing</capacity>
            <offset>1</offset>
          </li>
        </capMods>
      </li>
    </stages>
    <comps>
      <li Class="HediffCompProperties_RemoveIfApparelDropped" />
    </comps>
    <isBad>false</isBad>
  </HediffDef>

  
  
</Defs>
