﻿<?xml version="1.0" encoding="utf-8" ?>
<Defs>
  
  <ThingDef ParentName="guy762_DroidArmorMakeable">
    <defName>guy762_DroidArmorMid</defName>
    <label>Class II droid armor</label>
    <description>Developed by engineer Hoot Calin, this plating relies more on deflecting angles than exotic alloys. Cost can be prohibitive, though this is the most affordable model of the type.</description>
    <graphicData>
      <texPath>Items/droidarmor/droidarmor_medium_stuffable</texPath>
      <graphicClass>Graphic_Single</graphicClass>
    </graphicData>
    <techLevel>Spacer</techLevel>
	<thingCategories>
      <li>guy762_ApparelDroid</li>
    </thingCategories>
    <statBases>
      <Mass>8</Mass>
      <EquipDelay>38</EquipDelay>
      <MarketValue>500</MarketValue>
	  <MaxHitPoints>350</MaxHitPoints>
	  <StuffEffectMultiplierArmor>0.5</StuffEffectMultiplierArmor>
	  <WorkToMake>20000</WorkToMake>
    </statBases>
	<equippedStatOffsets>
		<IncomingDamageFactor>-0.1</IncomingDamageFactor>
	</equippedStatOffsets>
	
	<recipeMaker>
      <skillRequirements>
			<Crafting>8</Crafting>
		</skillRequirements>
    </recipeMaker>
	<stuffCategories>
		<li>Metallic</li>
	</stuffCategories>
	<costStuffCount>120</costStuffCount>
    <apparel>
      <countsAsClothingForNudity>false</countsAsClothingForNudity>
      <careIfWornByCorpse>false</careIfWornByCorpse>
      <careIfDamaged>false</careIfDamaged>
      <ignoredByNonViolent>true</ignoredByNonViolent>
      <wearPerDay>0</wearPerDay>
      <bodyPartGroups>
		<li>FullHead</li>
		<li>Neck</li>
		<li>Torso</li>
		<li>Shoulders</li>
		<li>Arms</li>
		<li>Hands</li>
		<li>Legs</li>
		<li>Feet</li>
	  </bodyPartGroups>
      <layers>
        <li>OnSkin</li>
		<li>Middle</li>
		<li>Overhead</li>
      </layers>
	  <tags>
		<li>EVA</li>
		<li>KotORDroidArmorT2</li>
		<li>KotORDroidArmorT2_stuffable</li>
	  </tags>
    </apparel>
	<tradeTags>
      <li>guy762TT_DroidEquipment</li>
	  <li>guy762TT_DroidArmor</li>
    </tradeTags>
  </ThingDef>
  
  
  
  <ThingDef ParentName="KotORDroidArmor">
    <defName>guy762_DroidArmorMid_env</defName>
    <label>Class II droid environmental plating</label>
    <description>Though few droids of this class are used in major mining operations, protective plating kits like this are nevertheless manufactured and sold should the need ever arise.</description>
    <graphicData>
      <texPath>Items/droidarmor/droidarmor_medium_env</texPath>
      <graphicClass>Graphic_Single</graphicClass>
    </graphicData>
    <techLevel>Spacer</techLevel>
    <statBases>
      <Mass>8</Mass>
      <EquipDelay>38</EquipDelay>
      <MarketValue>750</MarketValue>
      <MaxHitPoints>350</MaxHitPoints>
	  <ArmorRating_Sharp>0.55</ArmorRating_Sharp>
	  <ArmorRating_Blunt>0.4</ArmorRating_Blunt>
	  <ArmorRating_Heat>0.65</ArmorRating_Heat>
	  <Insulation_Cold>100</Insulation_Cold>
      <Insulation_Heat>100</Insulation_Heat>
    </statBases>
	<equippedStatOffsets>
		<IncomingDamageFactor>-0.1</IncomingDamageFactor>
	</equippedStatOffsets>
	
	<smeltable>false</smeltable>
    <apparel>
      <countsAsClothingForNudity>false</countsAsClothingForNudity>
      <careIfWornByCorpse>false</careIfWornByCorpse>
      <careIfDamaged>false</careIfDamaged>
      <ignoredByNonViolent>true</ignoredByNonViolent>
      <wearPerDay>0</wearPerDay>
      <bodyPartGroups>
		<li>FullHead</li>
		<li>Neck</li>
		<li>Torso</li>
		<li>Shoulders</li>
		<li>Arms</li>
		<li>Hands</li>
		<li>Legs</li>
		<li>Feet</li>
	  </bodyPartGroups>
      <layers>
        <li>OnSkin</li>
		<li>Middle</li>
		<li>Overhead</li>
      </layers>
	  <tags>
		<li>EVA</li>
		<li>KotORDroidArmorT2</li>
		<li>KotORDroidArmorT2_weak</li>
		<li>KotORDroidArmorT2_miningdroid</li>
	  </tags>
    </apparel>
	<tradeTags>
      <li>guy762TT_DroidEquipment</li>
	  <li>guy762TT_DroidArmor</li>
    </tradeTags>
  </ThingDef>
  
  <ThingDef ParentName="KotORDroidArmor">
    <defName>guy762_DroidArmorMid_desh</defName>
    <label>Class II droid Desh plating</label>
    <description>Desh is a very flexible, but less sturdy metal. When combined with another metal, it provides cost-effective way to protect droids. This armor uses a desh and maranium alloy that cuts the weight and expense, but at a cost to the durability.</description>
    <graphicData>
      <texPath>Items/droidarmor/droidarmor_medium_desh</texPath>
      <graphicClass>Graphic_Single</graphicClass>
    </graphicData>
    <techLevel>Spacer</techLevel>
    <statBases>
      <Mass>5</Mass>
      <EquipDelay>38</EquipDelay>
      <MarketValue>1350</MarketValue>
      <MaxHitPoints>100</MaxHitPoints>
	  <ArmorRating_Sharp>0.55</ArmorRating_Sharp>
	  <ArmorRating_Blunt>0.4</ArmorRating_Blunt>
	  <ArmorRating_Heat>0.65</ArmorRating_Heat>
    </statBases>
	<equippedStatOffsets>
		<MoveSpeed>0.1</MoveSpeed>
		<MeleeDodgeChance>0.1</MeleeDodgeChance>
		<IncomingDamageFactor>-0.1</IncomingDamageFactor>
	</equippedStatOffsets>
	
	<smeltable>false</smeltable>
    <apparel>
      <countsAsClothingForNudity>false</countsAsClothingForNudity>
      <careIfWornByCorpse>false</careIfWornByCorpse>
      <careIfDamaged>false</careIfDamaged>
      <ignoredByNonViolent>true</ignoredByNonViolent>
      <wearPerDay>0</wearPerDay>
      <bodyPartGroups>
		<li>FullHead</li>
		<li>Neck</li>
		<li>Torso</li>
		<li>Shoulders</li>
		<li>Arms</li>
		<li>Hands</li>
		<li>Legs</li>
		<li>Feet</li>
	  </bodyPartGroups>
      <layers>
        <li>OnSkin</li>
		<li>Middle</li>
		<li>Overhead</li>
      </layers>
	  <tags>
		<li>EVA</li>
		<li>KotORDroidArmorT2</li>
		<li>KotORDroidArmorT2_weak</li>
		<li>KotORDroidArmorT2_gladiator</li>
	  </tags>
    </apparel>
	<tradeTags>
      <li>guy762TT_DroidEquipment</li>
	  <li>guy762TT_DroidArmor</li>
    </tradeTags>
  </ThingDef>
 
  <ThingDef ParentName="KotORDroidArmor">
    <defName>guy762_DroidArmorMid_czerka</defName>
    <label>Class II Czerka droid armor</label>
    <description>Standardized, combat-capable plating like this is uniform on all Czerka Corporation-made droids.</description>
    <graphicData>
      <texPath>Items/droidarmor/droidarmor_medium_czerka</texPath>
      <graphicClass>Graphic_Single</graphicClass>
    </graphicData>
    <techLevel>Spacer</techLevel>
    <statBases>
      <Mass>8</Mass>
      <EquipDelay>38</EquipDelay>
      <MarketValue>1000</MarketValue>
      <MaxHitPoints>350</MaxHitPoints>
	  <ArmorRating_Sharp>0.65</ArmorRating_Sharp>
	  <ArmorRating_Blunt>0.5</ArmorRating_Blunt>
	  <ArmorRating_Heat>0.75</ArmorRating_Heat>
	  <Insulation_Cold>50</Insulation_Cold>
      <Insulation_Heat>50</Insulation_Heat>
    </statBases>
	<equippedStatOffsets>
		<IncomingDamageFactor>-0.1</IncomingDamageFactor>
	</equippedStatOffsets>
	
	<smeltable>false</smeltable>
    <apparel>
      <countsAsClothingForNudity>false</countsAsClothingForNudity>
      <careIfWornByCorpse>false</careIfWornByCorpse>
      <careIfDamaged>false</careIfDamaged>
      <ignoredByNonViolent>true</ignoredByNonViolent>
      <wearPerDay>0</wearPerDay>
      <bodyPartGroups>
		<li>FullHead</li>
		<li>Neck</li>
		<li>Torso</li>
		<li>Shoulders</li>
		<li>Arms</li>
		<li>Hands</li>
		<li>Legs</li>
		<li>Feet</li>
	  </bodyPartGroups>
      <layers>
        <li>OnSkin</li>
		<li>Middle</li>
		<li>Overhead</li>
      </layers>
	  <tags>
		<li>EVA</li>
		<li>KotORDroidArmorT2</li>
		<li>KotORDroidArmorT2_mid</li>
		<li>KotORDroidArmorT2_czerka</li>
	  </tags>
    </apparel>
	<tradeTags>
      <li>guy762TT_DroidEquipment</li>
	  <li>guy762TT_DroidArmor</li>
	  <li>guy762TT_CzerkaProduct</li>
    </tradeTags>
  </ThingDef>
  
  <ThingDef ParentName="KotORDroidArmor">
    <defName>guy762_DroidArmorMid_impact</defName>
    <label>Class II droid impact armor</label>
    <description>Impact armor is designed to help absorb some of the wear-and-tear droids can take in an active workplace and save the chassis from major damage.</description>
    <graphicData>
      <texPath>Items/droidarmor/droidarmor_medium_impact</texPath>
      <graphicClass>Graphic_Single</graphicClass>
    </graphicData>
    <techLevel>Spacer</techLevel>
    <statBases>
      <Mass>9</Mass>
      <EquipDelay>38</EquipDelay>
      <MarketValue>2145</MarketValue>
      <MaxHitPoints>350</MaxHitPoints>
	  <ArmorRating_Sharp>0.65</ArmorRating_Sharp>
	  <ArmorRating_Blunt>0.75</ArmorRating_Blunt>
	  <ArmorRating_Heat>0.75</ArmorRating_Heat>
    </statBases>
	<equippedStatOffsets>
		<IncomingDamageFactor>-0.1</IncomingDamageFactor>
	</equippedStatOffsets>
	
	<smeltable>false</smeltable>
    <apparel>
      <countsAsClothingForNudity>false</countsAsClothingForNudity>
      <careIfWornByCorpse>false</careIfWornByCorpse>
      <careIfDamaged>false</careIfDamaged>
      <ignoredByNonViolent>true</ignoredByNonViolent>
      <wearPerDay>0</wearPerDay>
      <bodyPartGroups>
		<li>FullHead</li>
		<li>Neck</li>
		<li>Torso</li>
		<li>Shoulders</li>
		<li>Arms</li>
		<li>Hands</li>
		<li>Legs</li>
		<li>Feet</li>
	  </bodyPartGroups>
      <layers>
        <li>OnSkin</li>
		<li>Middle</li>
		<li>Overhead</li>
      </layers>
	  <tags>
		<li>EVA</li>
		<li>KotORDroidArmorT2</li>
		<li>KotORDroidArmorT2_mid</li>
		<li>KotORDroidArmorT2_miningdroid</li>
		<li>KotORDroidArmorT2_gladiator</li>
	  </tags>
    </apparel>
	<tradeTags>
      <li>guy762TT_DroidEquipment</li>
	  <li>guy762TT_DroidArmor</li>
    </tradeTags>
  </ThingDef>
  
  
  
  <ThingDef ParentName="KotORDroidArmor">
    <defName>guy762_DroidArmorMid_composite</defName>
    <label>Class II droid composite heavy plating</label>
    <description>This plating forgoes mobility in favor of sheer mass. The huge composite plates covering the droid do not allow the range of motion that other armor systems may grant their user, but in terms of physical protection, this plating is among the best in the galaxy.</description>
    <graphicData>
      <texPath>Items/droidarmor/droidarmor_medium_composite</texPath>
      <graphicClass>Graphic_Single</graphicClass>
    </graphicData>
    <techLevel>Spacer</techLevel>
    <statBases>
      <Mass>11</Mass>
      <EquipDelay>38</EquipDelay>
      <MarketValue>8525</MarketValue>
      <MaxHitPoints>350</MaxHitPoints>
	  <ArmorRating_Sharp>0.85</ArmorRating_Sharp>
	  <ArmorRating_Blunt>0.7</ArmorRating_Blunt>
	  <ArmorRating_Heat>0.95</ArmorRating_Heat>
    </statBases>
	<equippedStatOffsets>
		<MoveSpeed>-0.2</MoveSpeed>
		<MeleeDodgeChance>-0.2</MeleeDodgeChance>
		<IncomingDamageFactor>-0.1</IncomingDamageFactor>
	</equippedStatOffsets>
	
	<smeltable>false</smeltable>
    <apparel>
      <countsAsClothingForNudity>false</countsAsClothingForNudity>
      <careIfWornByCorpse>false</careIfWornByCorpse>
      <careIfDamaged>false</careIfDamaged>
      <ignoredByNonViolent>true</ignoredByNonViolent>
      <wearPerDay>0</wearPerDay>
      <bodyPartGroups>
		<li>FullHead</li>
		<li>Neck</li>
		<li>Torso</li>
		<li>Shoulders</li>
		<li>Arms</li>
		<li>Hands</li>
		<li>Legs</li>
		<li>Feet</li>
	  </bodyPartGroups>
      <layers>
        <li>OnSkin</li>
		<li>Middle</li>
		<li>Overhead</li>
      </layers>
	  <tags>
		<li>EVA</li>
		<li>KotORDroidArmorT2</li>
		<li>KotORDroidArmorT2_strong</li>
		<li>KotORDroidArmorT2_gladiator</li>
	  </tags>
    </apparel>
	<tradeTags>
      <li>guy762TT_DroidEquipment</li>
	  <li>guy762TT_DroidArmor</li>
    </tradeTags>
  </ThingDef>
  
  <ThingDef ParentName="KotORDroidArmor">
    <defName>guy762_DroidArmorMid_quadranium</defName>
    <label>Class II droid Quadranium armor</label>
    <description>Quadranium is an incredibly strong element used in the manufacture of starship fuel tanks. It was first applied to droid armor by Aratech during the development of droids that could be sent to clean starship engines and fuel tanks without sustaining any damage.</description>
    <graphicData>
      <texPath>Items/droidarmor/droidarmor_medium_quadranium</texPath>
      <graphicClass>Graphic_Single</graphicClass>
    </graphicData>
    <techLevel>Spacer</techLevel>
    <statBases>
      <Mass>8</Mass>
      <EquipDelay>38</EquipDelay>
      <MarketValue>12500</MarketValue>
      <MaxHitPoints>350</MaxHitPoints>
	  <ArmorRating_Sharp>0.75</ArmorRating_Sharp>
	  <ArmorRating_Blunt>0.6</ArmorRating_Blunt>
	  <ArmorRating_Heat>0.85</ArmorRating_Heat>
    </statBases>
	<equippedStatOffsets>
		<IncomingDamageFactor>-0.1</IncomingDamageFactor>
	</equippedStatOffsets>
	
	<smeltable>false</smeltable>
    <apparel>
      <countsAsClothingForNudity>false</countsAsClothingForNudity>
      <careIfWornByCorpse>false</careIfWornByCorpse>
      <careIfDamaged>false</careIfDamaged>
      <ignoredByNonViolent>true</ignoredByNonViolent>
      <wearPerDay>0</wearPerDay>
      <bodyPartGroups>
		<li>FullHead</li>
		<li>Neck</li>
		<li>Torso</li>
		<li>Shoulders</li>
		<li>Arms</li>
		<li>Hands</li>
		<li>Legs</li>
		<li>Feet</li>
	  </bodyPartGroups>
      <layers>
        <li>OnSkin</li>
		<li>Middle</li>
		<li>Overhead</li>
      </layers>
	  <tags>
		<li>EVA</li>
		<li>KotORDroidArmorT2_strong</li>
	  </tags>
    </apparel>
	<tradeTags>
      <li>guy762TT_DroidEquipment</li>
	  <li>guy762TT_DroidArmor</li>
    </tradeTags>
	<!--comps>
      <li Class="AthenaFramework.CompProperties_AdvancedArmor">
        <armorPackages>
			<li>
				<ArmorPackage>
					<defArmors>
						<li>
							<guy762_RangedDamage_energy>2.5</guy762_RangedDamage_energy>
						</li>
						<li>
							<guy762_BeamDamage_energy>2.5</guy762_BeamDamage_energy>
						</li>
						<li>
							<guy762_MeleeDamage_energy>2.5</guy762_MeleeDamage_energy>
						</li>
						<li>
							<guy762_MeleeDamage_ecut>2.5</guy762_MeleeDamage_ecut>
						</li>
						<li>
							<guy762_MeleeDamage_estab>2.5</guy762_MeleeDamage_estab>
						</li>
						<li>
							<guy762_ExplosiveDamage_energy>2.5</guy762_ExplosiveDamage_energy>
						</li>
						<li>
							<guy762_GrenadeDamage_energy>2.5</guy762_GrenadeDamage_energy>
						</li>
						<li>
							<guy762_GrenadeDamage_thermaldet>2.5</guy762_GrenadeDamage_thermaldet>
						</li>
						<li>
							<Beam>2.5</Beam>
						</li>
						<li>
							<Flame>10</Flame>
						</li>
						<li>
							<Burn>10</Burn>
						</li>
						<li>
							<guy762_GrenadeDamage_plasma>10</guy762_GrenadeDamage_plasma>
						</li>
						<li>
							<EMP>2.5</EMP>
						</li>
						<li>
							<guy762_RangedDamage_sonic>2.5</guy762_RangedDamage_sonic>
						</li>
						<li>
							<guy762_MeleeDamage_sonic>2.5</guy762_MeleeDamage_sonic>
						</li>
						<li>
							<guy762_GrenadeDamage_sonic>2.5</guy762_GrenadeDamage_sonic>
						</li>
						<li>
							<Thump>2.5</Thump>
						</li>
					</defArmors>
				</ArmorPackage>
			</li>
		</armorPackages>
      </li>
    </comps-->
  </ThingDef>
  
</Defs>
