﻿<?xml version="1.0" encoding="utf-8" ?>
<Defs>
  
  <ThingDef ParentName="guy762_DroidArmorMakeable">
    <defName>guy762_DroidArmorHvy</defName>
    <label>Class III droid armor</label>
    <description>The heaviest protection available, this type of plating is uncommon due to the cost involved in production. It is best suited to specialized assault droids, though such units are highly regulated.</description>
    <graphicData>
      <texPath>Items/droidarmor/droidarmor_heavy_stuffable</texPath>
      <graphicClass>Graphic_Single</graphicClass>
	  <drawSize>1.2</drawSize>
    </graphicData>
    <techLevel>Spacer</techLevel>
	<thingCategories>
      <li>guy762_ApparelDroid</li>
    </thingCategories>
    <statBases>
      <Mass>16</Mass>
      <EquipDelay>50</EquipDelay>
      <MarketValue>1250</MarketValue>
	  <MaxHitPoints>475</MaxHitPoints>
	  <StuffEffectMultiplierArmor>0.7</StuffEffectMultiplierArmor>
	  <WorkToMake>30000</WorkToMake>
    </statBases>
	<equippedStatOffsets>
		<IncomingDamageFactor>-0.15</IncomingDamageFactor>
	</equippedStatOffsets>
	
	<recipeMaker>
      <skillRequirements>
			<Crafting>10</Crafting>
		</skillRequirements>
    </recipeMaker>
	<stuffCategories>
		<li>Metallic</li>
	</stuffCategories>
	<costStuffCount>240</costStuffCount>
    <apparel>
      <countsAsClothingForNudity>false</countsAsClothingForNudity>
      <careIfWornByCorpse>false</careIfWornByCorpse>
      <careIfDamaged>false</careIfDamaged>
      <ignoredByNonViolent>true</ignoredByNonViolent>
      <wearPerDay>0</wearPerDay>
      <bodyPartGroups>
		<li>FullHead</li>
		<li>Neck</li>
		<li>Torso</li>
		<li>Shoulders</li>
		<li>Arms</li>
		<li>Hands</li>
		<li>Legs</li>
		<li>Feet</li>
	  </bodyPartGroups>
      <layers>
        <li>OnSkin</li>
		<li>Middle</li>
		<li>Overhead</li>
      </layers>
	  <tags>
		<li>EVA</li>
		<li>KotORDroidArmorT3</li>
		<li>KotORDroidArmorT3_stuffable</li>
	  </tags>
    </apparel>
	<tradeTags>
      <li>guy762TT_DroidEquipment</li>
	  <li>guy762TT_DroidArmor</li>
    </tradeTags>
  </ThingDef>
  
  
  
  <ThingDef ParentName="KotORDroidArmor">
    <defName>guy762_DroidArmorHvy_env</defName>
    <label>Class III droid environmental plating</label>
    <description>Essential for both deep space and terrestrial mining operations, this plating protects the unit from temperature extremes, allowing it to comfortably operate in environments that would normally kill an organic.</description>
    <graphicData>
      <texPath>Items/droidarmor/droidarmor_heavy_env</texPath>
      <graphicClass>Graphic_Single</graphicClass>
	  <drawSize>1.2</drawSize>
    </graphicData>
    <techLevel>Spacer</techLevel>
    <statBases>
      <Mass>16</Mass>
      <EquipDelay>50</EquipDelay>
      <MarketValue>1750</MarketValue>
      <MaxHitPoints>475</MaxHitPoints>
	  <ArmorRating_Sharp>0.75</ArmorRating_Sharp>
	  <ArmorRating_Blunt>0.6</ArmorRating_Blunt>
	  <ArmorRating_Heat>0.85</ArmorRating_Heat>
	  <Insulation_Cold>100</Insulation_Cold>
      <Insulation_Heat>100</Insulation_Heat>
    </statBases>
	<equippedStatOffsets>
		<IncomingDamageFactor>-0.15</IncomingDamageFactor>
	</equippedStatOffsets>
	
	<smeltable>false</smeltable>
    <apparel>
      <countsAsClothingForNudity>false</countsAsClothingForNudity>
      <careIfWornByCorpse>false</careIfWornByCorpse>
      <careIfDamaged>false</careIfDamaged>
      <ignoredByNonViolent>true</ignoredByNonViolent>
      <wearPerDay>0</wearPerDay>
      <bodyPartGroups>
		<li>FullHead</li>
		<li>Neck</li>
		<li>Torso</li>
		<li>Shoulders</li>
		<li>Arms</li>
		<li>Hands</li>
		<li>Legs</li>
		<li>Feet</li>
	  </bodyPartGroups>
      <layers>
        <li>OnSkin</li>
		<li>Middle</li>
		<li>Overhead</li>
      </layers>
	  <tags>
		<li>EVA</li>
		<li>KotORDroidArmorT3</li>
		<li>KotORDroidArmorT3_weak</li>
		<li>KotORDroidArmorT3_miningdroid</li>
	  </tags>
    </apparel>
	<tradeTags>
      <li>guy762TT_DroidEquipment</li>
	  <li>guy762TT_DroidArmor</li>
    </tradeTags>
  </ThingDef>
  
  <ThingDef ParentName="KotORDroidArmor">
    <defName>guy762_DroidArmorHvy_desh</defName>
    <label>Class III droid Desh plating</label>
    <description>Desh is a very flexible, but less sturdy metal. When combined with another metal, it provides cost-effective way to protect droids. This armor uses a desh and maranium alloy that cuts the weight and expense, but at a cost to the durability.</description>
    <graphicData>
      <texPath>Items/droidarmor/droidarmor_heavy_desh</texPath>
      <graphicClass>Graphic_Single</graphicClass>
	  <drawSize>1.2</drawSize>
    </graphicData>
    <techLevel>Spacer</techLevel>
    <statBases>
      <Mass>13</Mass>
      <EquipDelay>50</EquipDelay>
      <MarketValue>3000</MarketValue>
      <MaxHitPoints>100</MaxHitPoints>
	  <ArmorRating_Sharp>0.75</ArmorRating_Sharp>
	  <ArmorRating_Blunt>0.6</ArmorRating_Blunt>
	  <ArmorRating_Heat>0.85</ArmorRating_Heat>
    </statBases>
	<equippedStatOffsets>
		<MoveSpeed>0.1</MoveSpeed>
		<MeleeDodgeChance>0.1</MeleeDodgeChance>
		<IncomingDamageFactor>-0.15</IncomingDamageFactor>
	</equippedStatOffsets>
	
	<smeltable>false</smeltable>
    <apparel>
      <countsAsClothingForNudity>false</countsAsClothingForNudity>
      <careIfWornByCorpse>false</careIfWornByCorpse>
      <careIfDamaged>false</careIfDamaged>
      <ignoredByNonViolent>true</ignoredByNonViolent>
      <wearPerDay>0</wearPerDay>
      <bodyPartGroups>
		<li>FullHead</li>
		<li>Neck</li>
		<li>Torso</li>
		<li>Shoulders</li>
		<li>Arms</li>
		<li>Hands</li>
		<li>Legs</li>
		<li>Feet</li>
	  </bodyPartGroups>
      <layers>
        <li>OnSkin</li>
		<li>Middle</li>
		<li>Overhead</li>
      </layers>
	  <tags>
		<li>EVA</li>
		<li>KotORDroidArmorT3</li>
		<li>KotORDroidArmorT3_weak</li>
	  </tags>
    </apparel>
	<tradeTags>
      <li>guy762TT_DroidEquipment</li>
	  <li>guy762TT_DroidArmor</li>
    </tradeTags>
  </ThingDef>
 
  <ThingDef ParentName="KotORDroidArmor">
    <defName>guy762_DroidArmorHvy_czerka</defName>
    <label>Class III Czerka droid armor</label>
    <description>Though lacking compared to other plating kits of this class, this remains the ideal cost-efficient choice for fielding large divisions of assault droids.</description>
    <graphicData>
      <texPath>Items/droidarmor/droidarmor_heavy_czerka</texPath>
      <graphicClass>Graphic_Single</graphicClass>
	  <drawSize>1.2</drawSize>
    </graphicData>
    <techLevel>Spacer</techLevel>
    <statBases>
      <Mass>16</Mass>
      <EquipDelay>50</EquipDelay>
      <MarketValue>2500</MarketValue>
      <MaxHitPoints>475</MaxHitPoints>
	  <ArmorRating_Sharp>0.85</ArmorRating_Sharp>
	  <ArmorRating_Blunt>0.7</ArmorRating_Blunt>
	  <ArmorRating_Heat>0.95</ArmorRating_Heat>
	  <Insulation_Cold>50</Insulation_Cold>
      <Insulation_Heat>50</Insulation_Heat>
    </statBases>
	<equippedStatOffsets>
		<IncomingDamageFactor>-0.15</IncomingDamageFactor>
	</equippedStatOffsets>
	
	<smeltable>false</smeltable>
    <apparel>
      <countsAsClothingForNudity>false</countsAsClothingForNudity>
      <careIfWornByCorpse>false</careIfWornByCorpse>
      <careIfDamaged>false</careIfDamaged>
      <ignoredByNonViolent>true</ignoredByNonViolent>
      <wearPerDay>0</wearPerDay>
      <bodyPartGroups>
		<li>FullHead</li>
		<li>Neck</li>
		<li>Torso</li>
		<li>Shoulders</li>
		<li>Arms</li>
		<li>Hands</li>
		<li>Legs</li>
		<li>Feet</li>
	  </bodyPartGroups>
      <layers>
        <li>OnSkin</li>
		<li>Middle</li>
		<li>Overhead</li>
      </layers>
	  <tags>
		<li>EVA</li>
		<li>KotORDroidArmorT3</li>
		<li>KotORDroidArmorT3_mid</li>
		<li>KotORDroidArmorT3_czerka</li>
	  </tags>
    </apparel>
	<tradeTags>
      <li>guy762TT_DroidEquipment</li>
	  <li>guy762TT_DroidArmor</li>
	  <li>guy762TT_CzerkaProduct</li>
    </tradeTags>
  </ThingDef>
  
  <ThingDef ParentName="KotORDroidArmor">
    <defName>guy762_DroidArmorHvy_impact</defName>
    <label>Class III droid impact armor</label>
    <description>Impact armor is designed to help absorb some of the wear-and-tear droids can take in an active workplace and save the chassis from major damage.</description>
    <graphicData>
      <texPath>Items/droidarmor/droidarmor_heavy_impact</texPath>
      <graphicClass>Graphic_Single</graphicClass>
	  <drawSize>1.2</drawSize>
    </graphicData>
    <techLevel>Spacer</techLevel>
    <statBases>
      <Mass>18</Mass>
      <EquipDelay>50</EquipDelay>
      <MarketValue>6750</MarketValue>
      <MaxHitPoints>475</MaxHitPoints>
	  <ArmorRating_Sharp>0.85</ArmorRating_Sharp>
	  <ArmorRating_Blunt>0.95</ArmorRating_Blunt>
	  <ArmorRating_Heat>0.95</ArmorRating_Heat>
    </statBases>
	<equippedStatOffsets>
		<IncomingDamageFactor>-0.15</IncomingDamageFactor>
	</equippedStatOffsets>
	
	<smeltable>false</smeltable>
    <apparel>
      <countsAsClothingForNudity>false</countsAsClothingForNudity>
      <careIfWornByCorpse>false</careIfWornByCorpse>
      <careIfDamaged>false</careIfDamaged>
      <ignoredByNonViolent>true</ignoredByNonViolent>
      <wearPerDay>0</wearPerDay>
      <bodyPartGroups>
		<li>FullHead</li>
		<li>Neck</li>
		<li>Torso</li>
		<li>Shoulders</li>
		<li>Arms</li>
		<li>Hands</li>
		<li>Legs</li>
		<li>Feet</li>
	  </bodyPartGroups>
      <layers>
        <li>OnSkin</li>
		<li>Middle</li>
		<li>Overhead</li>
      </layers>
	  <tags>
		<li>EVA</li>
		<li>KotORDroidArmorT3</li>
		<li>KotORDroidArmorT3_mid</li>
		<li>KotORDroidArmorT3_miningdroid</li>
	  </tags>
    </apparel>
	<tradeTags>
      <li>guy762TT_DroidEquipment</li>
	  <li>guy762TT_DroidArmor</li>
    </tradeTags>
  </ThingDef>
  
  
  
  <ThingDef ParentName="KotORDroidArmor">
    <defName>guy762_DroidArmorHvy_composite</defName>
    <label>Class III droid composite heavy plating</label>
    <description>This plating forgoes mobility in favor of sheer mass. The huge composite plates covering the droid do not allow the range of motion that other armor systems may grant their user, but in terms of physical protection, this plating is among the best in the galaxy.</description>
    <graphicData>
      <texPath>Items/droidarmor/droidarmor_heavy_composite</texPath>
      <graphicClass>Graphic_Single</graphicClass>
	  <drawSize>1.2</drawSize>
    </graphicData>
    <techLevel>Spacer</techLevel>
    <statBases>
      <Mass>20</Mass>
      <EquipDelay>50</EquipDelay>
      <MarketValue>10150</MarketValue>
      <MaxHitPoints>475</MaxHitPoints>
	  <ArmorRating_Sharp>1.05</ArmorRating_Sharp>
	  <ArmorRating_Blunt>0.9</ArmorRating_Blunt>
	  <ArmorRating_Heat>1.15</ArmorRating_Heat>
    </statBases>
	<equippedStatOffsets>
		<MoveSpeed>-0.2</MoveSpeed>
		<MeleeDodgeChance>-0.2</MeleeDodgeChance>
		<IncomingDamageFactor>-0.15</IncomingDamageFactor>
	</equippedStatOffsets>
	
	<smeltable>false</smeltable>
    <apparel>
      <countsAsClothingForNudity>false</countsAsClothingForNudity>
      <careIfWornByCorpse>false</careIfWornByCorpse>
      <careIfDamaged>false</careIfDamaged>
      <ignoredByNonViolent>true</ignoredByNonViolent>
      <wearPerDay>0</wearPerDay>
      <bodyPartGroups>
		<li>FullHead</li>
		<li>Neck</li>
		<li>Torso</li>
		<li>Shoulders</li>
		<li>Arms</li>
		<li>Hands</li>
		<li>Legs</li>
		<li>Feet</li>
	  </bodyPartGroups>
      <layers>
        <li>OnSkin</li>
		<li>Middle</li>
		<li>Overhead</li>
      </layers>
	  <tags>
		<li>EVA</li>
		<li>KotORDroidArmorT3</li>
		<li>KotORDroidArmorT3_strong</li>
	  </tags>
    </apparel>
	<tradeTags>
      <li>guy762TT_DroidEquipment</li>
	  <li>guy762TT_DroidArmor</li>
    </tradeTags>
  </ThingDef>
  
  <ThingDef ParentName="KotORDroidArmor">
    <defName>guy762_DroidArmorHvy_diatium</defName>
    <label>Class III droid Diatium armor</label>
    <description>Diatium is used in the construction of armor sheets that protect vital military installations and structures that are in close proximity to asteroid fields. Prohibitively heavy and expensive to shape on such a small scale, Diatium droid armor is very rarely made.</description>
    <graphicData>
      <texPath>Items/droidarmor/droidarmor_heavy_diatium</texPath>
      <graphicClass>Graphic_Single</graphicClass>
	  <drawSize>1.2</drawSize>
    </graphicData>
    <techLevel>Spacer</techLevel>
    <statBases>
      <Mass>24</Mass>
      <EquipDelay>50</EquipDelay>
      <MarketValue>14850</MarketValue>
      <MaxHitPoints>475</MaxHitPoints>
	  <ArmorRating_Sharp>0.95</ArmorRating_Sharp>
	  <ArmorRating_Blunt>0.8</ArmorRating_Blunt>
	  <ArmorRating_Heat>1.05</ArmorRating_Heat>
    </statBases>
	<equippedStatOffsets>
		<MoveSpeed>-0.2</MoveSpeed>
		<MeleeDodgeChance>-0.2</MeleeDodgeChance>
		<IncomingDamageFactor>-0.15</IncomingDamageFactor>
	</equippedStatOffsets>
	
	<smeltable>false</smeltable>
    <apparel>
      <countsAsClothingForNudity>false</countsAsClothingForNudity>
      <careIfWornByCorpse>false</careIfWornByCorpse>
      <careIfDamaged>false</careIfDamaged>
      <ignoredByNonViolent>true</ignoredByNonViolent>
      <wearPerDay>0</wearPerDay>
      <bodyPartGroups>
		<li>FullHead</li>
		<li>Neck</li>
		<li>Torso</li>
		<li>Shoulders</li>
		<li>Arms</li>
		<li>Hands</li>
		<li>Legs</li>
		<li>Feet</li>
	  </bodyPartGroups>
      <layers>
        <li>OnSkin</li>
		<li>Middle</li>
		<li>Overhead</li>
      </layers>
	  <tags>
		<li>EVA</li>
		<li>KotORDroidArmorT3_strong</li>
	  </tags>
    </apparel>
	<tradeTags>
      <li>guy762TT_DroidEquipment</li>
	  <li>guy762TT_DroidArmor</li>
    </tradeTags>
	<!--comps>
      <li Class="AthenaFramework.CompProperties_AdvancedArmor">
        <armorPackages>
			<li>
				<ArmorPackage>
					<defArmors>
						<li>
							<Cut>7.5</Cut>
						</li>
						<li>
							<Crush>7.5</Crush>
						</li>
						<li>
							<Blunt>7.5</Blunt>
						</li>
						<li>
							<Poke>7.5</Poke>
						</li>
						<li>
							<Stab>7.5</Stab>
						</li>
						<li>
							<Scratch>7.5</Scratch>
						</li>
						<li>
							<ScratchToxic>7.5</ScratchToxic>
						</li>
						<li>
							<Bite>7.5</Bite>
						</li>
						<li>
							<ToxicBite>7.5</ToxicBite>
						</li>
						<li>
							<RangedStab>7.5</RangedStab>
						</li>
						<li>
							<Bullet>7.5</Bullet>
						</li>
						<li>
							<Arrow>7.5</Arrow>
						</li>
						<li>
							<ArrowHighVelocity>7.5</ArrowHighVelocity>
						</li>
						<li>
							<TornadoScratch>7.5</TornadoScratch>
						</li>
					</defArmors>
				</ArmorPackage>
			</li>
		</armorPackages>
      </li>
    </comps-->
  </ThingDef>
  
</Defs>
