﻿<?xml version="1.0" encoding="UTF-8"?>
<Defs>

  <HediffDef>
    <defName>guy762_repairkitHeal</defName>
    <description>A droid's auto-repair functions, boosted by a repair kit.</description>
    <label>repair kit</label>
	<hediffClass>HediffWithComps</hediffClass>
    <maxSeverity>1.0</maxSeverity>
    <stages>
      <li>
        <naturalHealingFactor>1000</naturalHealingFactor>
        <totalBleedFactor>0.75</totalBleedFactor>
      </li>
    </stages>
    <comps>
      <!--2,500 ticks per hour in game-->
      <li Class="HediffCompProperties_Disappears">
        <disappearsAfterTicks>500</disappearsAfterTicks>
      </li>
    </comps>
  </HediffDef>
  
  <ThingDef ParentName="DrugPillBase">
    <defName>guy762_repairkit</defName>
    <label>repair kit</label>
    <description>Included are the basic tools needed to repair a droid that has been damaged in combat. They can only be used by droids.</description>
	<possessionCount>7</possessionCount>
    <graphicData>
      <texPath>Items/repairkits/repairkit</texPath>
      <graphicClass>Graphic_StackCount</graphicClass>
	  <drawSize>0.85</drawSize>
    </graphicData>
    <socialPropernessMatters>false</socialPropernessMatters>
    <rotatable>false</rotatable>
    <statBases>
      <MarketValue>25</MarketValue>
	  <WorkToMake>1000</WorkToMake>
      <Mass>0.04</Mass>
      <Flammability>0.5</Flammability>
    </statBases>
	<stackLimit>25</stackLimit>
    <techLevel>Spacer</techLevel>
    <ingestible>
      <drugCategory>Medical</drugCategory>
      <baseIngestTicks>10</baseIngestTicks>
	  <ingestSound>kotorsound_upgrade</ingestSound>
	  <outcomeDoers>
        <li Class="IngestionOutcomeDoer_GiveHediff">
          <hediffDef>guy762_repairkitHeal</hediffDef>
          <severity>1.0</severity>
        </li>
      </outcomeDoers>
    </ingestible>
	<tradeTags>
      <li>guy762TT_DroidEquipment</li>
      <li>guy762TT_DroidConsumables</li>
    </tradeTags>
    <comps>
      <li Class="InstantHealingDrug.CompProperties_DrugInstantHeal">
        <listOrder>1759</listOrder>
		<isCombatEnhancingDrug>true</isCombatEnhancingDrug>
      </li>
    </comps>
	<modExtensions>
		<li Class="MechHumanlikes.MHC_NeedFulfillerExtension">
			<consumableByOrganics>false</consumableByOrganics>
		</li>
	</modExtensions>
    <orderedTakeGroup>Medicine</orderedTakeGroup>
	
	<recipeMaker>
      <!--researchPrerequisite></researchPrerequisite-->
      <recipeUsers>
        <li>ATR_MechPartWorkbench</li>
      </recipeUsers>
    </recipeMaker>
    <costList>
      <ComponentIndustrial>2</ComponentIndustrial>
    </costList>
  </ThingDef>
  
  
  
  
  
  
  <HediffDef>
    <defName>guy762_repairkitHeal_adv</defName>
    <description>A droid's auto-repair functions, boosted by an advanced repair kit.</description>
    <label>adv. repair kit</label>
	<hediffClass>HediffWithComps</hediffClass>
    <maxSeverity>1.0</maxSeverity>
    <stages>
      <li>
        <naturalHealingFactor>5000</naturalHealingFactor>
        <totalBleedFactor>0.5</totalBleedFactor>
      </li>
    </stages>
    <comps>
      <!--2,500 ticks per hour in game-->
      <li Class="HediffCompProperties_Disappears">
        <disappearsAfterTicks>1000</disappearsAfterTicks>
      </li>
    </comps>
  </HediffDef>
  
  <ThingDef ParentName="DrugPillBase">
    <defName>guy762_repairkit_adv</defName>
    <label>advanced repair kit</label>
    <description>Included are an improved assortment of tools and parts needed to repair a droid that has been damaged in combat. They can only be used by droids.</description>
	<possessionCount>5</possessionCount>
    <graphicData>
      <texPath>Items/repairkits/repairkit_adv</texPath>
      <graphicClass>Graphic_StackCount</graphicClass>
	  <drawSize>0.85</drawSize>
    </graphicData>
    <socialPropernessMatters>false</socialPropernessMatters>
    <rotatable>false</rotatable>
    <statBases>
      <MarketValue>50</MarketValue>
	  <WorkToMake>2000</WorkToMake>
      <Mass>0.04</Mass>
      <Flammability>0.05</Flammability>
    </statBases>
	<stackLimit>25</stackLimit>
    <techLevel>Spacer</techLevel>
    <ingestible>
      <drugCategory>Medical</drugCategory>
      <baseIngestTicks>10</baseIngestTicks>
	  <ingestSound>kotorsound_upgrade</ingestSound>
	  <outcomeDoers>
        <li Class="IngestionOutcomeDoer_GiveHediff">
          <hediffDef>guy762_repairkitHeal_adv</hediffDef>
          <severity>1.0</severity>
        </li>
      </outcomeDoers>
    </ingestible>
	<tradeTags>
      <li>guy762TT_DroidEquipment</li>
	  <li>guy762TT_DroidConsumables</li>
    </tradeTags>
    <comps>
      <li Class="InstantHealingDrug.CompProperties_DrugInstantHeal">
        <listOrder>1760</listOrder>
		<isCombatEnhancingDrug>true</isCombatEnhancingDrug>
      </li>
    </comps>
    <orderedTakeGroup>Medicine</orderedTakeGroup>
	<modExtensions>
		<li Class="MechHumanlikes.MHC_NeedFulfillerExtension">
			<consumableByOrganics>false</consumableByOrganics>
		</li>
	</modExtensions>
	
	<recipeMaker>
      <researchPrerequisite>MicroelectronicsBasics</researchPrerequisite>
	  <skillRequirements>
         <Crafting>6</Crafting>
	  </skillRequirements>
      <recipeUsers>
        <li>ATR_MechPartWorkbench</li>
      </recipeUsers>
    </recipeMaker>
    <costList>
      <ComponentIndustrial>5</ComponentIndustrial>
    </costList>
  </ThingDef>
  
  
  
  
  
  <HediffDef>
    <defName>guy762_repairkitHeal_con</defName>
    <description>A droid's auto-repair functions, boosted by a construction kit.</description>
    <label>construction kit</label>
	<hediffClass>HediffWithComps</hediffClass>
    <maxSeverity>1.0</maxSeverity>
    <stages>
      <li>
        <naturalHealingFactor>10000</naturalHealingFactor>
        <totalBleedFactor>0.25</totalBleedFactor>
      </li>
    </stages>
    <comps>
      <!--2,500 ticks per hour in game-->
      <li Class="HediffCompProperties_Disappears">
        <disappearsAfterTicks>1600</disappearsAfterTicks>
      </li>
    </comps>
  </HediffDef>
  
  <ThingDef ParentName="DrugPillBase">
    <defName>guy762_repairkit_con</defName>
    <label>construction kit</label>
    <description>Included are electrical regulators designed to isolate malfunctions and all the parts needed to repair a damaged droid. They can only be used by droids.</description>
	<possessionCount>3</possessionCount>
    <graphicData>
      <texPath>Items/repairkits/repairkit_con</texPath>
      <graphicClass>Graphic_StackCount</graphicClass>
	  <drawSize>0.85</drawSize>
    </graphicData>
    <socialPropernessMatters>false</socialPropernessMatters>
    <rotatable>false</rotatable>
    <statBases>
      <MarketValue>100</MarketValue>
	  <WorkToMake>3000</WorkToMake>
      <Mass>0.04</Mass>
      <Flammability>0.05</Flammability>
    </statBases>
	<stackLimit>25</stackLimit>
    <techLevel>Spacer</techLevel>
    <ingestible>
      <drugCategory>Medical</drugCategory>
      <baseIngestTicks>10</baseIngestTicks>
	  <ingestSound>kotorsound_upgrade</ingestSound>
	  <outcomeDoers>
        <li Class="IngestionOutcomeDoer_GiveHediff">
          <hediffDef>guy762_repairkitHeal_con</hediffDef>
          <severity>1.0</severity>
        </li>
      </outcomeDoers>
    </ingestible>
	<tradeTags>
      <li>guy762TT_DroidEquipment</li>
	  <li>guy762TT_DroidConsumables</li>
    </tradeTags>
    <comps>
      <li Class="InstantHealingDrug.CompProperties_DrugInstantHeal">
        <listOrder>1761</listOrder>
		<isCombatEnhancingDrug>true</isCombatEnhancingDrug>
      </li>
    </comps>
    <orderedTakeGroup>Medicine</orderedTakeGroup>
	<modExtensions>
		<li Class="MechHumanlikes.MHC_NeedFulfillerExtension">
			<consumableByOrganics>false</consumableByOrganics>
		</li>
	</modExtensions>
	
	<recipeMaker>
      <researchPrerequisite>AdvancedFabrication</researchPrerequisite>
	  <skillRequirements>
         <Crafting>12</Crafting>
	  </skillRequirements>
      <recipeUsers>
        <li>ATR_MechPartWorkbench</li>
      </recipeUsers>
    </recipeMaker>
    <costList>
      <ComponentIndustrial>6</ComponentIndustrial>
	  <ComponentSpacer>1</ComponentSpacer>
    </costList>
  </ThingDef>
  

  
  
</Defs>