﻿<?xml version="1.0" encoding="utf-8" ?>
<Defs>

  <IncidentDef>
    <defName>KotORIncident_HK51MIB</defName>
    <label>HK unit</label>
    <category>Special</category>
    <targetTags>
      <li>Map_PlayerHome</li>
    </targetTags>
    <workerClass>IncidentWorker_WandererJoin</workerClass>
    <letterLabel>HK unit</letterLabel>
    <letterText>Sensing trouble, a mysterious [PAWN_kind] has arrived.\n\nWill [PAWN_pronoun] be able to set things right in these parts?</letterText>
    <baseChance>0</baseChance>
    <minRefireDays>60</minRefireDays>
    <minGreatestPopulation>3</minGreatestPopulation>
    <pawnKind>KotORMIBColonist_HK51AD</pawnKind>
    <pawnMustBeCapableOfViolence>true</pawnMustBeCapableOfViolence>
  </IncidentDef>

</Defs>
