<?xml version="1.0" encoding="utf-8" ?>
<Patch>

	<Operation Class="PatchOperationAdd">
	  <xpath>Defs/GenStepDef[defName="BMT_CrystalsGenerator"]/genStep/groups</xpath>
	  <order>Append</order>
	  <value>
		<li>
		  <things>
			<KOTOR_SmallCrystal_red>0.15</KOTOR_SmallCrystal_red>
			<KOTOR_SmallCrystal_orange>0.15</KOTOR_SmallCrystal_orange>
			<KOTOR_SmallCrystal_yellow>0.15</KOTOR_SmallCrystal_yellow>
			<KOTOR_SmallCrystal_green>0.15</KOTOR_SmallCrystal_green>
			<KOTOR_SmallCrystal_blue>0.15</KOTOR_SmallCrystal_blue>
			<KOTOR_SmallCrystal_purple>0.15</KOTOR_SmallCrystal_purple>
			<KOTOR_SmallCrystal_white>0.10</KOTOR_SmallCrystal_white>
			
			<KOTOR_MediumCrystal_cool>0.1</KOTOR_MediumCrystal_cool>
			<KOTOR_MediumCrystal_soft>0.1</KOTOR_MediumCrystal_soft>
			<KOTOR_MediumCrystal_warm>0.1</KOTOR_MediumCrystal_warm>
			
			<KOTOR_StygiumCrystal>0.0833</KOTOR_StygiumCrystal>
			<KOTOR_LargeCrystal_cool>0.0833</KOTOR_LargeCrystal_cool>
			<KOTOR_LargeCrystal_warm>0.0833</KOTOR_LargeCrystal_warm>
		  </things>
		  <indoorRuin>false</indoorRuin>
		  <coveredCellsPer10Cells>0~1</coveredCellsPer10Cells>
		  <clusterRectRadius>3~5</clusterRectRadius>
		</li>
		<li>
		  <things>
			<KOTOR_SmallCrystal_red>0.05</KOTOR_SmallCrystal_red>
			<KOTOR_SmallCrystal_orange>0.05</KOTOR_SmallCrystal_orange>
			<KOTOR_SmallCrystal_yellow>0.05</KOTOR_SmallCrystal_yellow>
			<KOTOR_SmallCrystal_green>0.05</KOTOR_SmallCrystal_green>
			<KOTOR_SmallCrystal_blue>0.05</KOTOR_SmallCrystal_blue>
			<KOTOR_SmallCrystal_purple>0.05</KOTOR_SmallCrystal_purple>
			<KOTOR_SmallCrystal_white>0.05</KOTOR_SmallCrystal_white>
			
			<KOTOR_MediumCrystal_cool>0.1</KOTOR_MediumCrystal_cool>
			<KOTOR_MediumCrystal_soft>0.1</KOTOR_MediumCrystal_soft>
			<KOTOR_MediumCrystal_warm>0.1</KOTOR_MediumCrystal_warm>
			
			<KOTOR_StygiumCrystal>0.0833</KOTOR_StygiumCrystal>
			<KOTOR_LargeCrystal_cool>0.0833</KOTOR_LargeCrystal_cool>
			<KOTOR_LargeCrystal_warm>0.0833</KOTOR_LargeCrystal_warm>
		  </things>
		  <indoorRuin>false</indoorRuin>
		  <coveredCellsPer10Cells>0~1</coveredCellsPer10Cells>
		  <clusterRectRadius>4~5</clusterRectRadius>
		</li>
	  </value>
	</Operation>
	
	
	


</Patch>