<?xml version="1.0" encoding="utf-8" ?>
<Defs>

	<SoundDef>
		<defName>kotorsound_lightsaber_on</defName>	
		<context>MapOnly</context>
		<eventNames />	
		<maxSimultaneous>1</maxSimultaneous>	
		<subSounds>
			<li>
				<grains>
					<li Class="AudioGrain_Clip">
						<clipPath>kotorlightsaber/passive/cb_ls_powerup</clipPath>
					</li>
				</grains>	
				<volumeRange>
				<min>40</min>        
				<max>40</max>
				</volumeRange>  		
				<pitchRange>
					<min>0.8</min>				
					<max>1.2</max>
				</pitchRange>			
				<sustainLoop>False</sustainLoop>
			</li>
		</subSounds>
	</SoundDef>
	
	<SoundDef>
		<defName>kotorsound_lightsaber_off</defName>	
		<context>MapOnly</context>
		<eventNames />	
		<maxSimultaneous>1</maxSimultaneous>	
		<subSounds>
			<li>
				<grains>
					<li Class="AudioGrain_Clip">
						<clipPath>kotorlightsaber/passive/cb_ls_powerdown</clipPath>
					</li>
				</grains>	
				<volumeRange>
				<min>40</min>        
				<max>40</max>
				</volumeRange>  		
				<pitchRange>
					<min>0.8</min>				
					<max>1.2</max>
				</pitchRange>			
				<sustainLoop>False</sustainLoop>
			</li>
		</subSounds>
	</SoundDef>
	
	<SoundDef>
		<defName>kotorsound_lightsaber_deflect</defName>	
		<context>MapOnly</context>
		<eventNames />	
		<maxSimultaneous>1</maxSimultaneous>	
		<subSounds>
			<li>
				<grains>
					<li Class="AudioGrain_Folder">
						<clipFolderPath>kotorlightsaber/deflect</clipFolderPath>
					</li>
				</grains>	
				<volumeRange>
				<min>40</min>        
				<max>40</max>
				</volumeRange>  		
				<pitchRange>
					<min>0.8</min>				
					<max>1.2</max>
				</pitchRange>			
				<sustainLoop>False</sustainLoop>
			</li>
		</subSounds>
	</SoundDef>
	
	<SoundDef>
		<defName>kotorsound_lightsaber_hithard</defName>	
		<context>MapOnly</context>
		<eventNames />	
		<maxSimultaneous>1</maxSimultaneous>	
		<subSounds>
			<li>
				<grains>
					<li Class="AudioGrain_Folder">
						<clipFolderPath>kotorlightsaber/hithard</clipFolderPath>
					</li>
				</grains>	
				<volumeRange>
				<min>40</min>        
				<max>40</max>
				</volumeRange>  		
				<pitchRange>
					<min>0.8</min>				
					<max>1.2</max>
				</pitchRange>			
				<sustainLoop>False</sustainLoop>
			</li>
		</subSounds>
	</SoundDef>
	
	<SoundDef>
		<defName>kotorsound_lightsaber_hitsoft</defName>	
		<context>MapOnly</context>
		<eventNames />	
		<maxSimultaneous>1</maxSimultaneous>	
		<subSounds>
			<li>
				<grains>
					<li Class="AudioGrain_Folder">
						<clipFolderPath>kotorlightsaber/hitsoft</clipFolderPath>
					</li>
				</grains>	
				<volumeRange>
				<min>40</min>        
				<max>40</max>
				</volumeRange>  		
				<pitchRange>
					<min>0.8</min>				
					<max>1.2</max>
				</pitchRange>			
				<sustainLoop>False</sustainLoop>
			</li>
		</subSounds>
	</SoundDef>
	
	<SoundDef>
		<defName>kotorsound_lightsaber_swing</defName>	
		<context>MapOnly</context>
		<eventNames />	
		<maxSimultaneous>1</maxSimultaneous>	
		<subSounds>
			<li>
				<grains>
					<li Class="AudioGrain_Folder">
						<clipFolderPath>kotorlightsaber/swing</clipFolderPath>
					</li>
				</grains>	
				<volumeRange>
				<min>40</min>        
				<max>40</max>
				</volumeRange>  		
				<pitchRange>
					<min>0.8</min>				
					<max>1.2</max>
				</pitchRange>			
				<sustainLoop>False</sustainLoop>
			</li>
		</subSounds>
	</SoundDef>
	

</Defs>