<?xml version="1.0" encoding="utf-8" ?>
<Defs>

	
	
	
	<SoundDef>
		<defName>kotorsound_speedergun</defName>	
		<context>MapOnly</context>
		<eventNames />	
		<maxSimultaneous>1</maxSimultaneous>	
		<subSounds>
			<li>
				<grains>
					<li Class="AudioGrain_Clip">
						<clipPath>kotorblasters/wpn_stap_blaster_fire</clipPath>
					</li>
				</grains>	
				<volumeRange>
				<min>35</min>        
				<max>35</max>
				</volumeRange>  		
				<pitchRange>
					<min>0.8</min>				
					<max>1.2</max>
				</pitchRange>			
				<sustainLoop>False</sustainLoop>
			</li>
		</subSounds>
	</SoundDef>
	
	<SoundDef>
		<defName>kotorsound_ioncannon_small</defName>	
		<context>MapOnly</context>
		<eventNames />	
		<maxSimultaneous>1</maxSimultaneous>	
		<subSounds>
			<li>
				<grains>
					<li Class="AudioGrain_Clip">
						<clipPath>kotorblasters/ion_cannon3</clipPath>
					</li>
				</grains>	
				<volumeRange>
				<min>35</min>        
				<max>35</max>
				</volumeRange>  		
				<pitchRange>
					<min>0.8</min>				
					<max>1.2</max>
				</pitchRange>			
				<sustainLoop>False</sustainLoop>
			</li>
		</subSounds>
	</SoundDef>
	
	<SoundDef>
		<defName>kotorsound_soniccannon</defName>	
		<context>MapOnly</context>
		<eventNames />	
		<maxSimultaneous>1</maxSimultaneous>	
		<subSounds>
			<li>
				<grains>
					<li Class="AudioGrain_Clip">
						<clipPath>kotorblasters/wep_GEO_geoTrrtFire_m_01</clipPath>
					</li>
				</grains>	
				<volumeRange>
				<min>35</min>        
				<max>35</max>
				</volumeRange>  		
				<pitchRange>
					<min>0.8</min>				
					<max>1.2</max>
				</pitchRange>			
				<sustainLoop>False</sustainLoop>
			</li>
		</subSounds>
	</SoundDef>
	
	<SoundDef>
		<defName>kotorsound_massdrivergun</defName>	
		<context>MapOnly</context>
		<eventNames />	
		<maxSimultaneous>1</maxSimultaneous>	
		<subSounds>
			<li>
				<grains>
					<li Class="AudioGrain_Folder">
						<clipFolderPath>kotorblasters/massdriver</clipFolderPath>
					</li>
				</grains>	
				<volumeRange>
				<min>35</min>        
				<max>35</max>
				</volumeRange>  		
				<pitchRange>
					<min>1</min>				
					<max>1</max>
				</pitchRange>			
				<sustainLoop>False</sustainLoop>
			</li>
		</subSounds>
	</SoundDef>
	
</Defs>