<?xml version="1.0" encoding="utf-8" ?>
<Defs>

	
	<SoundDef>
		<defName>kotorsound_powercharge</defName>	
		<context>MapOnly</context>
		<eventNames />	
		<maxSimultaneous>1</maxSimultaneous>	
		<subSounds>
			<li>
				<grains>
					<li Class="AudioGrain_Clip">
						<clipPath>kotorblasters/v_fnf_pwrblast</clipPath>
					</li>
				</grains>	
				<volumeRange>
				<min>35</min>        
				<max>35</max>
				</volumeRange>  		
				<pitchRange>
					<min>0.8</min>				
					<max>1.2</max>
				</pitchRange>			
			</li>
		</subSounds>
	</SoundDef>
	
	<SoundDef>
		<defName>kotorsound_bowcharge</defName>	
		<context>MapOnly</context>
		<eventNames />	
		<maxSimultaneous>1</maxSimultaneous>	
		<subSounds>
			<li>
				<grains>
					<li Class="AudioGrain_Clip">
						<clipPath>kotorblasters/bow_altcharge</clipPath>
					</li>
				</grains>	
				<volumeRange>
				<min>35</min>        
				<max>35</max>
				</volumeRange>  		
				<pitchRange>
					<min>0.8</min>				
					<max>1.2</max>
				</pitchRange>			
			</li>
		</subSounds>
	</SoundDef>
	

	
	

	
	
	
	<SoundDef>
		<defName>kotorsound_blasterexplosion_mix</defName>	
		<context>MapOnly</context>
		<eventNames />	
		<maxSimultaneous>1</maxSimultaneous>	
		<subSounds>
			<li>
				<grains>
					<li Class="AudioGrain_Folder">
						<clipFolderPath>kotormisc/bowcasterexplosion</clipFolderPath>
					</li>
				</grains>	
				<volumeRange>
				<min>42.5</min>        
				<max>42.5</max>
				</volumeRange>  		
				<pitchRange>
					<min>0.8</min>				
					<max>1.2</max>
				</pitchRange>			
				<sustainLoop>False</sustainLoop>
			</li>
		</subSounds>
	</SoundDef>
	
</Defs>