<ModMetaData>
	<name>Star Wars KotOR Droids</name>
	<packageId>guy762.KotORDroids</packageId>
	<author>guy762</author>
	<description>Adds droids from Star Wars: Knights of the Old Republic and Star Wars: Knights of the Old Republic II - The Sith Lords.</description>
	<supportedVersions>
		<li>1.4</li>
	</supportedVersions>
	
	<modDependencies>
		<li>
			<packageId>Ludeon.RimWorld.Biotech</packageId>
			<displayName>Biotech</displayName>
		</li>
		<li>
			<packageId>OskarPotocki.VanillaFactionsExpanded.Core</packageId>
			<displayName>Vanilla Expanded Framework</displayName>
			<steamWorkshopUrl>steam://url/CommunityFilePage/2023507013</steamWorkshopUrl>
			<downloadUrl>https://github.com/Vanilla-Expanded/VanillaExpandedFramework</downloadUrl>
		  </li>
		<li>
			<packageId>smartkar.athenaframework</packageId>
			<displayName>Athena Framework</displayName>
			<steamWorkshopUrl>steam://url/CommunityFilePage/2903359518</steamWorkshopUrl>
		  </li>
		<li>
            <packageId>Killathon.MechHumanlikes.AndroidTiersCore</packageId>
            <displayName>Android Tiers Core</displayName>
            <steamWorkshopUrl></steamWorkshopUrl>
            <downloadUrl>https://github.com/RWDevathon/Android-Tiers-Reforged-Core</downloadUrl>
        </li>
		<li>
            <packageId>guy762.KotORWeapons.2E</packageId>
            <displayName>Star Wars KotOR Weapons and Armor</displayName>
            <steamWorkshopUrl>https://steamcommunity.com/sharedfiles/filedetails/?id=2938932438</steamWorkshopUrl>
        </li>
	</modDependencies>
	

	<loadAfter>
		<li>Ludeon.RimWorld</li>
		<li>Ludeon.RimWorld.Biotech</li>
		<li>OskarPotocki.VanillaFactionsExpanded.Core</li>
		<li>smartkar.athenaframework</li>
		<li>Orion.Hospitality</li>
		<li>Killathon.MechHumanlikes.AndroidTiersCore</li>
		
		<li>MG.KnightsOfTheOuterRim</li>
		
		<li>guy762.KotORWeapons.2E</li>
		<li>guy762.KotORGadgets</li>
	</loadAfter>
	<loadBefore>
		<li>guy762.KotORFactions</li>
	</loadBefore>
</ModMetaData>