<?xml version="1.0" encoding="utf-8" ?>
<Defs>

	<SoundDef>
		<defName>kotorsound_SentinelWD_death</defName>	
		<context>MapOnly</context>
		<eventNames />	
		<maxSimultaneous>1</maxSimultaneous>	
		<subSounds>
			<li>
				<grains>
					<li Class="AudioGrain_Clip">
						<clipPath>SentWD/c_drdwar_dead</clipPath>
					</li>
				</grains>	
				<volumeRange>
				<min>45</min>        
				<max>45</max>
				</volumeRange>  		
				<pitchRange>
					<min>0.8</min>				
					<max>1.2</max>
				</pitchRange>			
				<sustainLoop>False</sustainLoop>
			</li>
		</subSounds>
	</SoundDef>
	
	<SoundDef>
		<defName>kotorsound_SentinelWD_wounded</defName>	
		<context>MapOnly</context>
		<eventNames />	
		<maxSimultaneous>1</maxSimultaneous>	
		<subSounds>
			<li>
				<grains>
					<li Class="AudioGrain_Clip">
						<clipPath>SentWD/c_drdwar_hit1</clipPath>
					</li>
				</grains>	
				<volumeRange>
				<min>45</min>        
				<max>45</max>
				</volumeRange>  		
				<pitchRange>
					<min>0.8</min>				
					<max>1.2</max>
				</pitchRange>			
				<sustainLoop>False</sustainLoop>
			</li>
		</subSounds>
	</SoundDef>
	
	<SoundDef>
		<defName>kotorsound_SentinelWD_ambient</defName>	
		<context>MapOnly</context>
		<eventNames />	
		<maxSimultaneous>1</maxSimultaneous>	
		<subSounds>
			<li>
				<grains>
					<li Class="AudioGrain_Clip">
						<clipPath>SentWD/c_drdwar_slct</clipPath>
					</li>
				</grains>	
				<volumeRange>
				<min>45</min>        
				<max>45</max>
				</volumeRange>  		
				<pitchRange>
					<min>0.8</min>				
					<max>1.2</max>
				</pitchRange>			
				<sustainLoop>False</sustainLoop>
			</li>
		</subSounds>
	</SoundDef>
	
	<SoundDef>
		<defName>kotorsound_SentinelWD_angry</defName>	
		<context>MapOnly</context>
		<eventNames />	
		<maxSimultaneous>1</maxSimultaneous>	
		<subSounds>
			<li>
				<grains>
					<li Class="AudioGrain_Clip">
						<clipPath>SentWD/c_drdwar_atk1</clipPath>
					</li>
				</grains>	
				<volumeRange>
				<min>45</min>        
				<max>45</max>
				</volumeRange>  		
				<pitchRange>
					<min>0.8</min>				
					<max>1.2</max>
				</pitchRange>			
				<sustainLoop>False</sustainLoop>
			</li>
		</subSounds>
	</SoundDef>
	
	<SoundDef>
		<defName>kotorsound_SentinelWD_call</defName>	
		<context>MapOnly</context>
		<eventNames />	
		<maxSimultaneous>1</maxSimultaneous>	
		<subSounds>
			<li>
				<grains>
					<li Class="AudioGrain_Clip">
						<clipPath>SentWD/c_drdwar_bat1</clipPath>
					</li>
				</grains>	
				<volumeRange>
				<min>45</min>        
				<max>45</max>
				</volumeRange>  		
				<pitchRange>
					<min>0.8</min>				
					<max>1.2</max>
				</pitchRange>			
				<sustainLoop>False</sustainLoop>
			</li>
		</subSounds>
	</SoundDef>
	
	
</Defs>