<?xml version="1.0" encoding="utf-8" ?>
<Defs>
  
   
   <HediffDef>
    <defName>guy762_SonicDisorient</defName>
    <label>sonic disorientation</label>
    <description>Sonic-based disorientation, reduces hearing and consciousness.</description>
    <defaultLabelColor>(0, 0.5, 0)</defaultLabelColor>
    <hediffClass>HediffWithComps</hediffClass>
	<displayWound>false</displayWound>
    <maxSeverity>0.5</maxSeverity>
    <comps>
      <li Class="HediffCompProperties_SelfHeal">
        <healAmount>0.01</healAmount>
      </li>
    </comps>
	<stages>
	  <li>
        <label>initial</label>
		<minSeverity>0</minSeverity>
        <becomeVisible>false</becomeVisible>
      </li>
      <li>
        <label>minor</label>
        <minSeverity>0.04</minSeverity>
        <capMods>
          <li>
            <capacity>Consciousness</capacity>
            <offset>-0.05</offset>
          </li>
		  <li>
            <capacity>Hearing</capacity>
            <offset>-0.33</offset>
          </li>
        </capMods>
      </li>
      <li>
        <label>moderate</label>
		<minSeverity>0.20</minSeverity>
        <capMods>
          <li>
            <capacity>Consciousness</capacity>
            <setMax>0.75</setMax>
          </li>
		  <li>
            <capacity>Hearing</capacity>
            <offset>-0.66</offset>
          </li>
        </capMods>
      </li>
      <li>
        <label>serious</label>
        <minSeverity>0.40</minSeverity>
        <capMods>
          <li>
            <capacity>Consciousness</capacity>
            <setMax>0.50</setMax>
          </li>
		  <li>
            <capacity>Hearing</capacity>
            <offset>-1</offset>
          </li>
        </capMods>
      </li>
    </stages>
  </HediffDef>

</Defs>