<?xml version="1.0" encoding="utf-8" ?>
<Defs>
  
   
   <HediffDef>
    <defName>guy762_Electrocuted</defName>
    <label>electrocuted</label>
    <description>Residual pain from being electrocuted.</description>
    <defaultLabelColor>(0, 0.5, 0.5)</defaultLabelColor>
    <hediffClass>HediffWithComps</hediffClass>
	<displayWound>false</displayWound>
    <minSeverity>0.001</minSeverity>
    <maxSeverity>1</maxSeverity>
    <initialSeverity>0.1</initialSeverity>
    <comps>
      <li Class="HediffCompProperties_SelfHeal">
        <healAmount>0.05</healAmount>
      </li>
    </comps>
	<stages>
	  <li>
        <painOffset>0.2</painOffset>
        <label>mild pain</label>
      </li>
      <li>
        <minSeverity>0.5</minSeverity>
        <label>intense pain</label>
        <painOffset>0.6</painOffset>
      </li>
	  <li>
        <minSeverity>0.9</minSeverity>
        <label>extreme pain</label>
        <painOffset>0.9</painOffset>
      </li>
    </stages>
  </HediffDef>

</Defs>