<?xml version="1.0" encoding="utf-8" ?>
<Defs>
  
   <HediffDef>
    <defName>guy762_IonizationBuildup</defName>
    <label>ionization buildup</label>
    <description>Ionization buildup in a droid or mechanoid.</description>
    <defaultLabelColor>(0, 1.0, 1.0)</defaultLabelColor>
    <makesSickThought>true</makesSickThought>
	<hediffClass>HediffWithComps</hediffClass>
	<comps>
      <li Class="HediffCompProperties_SelfHeal">
        <healAmount>0.001</healAmount>
      </li>
    </comps>
    <stages>
      <li>
        <label>initial</label>
		<minSeverity>0</minSeverity>
        <becomeVisible>false</becomeVisible>
      </li>
      <li>
        <label>initial</label>
        <minSeverity>0.04</minSeverity>
        <capMods>
          <li>
            <capacity>Consciousness</capacity>
            <offset>-0.05</offset>
          </li>
        </capMods>
		<!--statOffsets>
			<stat>EMPResistance</stat>
			<value>-0.05</value>
		</statOffsets-->
      </li>
      <li>
        <label>minor</label>
		<minSeverity>0.20</minSeverity>
        <capMods>
          <li>
            <capacity>Consciousness</capacity>
            <setMax>0.75</setMax>
          </li>
        </capMods>
      </li>
      <li>
        <label>moderate</label>
        <minSeverity>0.40</minSeverity>
        <capMods>
          <li>
            <capacity>Consciousness</capacity>
            <setMax>0.50</setMax>
          </li>
        </capMods>
      </li>
      <li>
        <label>serious</label>
        <minSeverity>0.60</minSeverity>
        <capMods>
          <li>
            <capacity>Consciousness</capacity>
            <setMax>0.25</setMax>
          </li>
        </capMods>
      </li>
      <li>
        <label>extreme</label>
        <minSeverity>0.80</minSeverity>
        <capMods>
          <li>
            <capacity>Consciousness</capacity>
            <setMax>0.10</setMax>
          </li>
        </capMods>
      </li>
    </stages>
  </HediffDef>

</Defs>