<?xml version="1.0" encoding="utf-8" ?>
<Defs>

	<!-- Pazaak ================================================================ -->
	<ThingDef ParentName="FurnitureWithQualityBase">
		<defName>kotor_pazaak</defName>
		<label>pazaak table</label>
		<description>A table designed for playing gambling card games like pazaak. A great way to test your strategic skills and a bit of luck.\n\nThis building requires adjacent chairs or stools to use.</description>
		<graphicData>
			<texPath>recreation/pazaaktable</texPath>
			<graphicClass>Graphic_Multi</graphicClass>
			<shaderType>CutoutComplex</shaderType>
			<drawSize>(3,3)</drawSize>
			<shadowData>
			<volume>(1.6, 0.3, 1.6)</volume>
			<offset>(0, 0, -0.15)</offset>
			</shadowData>
		</graphicData>
		<rotatable>true</rotatable>
		<altitudeLayer>Building</altitudeLayer>
		<socialPropernessMatters>true</socialPropernessMatters>
		<fillPercent>0.40</fillPercent>
		<building>
			<joyKind>Gaming_Cerebral</joyKind>
			<buildingSizeCategory>Medium</buildingSizeCategory>
			<paintable>true</paintable>
		</building>
		<statBases>
			<MaxHitPoints>250</MaxHitPoints>
			<WorkToBuild>10000</WorkToBuild>
			<Mass>30</Mass>
			<Flammability>1.0</Flammability>
			<Beauty>0</Beauty>
			<JoyGainFactor>1.3</JoyGainFactor>
		</statBases>
		<size>(2,2)</size>
		<stuffCategories>
			<li>Metallic</li>
		</stuffCategories>
		<costStuffCount>50</costStuffCount>
		<costList>
			<kotor_czerkatechComponent>1</kotor_czerkatechComponent>
		</costList>
		<pathCost>42</pathCost>
		<passability>PassThroughOnly</passability>
		<designationCategory>KOTOR_BuildTab</designationCategory>
		<canOverlapZones>false</canOverlapZones>
		<researchPrerequisites>
			<li>KOTOR_Research_TableRec</li>
		</researchPrerequisites>
		<constructionSkillPrerequisite>6</constructionSkillPrerequisite>
		<uiIconScale>0.5</uiIconScale>
	</ThingDef>
	
</Defs>
