﻿<?xml version="1.0" encoding="utf-8" ?>
<Defs>


  <FactionDef ParentName="FactionBase">
    <defName>guy762_KotORFaction_RogueDroids</defName>
    <label>rogue droid collective</label>
    <description>Bands of rogue, corrupted droids attempting to exterminate all organics on the planet.</description>
    <pawnSingular>rogue droid</pawnSingular>
    <pawnsPlural>rogue droids</pawnsPlural>
    <requiredCountAtGameStart>1</requiredCountAtGameStart>
    <fixedName>Droid Collective</fixedName>
    <factionIconPath>World/RogueDroids</factionIconPath>
    <canStageAttacks>true</canStageAttacks>
	<canSiege>true</canSiege>
    <colorSpectrum>
      <li>(115,125,120)</li>
    </colorSpectrum>
    <raidCommonalityFromPointsCurve>
      <points>
        <li>(300,  0)</li>
        <li>(700,  1)</li>
        <li>(1400, 1.8)</li>
        <li>(2800, 2.2)</li>
        <li>(4000, 2.6)</li>
      </points>
    </raidCommonalityFromPointsCurve>
    <humanlikeFaction>false</humanlikeFaction>
    <hidden>true</hidden>
    <autoFlee>false</autoFlee>
    <canUseAvoidGrid>false</canUseAvoidGrid>
    <techLevel>Spacer</techLevel>
    <earliestRaidDays>45</earliestRaidDays>
    <permanentEnemy>true</permanentEnemy>
    <hostileToFactionlessHumanlikes>true</hostileToFactionlessHumanlikes>
    <maxPawnCostPerTotalPointsCurve>
      <points>
        <li>(400,200)</li>
        <li>(900,300)</li>
        <li>(100000,10000)</li>
      </points>
    </maxPawnCostPerTotalPointsCurve>
	<settlementTexturePath>World/WorldObjects/DefaultSettlement</settlementTexturePath>
    <allowedArrivalTemperatureRange>-100~200</allowedArrivalTemperatureRange>
    <maxConfigurableAtWorldCreation>1</maxConfigurableAtWorldCreation>
    <configurationListOrderPriority>760</configurationListOrderPriority>
    <dropPodActive>ActiveDropPodMechanoid</dropPodActive>
    <dropPodIncoming>DropPodIncomingMechanoid</dropPodIncoming>
	
	<!--leaderTitle>administrator</leaderTitle>
	<fixedLeaderKinds>
		<li>KotORDroidBad_hk50</li>
	</fixedLeaderKinds-->
	
	<backstoryFilters>
      <li>
        <categories>
          <li>guy762BSC_Droid_all</li>
        </categories>
        <commonality>1</commonality>
      </li>
    </backstoryFilters>
	<modExtensions>
		<li Class="ATReforged.ATR_FactionAndroidExtension">
			<membersShouldBeAndroids>true</membersShouldBeAndroids>
		</li>
	</modExtensions>
	
    <pawnGroupMakers>
      
	  <li>
        <!-- quick raid -->
        <kindDef>Combat</kindDef>
        <commonality>100</commonality>
		<disallowedStrategies>
			<li>Siege</li>
			<li>StageThenAttack</li>
			<li>ImmediateAttackSappers</li>
			<li>ImmediateAttackBreaching</li>
			<li>ImmediateAttackBreachingSmart</li>
		</disallowedStrategies>
        <options>
          <KotORDroidBad_MPDMkI>100</KotORDroidBad_MPDMkI>
		  <KotORDroidBad_KX12UPD>75</KotORDroidBad_KX12UPD>
          <KotORDroidBad_DevWD_weak>25</KotORDroidBad_DevWD_weak>
          <KotORDroidBad_DevWD_strong>10</KotORDroidBad_DevWD_strong>
        </options>
      </li>
	  
	  <li>
        <!-- battle droid rush -->
        <kindDef>Combat</kindDef>
        <commonality>100</commonality>
		<disallowedStrategies>
			<li>ImmediateAttackSmart</li>
			<li>Siege</li>
			<li>StageThenAttack</li>
			<li>ImmediateAttackSappers</li>
			<li>ImmediateAttackBreaching</li>
			<li>ImmediateAttackBreachingSmart</li>
		</disallowedStrategies>
        <options>
          <KotORDroidBad_DevWD_weak>100</KotORDroidBad_DevWD_weak>
          <KotORDroidBad_SentWD>50</KotORDroidBad_SentWD>
        </options>
      </li>
	  
	  
	  
	   <li>
        <!-- skirmish -->
        <kindDef>Combat</kindDef>
        <commonality>75</commonality>
		<disallowedStrategies>
			<li>Siege</li>
			<li>ImmediateAttackSmart</li>
			<li>ImmediateAttackSappers</li>
			<li>ImmediateAttackBreaching</li>
			<li>ImmediateAttackBreachingSmart</li>
		</disallowedStrategies>
        <options>
          <KotORDroidBad_DevWD_weak>100</KotORDroidBad_DevWD_weak>
		  <KotORDroidBad_SentWD>75</KotORDroidBad_SentWD>
          <KotORDroidBad_MPDMkI>50</KotORDroidBad_MPDMkI>
          <KotORDroidBad_KX12UPD>25</KotORDroidBad_KX12UPD>
          <KotORDroidBad_DevWD_strong>10</KotORDroidBad_DevWD_strong>
        </options>
      </li>
	  
	  
	  
	  
	  <li>
        <!-- territory intrusion -->
        <kindDef>Combat</kindDef>
        <commonality>50</commonality>
		<disallowedStrategies>
			<li>ImmediateAttack</li>
			<li>ImmediateAttackSmart</li>
			<li>ImmediateAttackSappers</li>
			<li>ImmediateAttackBreaching</li>
			<li>ImmediateAttackBreachingSmart</li>
		</disallowedStrategies>
        <options>
          <KotORDroidBad_SentWD>100</KotORDroidBad_SentWD>
          <KotORDroidBad_ADMkI>50</KotORDroidBad_ADMkI>
          <KotORDroidBad_ADMkIV>25</KotORDroidBad_ADMkIV>
          <KotORDroidBad_DevWD_strong>25</KotORDroidBad_DevWD_strong>
		  <KotORDroidBad_KX12UPD>25</KotORDroidBad_KX12UPD>
          <KotORDroidBad_hk50>5</KotORDroidBad_hk50>
        </options>
      </li>
	  
	  
	  
	  <li>
        <!-- assault -->
        <kindDef>Combat</kindDef>
        <commonality>25</commonality>
		<disallowedStrategies>
			<li>Siege</li>
			<li>StageThenAttack</li>
			<li>ImmediateAttack</li>
		</disallowedStrategies>
        <options>
          <KotORDroidBad_SentWD>100</KotORDroidBad_SentWD>
          <KotORDroidBad_ADMkIV>75</KotORDroidBad_ADMkIV>
		  <KotORDroidBad_ADMkI>50</KotORDroidBad_ADMkI>
          <KotORDroidBad_KM1HMD>75</KotORDroidBad_KM1HMD>
          <KotORDroidBad_hk50>25</KotORDroidBad_hk50>
        </options>
      </li>
	  
	  <li>
        <!-- mining droid breach -->
        <kindDef>Combat</kindDef>
        <commonality>25</commonality>
		<disallowedStrategies>
			<li>Siege</li>
			<li>StageThenAttack</li>
			<li>ImmediateAttack</li>
			<li>ImmediateAttackSmart</li>
		</disallowedStrategies>
        <options>
          <KotORDroidBad_KM1MD>100</KotORDroidBad_KM1MD>
          <KotORDroidBad_KM1HMD>50</KotORDroidBad_KM1HMD>
        </options>
      </li>
	  
	  
	  
	  <li>
        <!-- assassination team -->
        <kindDef>Combat</kindDef>
        <commonality>10</commonality>
		<disallowedStrategies>
			<li>Siege</li>
			<li>StageThenAttack</li>
			<li>ImmediateAttack</li>
			<li>ImmediateAttackBreaching</li>
		</disallowedStrategies>
        <options>
          <KotORDroidBad_hk50>100</KotORDroidBad_hk50>
          <KotORDroidBad_KX12APD>100</KotORDroidBad_KX12APD>
          <KotORDroidBad_KX12APD_sapper>50</KotORDroidBad_KX12APD_sapper>
		  <KotORDroidBad_DevWD_strong>25</KotORDroidBad_DevWD_strong>
        </options>
      </li>
	  
	  
	  
    </pawnGroupMakers>
  </FactionDef>


</Defs>
