<?xml version="1.0" encoding="utf-8" ?>
<Defs>


	<GeneDef ParentName="guy762_GeneEyeColorFixed">
		<defName>guy762_AbilityGene_forcesight</defName>
		<label>eyeless seer</label>
		<labelShortAdj>eyeless</labelShortAdj>
		<description>Carriers of this gene have evolved beyond the need to grow eyes; they see through the Force.</description>
		<!--iconPath>UI/Icons/Genes/Gene_Blindness</iconPath-->
		<iconPath>UI/Icons/KotORII_Power_Force_Sight</iconPath>
		<displayOrderInCategory>795</displayOrderInCategory>
		<biostatCpx>3</biostatCpx>
		<biostatMet>3</biostatMet>
		<graphicData>
		  <graphicPath>Pawn/NotStupidEyes/NoEyes</graphicPath>
		  <colorType>Skin</colorType>
		  <layer>PostSkin</layer>
		</graphicData>
		<abilities>
		  <li>guy762_GeneAbility_forcesight</li>
		</abilities>
		<descriptionHyperlinks>
		  <AbilityDef>guy762_GeneAbility_forcesight</AbilityDef>
		</descriptionHyperlinks>
		<exclusionTags>
            <!--<li>ShootingAccuracy</li>-->
            <li>Turn_Exclusion_NightVision</li>
            <li>Turn_Exclusion_NearSighted</li>
            <li>Turn_Exclusion_Blindness</li>
        </exclusionTags>
        <capMods>
            <li>
                <capacity>Sight</capacity>
                <offset>-1</offset>
            </li>
        </capMods>
		<prerequisite>guy762_statgene_force</prerequisite>
	  </GeneDef>










  <AbilityDef>
    <defName>guy762_GeneAbility_forcesight</defName>
    <label>force blindsight</label>
    <description>A Miraluka's natural ability to see using the force. Lasts for one day before the caster must re-channel the force.</description>
    <iconPath>UI/Icons/KotORII_Power_Force_Sight</iconPath>
	<abilityClass>Psycast</abilityClass>
    <category>Psychic</category>
	<warmupSound>PsycastCastLoop</warmupSound>
	<level>1</level>
    <cooldownTicksRange>300</cooldownTicksRange>
    <hostile>false</hostile>
	<aiCanUse>true</aiCanUse>
	<targetRequired>false</targetRequired>
    <displayOrder>301</displayOrder>
    <statBases>
      <Ability_EntropyGain>15</Ability_EntropyGain>
      <Ability_PsyfocusCost>0.03</Ability_PsyfocusCost>
      <Ability_Duration>1000</Ability_Duration>
    </statBases>
	<hotKey>Misc12</hotKey>
    <verbProperties>
      <verbClass>Verb_CastAbility</verbClass>
	  <warmupTime>10</warmupTime>
      <drawAimPie>False</drawAimPie>
      <range>-1</range>
	  <targetParams>
        <canTargetSelf>True</canTargetSelf>
      </targetParams>
    </verbProperties>
    <comps>
      <li Class = "CompProperties_AbilityGiveHediff">
        <compClass>CompAbilityEffect_GiveHediff</compClass>
        <hediffDef>guy762_hediff_blindsight</hediffDef>
        <psychic>True</psychic>
        <durationMultiplier>PsychicSensitivity</durationMultiplier>
      </li>
      <li Class="CompProperties_AbilityFleckOnTarget">
        <fleckDef>PsycastPsychicEffect</fleckDef>
      </li>
    </comps>
  </AbilityDef>
  
  
  
  <HediffDef>
    <defName>guy762_hediff_blindsight</defName>
    <label>force blindsight</label>
    <description>Seeing through the force.</description>
    <hediffClass>HediffWithComps</hediffClass>
    <maxSeverity>1</maxSeverity>
    <stages>
      <li>
        <capMods>
          <li>
            <capacity>Sight</capacity>
            <offset>0.80</offset>
          </li>
        </capMods>
      </li>
    </stages>
  </HediffDef>
  
  
</Defs>