﻿<?xml version="1.0" encoding="utf-8" ?>
<Defs>
  
  <ThingDef ParentName="ApparelNoQualityBase">
    <defName>guy762_DroidWeapon_stundart</defName>
    <label>paralysis needler</label>
    <description>A favorite among bounty hunters hoping to capture rather than kill their marks. The toxin on this dart affects the nervous system, causing grogginess or outright paralysis.</description>
    <graphicData>
      <texPath>Items/droidweapon/droidweapon_dartstun</texPath>
      <graphicClass>Graphic_Single</graphicClass>
	  <onGroundRandomRotateAngle>0</onGroundRandomRotateAngle>
    </graphicData>
	<soundInteract>kotorsound_select_ion</soundInteract>
    <techLevel>Spacer</techLevel>
    <statBases>
      <Mass>2</Mass>
      <EquipDelay>25</EquipDelay>
      <MarketValue>700</MarketValue>
      <MaxHitPoints>200</MaxHitPoints>
	  <AccuracyTouch>0.50</AccuracyTouch>
	  <AccuracyShort>0.60</AccuracyShort>
	  <AccuracyMedium>0.80</AccuracyMedium>
	  <AccuracyLong>0.70</AccuracyLong>
	  <RangedWeapon_Cooldown>2</RangedWeapon_Cooldown>
    </statBases>
    <tickerType>Normal</tickerType>
    <thingCategories>
      <li>guy762_weaponmod</li>
    </thingCategories>
    <apparel>
      <countsAsClothingForNudity>false</countsAsClothingForNudity>
      <careIfWornByCorpse>false</careIfWornByCorpse>
      <careIfDamaged>false</careIfDamaged>
      <ignoredByNonViolent>true</ignoredByNonViolent>
      <wearPerDay>0</wearPerDay>
      <bodyPartGroups>
        <li>Arms</li>
      </bodyPartGroups>
      <layers>
        <li>Belt</li>
      </layers>
	  <tags>
		<li>KotORDroidWeapon_mid</li>
		<li>KotORDroidWeapon_asndroid</li>
	  </tags>
    </apparel>
	<tradeTags>
      <li>guy762TT_DroidEquipment</li>
	  <li>guy762TT_DroidWeapons</li>
	  <li>guy762TT_weaponmod_adv</li>
    </tradeTags>
    <resourceReadoutPriority>Middle</resourceReadoutPriority>
    <tradeNeverStack>true</tradeNeverStack>
    <smeltable>false</smeltable>
    <burnableByRecipe>false</burnableByRecipe>
	<verbs>
		<li>
			<label>paralysis needler</label>
			<commandIcon>Items/droidweapon/droidweapon_dartstun</commandIcon>
			<verbClass>Verb_Shoot</verbClass>
			<hasStandardCommand>true</hasStandardCommand>
			<defaultProjectile>KotORDart_stun</defaultProjectile>
			<warmupTime>2</warmupTime>
			<range>23</range>
			<ticksBetweenBurstShots>30</ticksBetweenBurstShots>
			<burstShotCount>1</burstShotCount>
			<soundCast>Shot_Spiner</soundCast>
			<soundCastTail>GunTail_Light</soundCastTail>
			<muzzleFlashScale>9</muzzleFlashScale>
			<ai_IsWeapon>true</ai_IsWeapon>
			<onlyManualCast>true</onlyManualCast>
		</li>
	</verbs>
	<comps>
		<li Class="MVCF.Comps.CompProperties_VerbGiver">
			<verbProps>
				<li>
					<label>paralysis needler</label>
					<visualLabel>mounted paralysis needler</visualLabel>
					<!--canBeToggled>true</canBeToggled-->
					<description>A mounted paralysis needler.</description>
				</li>
			</verbProps>
		</li>
		<li Class="CompProperties_Reloadable">
			<maxCharges>10</maxCharges>
			<hotKey>Misc4</hotKey>
			<chargeNoun>darts</chargeNoun>
			<displayGizmoWhileUndrafted>false</displayGizmoWhileUndrafted>
			<destroyOnEmpty>true</destroyOnEmpty>
		  </li>
		  <li Class="AthenaFramework.CompProperties_PrerequisiteEquippable">
			<prerequisites>
				<li>BionicArm</li>
			</prerequisites>
			<cantReason>No bionic part to attach to!</cantReason>
		  </li>
	</comps>
	<thingSetMakerTags>
      <li>RewardStandardMidFreq</li>
    </thingSetMakerTags>
  </ThingDef>
  
  <ThingDef MayRequire="Ludeon.RimWorld.Biotech" ParentName="ApparelNoQualityBase">
    <defName>guy762_DroidWeapon_toxdart</defName>
    <label>toxic needler</label>
    <description>This dart contains a highly toxic chemical agent. Though the dosage is small, the concentrated poison is no less deadly that breathing nerve gas.</description>
    <graphicData>
      <texPath>Items/droidweapon/droidweapon_darttox</texPath>
      <graphicClass>Graphic_Single</graphicClass>
	  <onGroundRandomRotateAngle>0</onGroundRandomRotateAngle>
    </graphicData>
	<soundInteract>kotorsound_select_ion</soundInteract>
    <techLevel>Spacer</techLevel>
    <statBases>
      <Mass>2</Mass>
      <EquipDelay>25</EquipDelay>
      <MarketValue>690</MarketValue>
      <MaxHitPoints>200</MaxHitPoints>
	  <AccuracyTouch>0.50</AccuracyTouch>
	  <AccuracyShort>0.60</AccuracyShort>
	  <AccuracyMedium>0.80</AccuracyMedium>
	  <AccuracyLong>0.70</AccuracyLong>
	  <RangedWeapon_Cooldown>2</RangedWeapon_Cooldown>
    </statBases>
    <tickerType>Normal</tickerType>
    <thingCategories>
      <li>guy762_weaponmod</li>
    </thingCategories>
    <apparel>
      <countsAsClothingForNudity>false</countsAsClothingForNudity>
      <careIfWornByCorpse>false</careIfWornByCorpse>
      <careIfDamaged>false</careIfDamaged>
      <ignoredByNonViolent>true</ignoredByNonViolent>
      <wearPerDay>0</wearPerDay>
      <bodyPartGroups>
        <li>Arms</li>
      </bodyPartGroups>
      <layers>
        <li>Belt</li>
      </layers>
	  <tags>
		<li>KotORDroidWeapon_mid</li>
		<li>KotORDroidWeapon_asndroid</li>
	  </tags>
    </apparel>
	<tradeTags>
      <li>guy762TT_DroidEquipment</li>
	  <li>guy762TT_DroidWeapons</li>
	  <li>guy762TT_weaponmod_adv</li>
    </tradeTags>
    <resourceReadoutPriority>Middle</resourceReadoutPriority>
    <tradeNeverStack>true</tradeNeverStack>
    <smeltable>false</smeltable>
    <burnableByRecipe>false</burnableByRecipe>
	<verbs>
		<li>
			<label>toxic needler</label>
			<commandIcon>Items/droidweapon/droidweapon_darttox</commandIcon>
			<verbClass>Verb_Shoot</verbClass>
			<hasStandardCommand>true</hasStandardCommand>
			<defaultProjectile>KotORDart_toxic</defaultProjectile>
			<warmupTime>2</warmupTime>
			<range>23</range>
			<ticksBetweenBurstShots>30</ticksBetweenBurstShots>
			<burstShotCount>1</burstShotCount>
			<soundCast>Shot_Spiner</soundCast>
			<soundCastTail>GunTail_Light</soundCastTail>
			<muzzleFlashScale>9</muzzleFlashScale>
			<ai_IsWeapon>true</ai_IsWeapon>
			<onlyManualCast>true</onlyManualCast>
		</li>
	</verbs>
	<comps>
		<li Class="MVCF.Comps.CompProperties_VerbGiver">
			<verbProps>
				<li>
					<label>toxic needler</label>
					<visualLabel>mounted toxic needler</visualLabel>
					<!--canBeToggled>true</canBeToggled-->
					<description>A mounted toxic needler.</description>
				</li>
			</verbProps>
		</li>
		<li Class="CompProperties_Reloadable">
			<maxCharges>10</maxCharges>
			<hotKey>Misc4</hotKey>
			<chargeNoun>darts</chargeNoun>
			<displayGizmoWhileUndrafted>false</displayGizmoWhileUndrafted>
			<destroyOnEmpty>true</destroyOnEmpty>
		  </li>
		<li Class="AthenaFramework.CompProperties_PrerequisiteEquippable">
			<prerequisites>
				<li>BionicArm</li>
			</prerequisites>
			<cantReason>No bionic part to attach to!</cantReason>
		  </li>
	</comps>
	<thingSetMakerTags>
      <li>RewardStandardMidFreq</li>
    </thingSetMakerTags>
  </ThingDef>
  
  
  <ThingDef ParentName="guy762_NoCraft_upgradebase">
		<defName>guy762_WristGunUpgrade_saberdart</defName>
		<label>Saber-dart needler</label>
		<description>Saber-darts hail from the little-known world of Kamino. The Kaminoan's intimate knowledge of genetic engineering and xenobiology allow them to develop highly virulent biotoxins that kill with frightening efficiency.</description>
		<graphicData>
		  <texPath>Items/droidweapon/droidweapon_dartsaber</texPath>
		  <graphicClass>Graphic_Single</graphicClass>
		</graphicData>
		<statBases>
		  <MarketValue>5000</MarketValue>
		  <Mass>0.2</Mass>
		</statBases>
		<tradeTags>
		  <li>guy762TT_weaponmod_rare</li>
		</tradeTags>
		<thingSetMakerTags>
		  <li>RewardStandardLowFreq</li>
		</thingSetMakerTags>
	</ThingDef>
  
  
  
  
  <ThingDef ParentName="guy762_NoCraft_upgradebase">
		<defName>guy762_WristGunUpgrade_whistlingbird</defName>
		<label>"Whistling Birds" launcher</label>
		<description>An advanced device of Mandalorian design, this mounted launcher fires a devastating burst of homing micro-missiles.</description>
		<graphicData>
		  <texPath>Items/droidweapon/droidweapon_whistlingbird</texPath>
		  <graphicClass>Graphic_Single</graphicClass>
		</graphicData>
		<statBases>
		  <MarketValue>5000</MarketValue>
		  <Mass>0.6</Mass>
		</statBases>
		<tradeTags>
		  <li>guy762TT_weaponmod_rare</li>
		  <li>guy762TT_MNCWeapons</li>
		</tradeTags>
		<thingSetMakerTags>
		  <li>RewardStandardLowFreq</li>
		</thingSetMakerTags>
	</ThingDef>
  
  

</Defs>
