﻿<?xml version="1.0" encoding="utf-8" ?>
<Defs>

	<ThingDef ParentName="ApparelNoQualityBase" Name="guy762_GrenadeBeltBase" Abstract="True">
		<thingCategories>
		  <li>ApparelUtility</li>
		  <li>Grenades</li>
		</thingCategories>
		<graphicData>
		  <graphicClass>Graphic_Single</graphicClass>
		</graphicData>
		<statBases>
		  <Beauty>-3</Beauty>
		</statBases>
		<techLevel>Spacer</techLevel>
		<tradeability>All</tradeability>
		<smeltable>false</smeltable>
		<soundInteract>Standard_Pickup</soundInteract>
		<tickerType>Normal</tickerType>
		<thingSetMakerTags>
		  <li>SingleUseWeapon</li>
		</thingSetMakerTags>
		<recipeMaker>
		  <recipeUsers>
			<li>guy762_KotORWorkbench</li>
			<li>kotor_DrugLab</li>
		  </recipeUsers>
		  <workSpeedStat>GeneralLaborSpeed</workSpeedStat>
		  <workSkill>Crafting</workSkill>
		  <effectWorking>Smith</effectWorking>
		  <soundWorking>Recipe_Smith</soundWorking>
		  <unfinishedThingDef>UnfinishedBelt</unfinishedThingDef>
		  <displayPriority>500</displayPriority>
		  <useIngredientsForColor>false</useIngredientsForColor>
		</recipeMaker>
		<apparel>
		  <countsAsClothingForNudity>false</countsAsClothingForNudity>
		  <careIfWornByCorpse>false</careIfWornByCorpse>
		  <careIfDamaged>false</careIfDamaged>
		  <ignoredByNonViolent>true</ignoredByNonViolent>
		  <wearPerDay>0</wearPerDay>
		  <bodyPartGroups>
			<li>Waist</li>
		  </bodyPartGroups>
		  <layers>
			<li>Belt</li>
		  </layers>
		</apparel>
		<!--comps>
		  <li Class="CompProperties_AIUSablePack">
			<checkInterval>60</checkInterval>
			<compClass>CompAIUsablePack</compClass>
		  </li>
		</comps-->
		<allowedArchonexusCount>1</allowedArchonexusCount>
	  </ThingDef>



  <ThingDef ParentName="guy762_GrenadeBeltBase">
        <defName>guy762_grenadebelt_frag</defName>
        <label>frag grenade belt</label>
        <description>Fragmentation grenades are very basic. They explode when thrown, showering the enemy in shrapnel. It's not elegant, but it's definitely effective.</description>
        <graphicData>
            <texPath>Weapons/GrenadeBelts/grenadebelt_frag</texPath>
        </graphicData>
		<soundInteract>kotorsound_select_grenade</soundInteract>
        <statBases>
		  <MarketValue>240</MarketValue>
		  <Mass>3</Mass>
		  <Flammability>0.5</Flammability>
		  
		  <WorkToMake>36000</WorkToMake>
		</statBases>
		
		<recipeMaker>
		  <skillRequirements>
			<Crafting>5</Crafting>
		  </skillRequirements>
		  <researchPrerequisite>MicroelectronicsBasics</researchPrerequisite>
		</recipeMaker>
		<costList>
			<Steel>60</Steel>
			<KOTOR_RawRhydonium>9</KOTOR_RawRhydonium>
		</costList>
		
        <apparel>
			<tags>
				<li>KotORUtility_weakgrenade</li>
			</tags>
        </apparel>
		<tradeTags>
		  <li>guy762TT_KotOREquipment_consumables</li>
		</tradeTags>
        <verbs>
            <li>
                <label>throw frag grenade</label>
                <verbClass>Verb_LaunchProjectileStatic</verbClass>
                <hasStandardCommand>true</hasStandardCommand>
                <range>15</range>
                <forcedMissRadius>1.9</forcedMissRadius>
                <warmupTime>1.75</warmupTime>
                <noiseRadius>4</noiseRadius>
                <burstShotCount>1</burstShotCount>
                <soundCast>kotorsound_grenadethrow</soundCast>
                <onlyManualCast>true</onlyManualCast>
                <rangedFireRulepack>Combat_RangedFire_Thrown</rangedFireRulepack>
                <defaultProjectile>guy762_ThrownGrenade_frag</defaultProjectile>
                <ai_AvoidFriendlyFireRadius>6.9</ai_AvoidFriendlyFireRadius>
				<ai_IsBuildingDestroyer>true</ai_IsBuildingDestroyer>
				<ai_IsWeapon>true</ai_IsWeapon>
                <targetParams>
                    <canTargetLocations>true</canTargetLocations>
                </targetParams>
            </li>
        </verbs>
        <comps>
			<li Class="CompProperties_Reloadable">
                <maxCharges>3</maxCharges>
                <destroyOnEmpty>true</destroyOnEmpty>
                <hotKey>Misc4</hotKey>
                <chargeNoun>usage</chargeNoun>
                <displayGizmoWhileUndrafted>false</displayGizmoWhileUndrafted>
            </li>
			<li Class="CompProperties_Explosive">
				<explosiveRadius>2.66</explosiveRadius>
				<explosiveDamageType>guy762_GrenadeDamage_frag</explosiveDamageType>
				<requiredDamageTypeToExplode>Flame</requiredDamageTypeToExplode>
			</li>
        </comps>
    </ThingDef>
	



	
	<ThingDef ParentName="guy762_GrenadeBeltBase">
        <defName>guy762_grenadebelt_ion</defName>
        <label>ion grenade belt</label>
        <description>These grenades emit an extremely strong burst of energy devastating to any droids or personal shields caught in the effect.</description>
        <graphicData>
            <texPath>Weapons/GrenadeBelts/grenadebelt_ion</texPath>
        </graphicData>
		<soundInteract>kotorsound_select_grenade</soundInteract>
        <statBases>
		  <MarketValue>390</MarketValue>
		  <Mass>3</Mass>
		  <Flammability>0.1</Flammability>
		  
		  <WorkToMake>48000</WorkToMake>
		</statBases>
		
		<recipeMaker>
		  <skillRequirements>
			<Crafting>8</Crafting>
		  </skillRequirements>
		  <researchPrerequisite>guy762_ResearchKotOR_ion</researchPrerequisite>
		</recipeMaker>
		<costList>
			<Plasteel>60</Plasteel>
			<ComponentSpacer>1</ComponentSpacer>
		</costList>
		
        <apparel>
			<tags>
				<li>KotORUtility_utilitygrenade</li>
			</tags>
        </apparel>
		<tradeTags>
		  <li>guy762TT_KotOREquipment_consumables</li>
		</tradeTags>
        <verbs>
            <li>
                <label>throw ion grenade</label>
                <verbClass>Verb_LaunchProjectileStatic</verbClass>
                <hasStandardCommand>true</hasStandardCommand>
                <range>15</range>
                <forcedMissRadius>1.9</forcedMissRadius>
                <warmupTime>1.75</warmupTime>
                <noiseRadius>4</noiseRadius>
                <burstShotCount>1</burstShotCount>
                <soundCast>kotorsound_grenadethrow</soundCast>
                <onlyManualCast>true</onlyManualCast>
                <rangedFireRulepack>Combat_RangedFire_Thrown</rangedFireRulepack>
                <defaultProjectile>guy762_ThrownGrenade_ion</defaultProjectile>
                <ai_AvoidFriendlyFireRadius>6.9</ai_AvoidFriendlyFireRadius>
				<ai_IsBuildingDestroyer>false</ai_IsBuildingDestroyer>
				<ai_IsWeapon>true</ai_IsWeapon>
                <targetParams>
                    <canTargetLocations>true</canTargetLocations>
                </targetParams>
            </li>
        </verbs>
        <comps>
            <li Class="CompProperties_Reloadable">
                <maxCharges>3</maxCharges>
                <destroyOnEmpty>true</destroyOnEmpty>
                <hotKey>Misc4</hotKey>
                <chargeNoun>usage</chargeNoun>
                <displayGizmoWhileUndrafted>false</displayGizmoWhileUndrafted>
            </li>
			<li Class="CompProperties_Explosive">
				<explosiveRadius>2.66</explosiveRadius>
				<explosiveDamageType>guy762_GrenadeDamage_ion</explosiveDamageType>
				<requiredDamageTypeToExplode>Flame</requiredDamageTypeToExplode>
			</li>
        </comps>
    </ThingDef>
	

	
	
	
	
	
	
	<ThingDef ParentName="guy762_GrenadeBeltBase">
        <defName>guy762_grenadebelt_stun</defName>
        <label>concussion grenade belt</label>
        <description>This type of grenade explodes in a concussive wave of force that disrupts the senses of both organic and inorganic targets in the area of effect.</description>
        <graphicData>
            <texPath>Weapons/GrenadeBelts/grenadebelt_stun</texPath>
        </graphicData>
		<soundInteract>kotorsound_select_grenade</soundInteract>
        <statBases>
		  <MarketValue>240</MarketValue>
		  <Mass>3</Mass>
		  <Flammability>0.3</Flammability>
		  
		  <WorkToMake>36000</WorkToMake>
		</statBases>
		
		<recipeMaker>
		  <skillRequirements>
			<Crafting>5</Crafting>
		  </skillRequirements>
		  <researchPrerequisite>MicroelectronicsBasics</researchPrerequisite>
		</recipeMaker>
		<costList>
			<Steel>60</Steel>
			<ComponentIndustrial>6</ComponentIndustrial>
		</costList>
		
        <apparel>
			<tags>
				<li>KotORUtility_utilitygrenade</li>
			</tags>
        </apparel>
		<tradeTags>
		  <li>guy762TT_KotOREquipment_consumables</li>
		</tradeTags>
        <verbs>
            <li>
                <label>throw concussion grenade</label>
                <verbClass>Verb_LaunchProjectileStatic</verbClass>
                <hasStandardCommand>true</hasStandardCommand>
                <range>15</range>
                <forcedMissRadius>1.9</forcedMissRadius>
                <warmupTime>1.75</warmupTime>
                <noiseRadius>4</noiseRadius>
                <burstShotCount>1</burstShotCount>
                <soundCast>kotorsound_grenadethrow</soundCast>
                <onlyManualCast>true</onlyManualCast>
                <rangedFireRulepack>Combat_RangedFire_Thrown</rangedFireRulepack>
                <defaultProjectile>guy762_ThrownGrenade_stun</defaultProjectile>
                <ai_AvoidFriendlyFireRadius>6.9</ai_AvoidFriendlyFireRadius>
				<ai_IsBuildingDestroyer>false</ai_IsBuildingDestroyer>
				<ai_IsWeapon>true</ai_IsWeapon>
                <targetParams>
                    <canTargetLocations>true</canTargetLocations>
                </targetParams>
            </li>
        </verbs>
        <comps>
            <li Class="CompProperties_Reloadable">
                <maxCharges>3</maxCharges>
                <destroyOnEmpty>true</destroyOnEmpty>
                <hotKey>Misc4</hotKey>
                <chargeNoun>usage</chargeNoun>
                <displayGizmoWhileUndrafted>false</displayGizmoWhileUndrafted>
            </li>
			<li Class="CompProperties_Explosive">
				<explosiveRadius>2.66</explosiveRadius>
				<explosiveDamageType>guy762_GrenadeDamage_stun</explosiveDamageType>
				<requiredDamageTypeToExplode>Flame</requiredDamageTypeToExplode>
			</li>
        </comps>
    </ThingDef>
	
	
	
	
	<ThingDef MayRequire="Ludeon.RimWorld.Biotech" ParentName="guy762_GrenadeBeltBase">
        <defName>guy762_grenadebelt_poison</defName>
        <label>poison grenade belt</label>
        <description>This grenade unleashes a blast of poison gas that affects the nervous system, lingering in the air to ensure that the effect is not escaped easily.</description>
        <graphicData>
            <texPath>Weapons/GrenadeBelts/grenadebelt_poison</texPath>
        </graphicData>
		<soundInteract>kotorsound_select_grenade</soundInteract>
        <statBases>
		  <MarketValue>1390</MarketValue>
		  <Mass>3</Mass>
		  <Flammability>0.3</Flammability>
		  
		  <WorkToMake>36000</WorkToMake>
		</statBases>
		
		<recipeMaker>
		  <skillRequirements>
			<Crafting>8</Crafting>
		  </skillRequirements>
		  <researchPrerequisite>ToxGas</researchPrerequisite>
		</recipeMaker>
		<costList>
			<Plasteel>60</Plasteel>
			<ComponentIndustrial>3</ComponentIndustrial>
			<Neutroamine>18</Neutroamine>
		</costList>
		
        <apparel>
            <ai_pickUpOpportunistically>true</ai_pickUpOpportunistically>
			<tags>
				<li>KotORUtility_stronggrenade</li>
			</tags>
        </apparel>
		<tradeTags>
		  <li>guy762TT_KotOREquipment_consumables</li>
		</tradeTags>
        <verbs>
            <li>
                <label>throw poison grenade</label>
                <verbClass>Verb_LaunchProjectileStatic</verbClass>
                <hasStandardCommand>true</hasStandardCommand>
                <range>15</range>
                <forcedMissRadius>1.9</forcedMissRadius>
                <warmupTime>1.75</warmupTime>
                <noiseRadius>4</noiseRadius>
                <burstShotCount>1</burstShotCount>
                <soundCast>kotorsound_grenadethrow</soundCast>
                <onlyManualCast>true</onlyManualCast>
                <rangedFireRulepack>Combat_RangedFire_Thrown</rangedFireRulepack>
                <defaultProjectile>guy762_ThrownGrenade_poison</defaultProjectile>
                <ai_AvoidFriendlyFireRadius>6.9</ai_AvoidFriendlyFireRadius>
				<ai_IsWeapon>true</ai_IsWeapon>
                <targetParams>
                    <canTargetLocations>true</canTargetLocations>
                </targetParams>
            </li>
        </verbs>
        <comps>
			<li Class="CompProperties_Reloadable">
                <maxCharges>3</maxCharges>
                <destroyOnEmpty>true</destroyOnEmpty>
                <hotKey>Misc4</hotKey>
                <chargeNoun>usage</chargeNoun>
                <displayGizmoWhileUndrafted>false</displayGizmoWhileUndrafted>
            </li>
			<li Class="CompProperties_Explosive">
				<explosiveRadius>2.66</explosiveRadius>
				<explosiveDamageType>ToxGas</explosiveDamageType>
				<requiredDamageTypeToExplode>Flame</requiredDamageTypeToExplode>
				<postExplosionGasType>ToxGas</postExplosionGasType>
			</li>
        </comps>
    </ThingDef>
	


	
	<ThingDef ParentName="guy762_GrenadeBeltBase">
        <defName>guy762_grenadebelt_plasma</defName>
        <label>plasma grenade belt</label>
        <description>These grenades release a quick burst of an incendiary agent that ignites immediately, damaging all enemies within the area of effect.</description>
        <graphicData>
            <texPath>Weapons/GrenadeBelts/grenadebelt_plasma</texPath>
        </graphicData>
		<soundInteract>kotorsound_select_grenade</soundInteract>
        <statBases>
		  <MarketValue>2250</MarketValue>
		  <Mass>3</Mass>
		  <Flammability>0.7</Flammability>
		  
		  <WorkToMake>48000</WorkToMake>
		</statBases>
		
		<recipeMaker>
		  <skillRequirements>
			<Crafting>10</Crafting>
		  </skillRequirements>
		  <researchPrerequisite>guy762_ResearchKotOR_blasters</researchPrerequisite>
		</recipeMaker>
		<costList>
			<Plasteel>60</Plasteel>
			<!--kotor_plasma>36</kotor_plasma-->
		</costList>
		
        <apparel>
            <ai_pickUpOpportunistically>true</ai_pickUpOpportunistically>
			<tags>
				<li>KotORUtility_stronggrenade</li>
			</tags>
        </apparel>
		<tradeTags>
		  <li>guy762TT_KotOREquipment_consumables</li>
		</tradeTags>
        <verbs>
            <li>
                <label>throw plasma grenade</label>
                <verbClass>Verb_LaunchProjectileStatic</verbClass>
                <hasStandardCommand>true</hasStandardCommand>
                <range>15</range>
                <forcedMissRadius>1.9</forcedMissRadius>
                <warmupTime>1.75</warmupTime>
                <noiseRadius>4</noiseRadius>
                <burstShotCount>1</burstShotCount>
                <soundCast>kotorsound_grenadethrow</soundCast>
                <onlyManualCast>true</onlyManualCast>
                <rangedFireRulepack>Combat_RangedFire_Thrown</rangedFireRulepack>
                <defaultProjectile>guy762_ThrownGrenade_plasma</defaultProjectile>
                <ai_AvoidFriendlyFireRadius>6.9</ai_AvoidFriendlyFireRadius>
				<ai_IsWeapon>true</ai_IsWeapon>
                <targetParams>
                    <canTargetLocations>true</canTargetLocations>
                </targetParams>
            </li>
        </verbs>
        <comps>
			<li Class="CompProperties_Reloadable">
                <maxCharges>3</maxCharges>
                <destroyOnEmpty>true</destroyOnEmpty>
                <hotKey>Misc4</hotKey>
                <chargeNoun>usage</chargeNoun>
                <displayGizmoWhileUndrafted>false</displayGizmoWhileUndrafted>
            </li>
			<li Class="CompProperties_Explosive">
				<explosiveRadius>2.66</explosiveRadius>
				<explosiveDamageType>guy762_GrenadeDamage_plasma</explosiveDamageType>
				<requiredDamageTypeToExplode>Flame</requiredDamageTypeToExplode>
			</li>
        </comps>
    </ThingDef>
	
	
	
	
	
	
	
	
	
	
	
	
	
	<ThingDef ParentName="guy762_GrenadeBeltBase">
        <defName>guy762_grenadebelt_sonic</defName>
        <label>sonic grenade belt</label>
        <description>These grenades explode loudly, but the majority of their effect is delivered in disorienting frequencies the ear can barely perceive, even as it is damaged.</description>
        <graphicData>
            <texPath>Weapons/GrenadeBelts/grenadebelt_sonic</texPath>
        </graphicData>
		<soundInteract>kotorsound_select_grenade</soundInteract>
        <statBases>
		  <MarketValue>390</MarketValue>
		  <Mass>3</Mass>
		  <Flammability>0.1</Flammability>
		  
		  <WorkToMake>36000</WorkToMake>
		</statBases>
		
		<recipeMaker>
		  <skillRequirements>
			<Crafting>8</Crafting>
		  </skillRequirements>
		  <researchPrerequisite>guy762_ResearchKotOR_sonic</researchPrerequisite>
		</recipeMaker>
		<costList>
			<Plasteel>60</Plasteel>
			<ComponentIndustrial>6</ComponentIndustrial>
		</costList>
		
        <apparel>
			<tags>
				<li>KotORUtility_utilitygrenade</li>
				<li>KotORUtility_weakgrenade</li>
				<li>KotORUtility_sapper</li>
				<li>OR_equipment_saboteur</li>
			</tags>
        </apparel>
		<tradeTags>
		  <li>guy762TT_KotOREquipment_consumables</li>
		</tradeTags>
        <verbs>
            <li>
                <label>throw sonic grenade</label>
                <verbClass>Verb_LaunchProjectileStatic</verbClass>
                <hasStandardCommand>true</hasStandardCommand>
                <range>12.9</range>
                <forcedMissRadius>1.9</forcedMissRadius>
                <warmupTime>1.75</warmupTime>
                <noiseRadius>4</noiseRadius>
                <burstShotCount>1</burstShotCount>
                <soundCast>kotorsound_grenadethrow</soundCast>
                <onlyManualCast>true</onlyManualCast>
                <rangedFireRulepack>Combat_RangedFire_Thrown</rangedFireRulepack>
                <defaultProjectile>guy762_ThrownGrenade_sonic</defaultProjectile>
                <ai_AvoidFriendlyFireRadius>6.9</ai_AvoidFriendlyFireRadius>
				<ai_IsBuildingDestroyer>true</ai_IsBuildingDestroyer>
				<ai_IsWeapon>true</ai_IsWeapon>
                <targetParams>
                    <canTargetLocations>true</canTargetLocations>
                </targetParams>
            </li>
        </verbs>
        <comps>
            <li Class="CompProperties_Reloadable">
                <maxCharges>3</maxCharges>
                <destroyOnEmpty>true</destroyOnEmpty>
                <hotKey>Misc4</hotKey>
                <chargeNoun>usage</chargeNoun>
                <displayGizmoWhileUndrafted>false</displayGizmoWhileUndrafted>
            </li>
			<li Class="CompProperties_Explosive">
				<explosiveRadius>2.66</explosiveRadius>
				<explosiveDamageType>guy762_GrenadeDamage_sonic</explosiveDamageType>
				<requiredDamageTypeToExplode>Flame</requiredDamageTypeToExplode>
			</li>
        </comps>
    </ThingDef>
	
	
	
	
	
	<ThingDef ParentName="guy762_GrenadeBeltBase">
        <defName>guy762_grenadebelt_thermaldet</defName>
        <label>thermal detonator belt</label>
        <description>This Republic device contains a Baradium compound that produces a small fusion energy explosion of great force. Civilian possession of these items is outlawed almost everywhere.</description>
        <graphicData>
            <texPath>Weapons/GrenadeBelts/grenadebelt_thermaldet</texPath>
        </graphicData>
		<soundInteract>kotorsound_select_grenade</soundInteract>
        <statBases>
		  <MarketValue>6000</MarketValue>
		  <Mass>3</Mass>
		  <Flammability>0.5</Flammability>
		  
		  <WorkToMake>52000</WorkToMake>
		</statBases>
		
		<recipeMaker>
		  <skillRequirements>
			<Crafting>12</Crafting>
		  </skillRequirements>
		  <researchPrerequisite>KOTOR_Research_Baradium</researchPrerequisite>
		</recipeMaker>
		<costList>
			<Plasteel>60</Plasteel>
			<Uranium>9</Uranium>
			<ComponentSpacer>3</ComponentSpacer>
		</costList>
		
        <apparel>
            <ai_pickUpOpportunistically>true</ai_pickUpOpportunistically>
			<tags>
				<li>KotORUtility_stronggrenade</li>
				<li>KotORUtility_sapper</li>
				<li>KotORHeroAccessories_canderous</li>
			</tags>
        </apparel>
		<tradeTags>
		  <li>guy762TT_KotORElite</li>
		</tradeTags>
        <verbs>
            <li>
                <label>throw thermal detonator</label>
                <verbClass>Verb_LaunchProjectileStatic</verbClass>
                <hasStandardCommand>true</hasStandardCommand>
                <range>15</range>
                <forcedMissRadius>1.9</forcedMissRadius>
                <warmupTime>1.75</warmupTime>
                <noiseRadius>4</noiseRadius>
                <burstShotCount>1</burstShotCount>
                <soundCast>kotorsound_grenadethrow</soundCast>
                <onlyManualCast>true</onlyManualCast>
                <rangedFireRulepack>Combat_RangedFire_Thrown</rangedFireRulepack>
                <defaultProjectile>guy762_ThrownGrenade_thermaldet</defaultProjectile>
                <ai_AvoidFriendlyFireRadius>6.9</ai_AvoidFriendlyFireRadius>
				<ai_IsBuildingDestroyer>true</ai_IsBuildingDestroyer>
				<ai_IsWeapon>true</ai_IsWeapon>
                <targetParams>
                    <canTargetLocations>true</canTargetLocations>
                </targetParams>
            </li>
        </verbs>
        <comps>
            <li Class="CompProperties_Reloadable">
                <maxCharges>3</maxCharges>
                <destroyOnEmpty>true</destroyOnEmpty>
                <hotKey>Misc4</hotKey>
                <chargeNoun>usage</chargeNoun>
                <displayGizmoWhileUndrafted>false</displayGizmoWhileUndrafted>
            </li>
			<li Class="CompProperties_Explosive">
				<explosiveRadius>2.66</explosiveRadius>
				<explosiveDamageType>guy762_GrenadeDamage_thermaldet</explosiveDamageType>
				<requiredDamageTypeToExplode>Flame</requiredDamageTypeToExplode>
			</li>
        </comps>
    </ThingDef>
	
	
	
	
	


</Defs>
