<?xml version="1.0" encoding="utf-8" ?>
<Defs>
  
  <ThingDef ParentName="guy762_SoftHelmetCraftable">
		<defName>guy762_HelmetCombat</defName>
		<label>combat helmet</label>
		<techLevel>Spacer</techLevel>
		<description>Even the most frugal of mercenaries know they need at least some protection from the rigors of combat, although helmets of this type are recommended for light skirmishes only.</description>
		<graphicData>
			<texPath>Apparel/Helmets/CombatHelmet</texPath>
			<graphicClass>Graphic_Single</graphicClass>
			<shaderType>CutoutComplex</shaderType>
			<colorTwo>(210,150,105)</colorTwo>
		</graphicData>
		<statBases>
			<Mass>4</Mass>
			<MarketValue>100</MarketValue>
			<MaxHitPoints>115</MaxHitPoints>
			<StuffEffectMultiplierArmor>0.4</StuffEffectMultiplierArmor>
			<StuffEffectMultiplierInsulation_Heat>0.05</StuffEffectMultiplierInsulation_Heat>
			<EquipDelay>2</EquipDelay>
			
			<WorkToMake>8000</WorkToMake>
		</statBases>
		
		<recipeMaker>
			<researchPrerequisite>guy762_ResearchKotOR_lgtarmor</researchPrerequisite>
			<skillRequirements>
				<Crafting>4</Crafting>
			</skillRequirements>
		</recipeMaker>
		<costStuffCount>20</costStuffCount>
		<costList>
			<KOTOR_FabricArmorweave>10</KOTOR_FabricArmorweave>
		</costList>
		<stuffCategories>
		  <li>Metallic</li>
		</stuffCategories>
		
		<apparel Inherit="False">
			<tags>
				<li>KotORArmor_light</li>
				<li>SaV_apparel_lightmerc</li>
			</tags>
			<wornGraphicPath>Apparel/Helmets/CombatHelmet</wornGraphicPath>
			<useWornGraphicMask>true</useWornGraphicMask>
			<layers>
				<li>Overhead</li>
			</layers>
			<bodyPartGroups>
				<li>UpperHead</li>
				<li>Mouth</li>
			</bodyPartGroups>
			<useDeflectMetalEffect>false</useDeflectMetalEffect>
		</apparel>
		
		<tradeTags>
			<li>guy762TT_KotORArmor</li>
			<li>guy762TT_KotORGeneric_adv</li>
		</tradeTags>
		
		<colorGenerator Class="ColorGenerator_Options" Inherit="False">
			<options>
				<li>
					<weight>15</weight>
					<only>(190,155,120)</only>
				</li>
			</options>
		</colorGenerator>
	</ThingDef>
	
	
	
	<ThingDef ParentName="guy762_HelmetModdable_soft">
		<defName>guy762_HelmetCombat_cinnagar</defName>
		<label>Cinnagar War Helmet</label>
		<techLevel>Spacer</techLevel>
		<description>After the Great Hyperspace War a thousand years ago, the heirs of Empress Teta militarized their world and industry, a legacy that produced battle armor still sought after today.</description>
		<graphicData>
			<texPath>Apparel/Helmets/CombatHelmet</texPath>
			<graphicClass>Graphic_Single</graphicClass>
			<shaderType>CutoutComplex</shaderType>
			<colorTwo>(75,75,75)</colorTwo>
		</graphicData>
		<statBases>
			<Mass>4</Mass>
			<MarketValue>650</MarketValue>
			<MaxHitPoints>115</MaxHitPoints>
      		<ArmorRating_Sharp>0.5</ArmorRating_Sharp>
			<ArmorRating_Blunt>0.55</ArmorRating_Blunt>
			<ArmorRating_Heat>0.6</ArmorRating_Heat>
			<EquipDelay>2</EquipDelay>
		</statBases>
		
		<apparel Inherit="False">
			<tags>
				<li>KotORArmor_light</li>
				<li>SaV_apparel_huttgoon_adv</li>
			</tags>
			<wornGraphicPath>Apparel/Helmets/CombatHelmet</wornGraphicPath>
			<useWornGraphicMask>true</useWornGraphicMask>
			<layers>
				<li>Overhead</li>
			</layers>
			<bodyPartGroups>
				<li>UpperHead</li>
				<li>Mouth</li>
			</bodyPartGroups>
			<useDeflectMetalEffect>false</useDeflectMetalEffect>
		</apparel>
		
		<tradeTags>
			<li>guy762TT_KotORArmor</li>
			<li>guy762TT_KotORAntique</li>
		</tradeTags>
		
		<colorGenerator Class="ColorGenerator_Options" Inherit="False">
			<options>
				<li>
					<weight>15</weight>
					<only>(90,70,50)</only>
				</li>
			</options>
		</colorGenerator>
		<comps>
		  <li Class="ModularWeapons.CompProperties_ModularParts">
			<compClass>ModularWeapons.CompModularParts</compClass>
			<partKinds>
			  <li>guy762_slot_underlay_hat</li>
			</partKinds>
			<randomizeParts>true</randomizeParts>
		  </li>
		</comps>
	</ThingDef>
  
  
  
  
  
  
  
  
  
  <ThingDef ParentName="guy762_HelmetCraftableBase">
		<defName>guy762_HelmetMilitary</defName>
		<label>military helmet</label>
		<techLevel>Spacer</techLevel>
		<description>This standard issue suit provides good protection, but can be heavier and more restrictive than some of its counterparts. Even so, many mercenaries swear the tradeoffs are worth it.</description>
		<graphicData>
			<texPath>Apparel/Helmets/MilitaryHelmet</texPath>
			<graphicClass>Graphic_Single</graphicClass>
		</graphicData>
		<statBases>
			<Mass>5.5</Mass>
			<MarketValue>250</MarketValue>
			<MaxHitPoints>175</MaxHitPoints>
			<StuffEffectMultiplierArmor>0.5</StuffEffectMultiplierArmor>
			<EquipDelay>2</EquipDelay>
			
			<WorkToMake>10000</WorkToMake>
		</statBases>
		
		<recipeMaker>
			<researchPrerequisite>guy762_ResearchKotOR_midarmor</researchPrerequisite>
			<skillRequirements>
				<Crafting>5</Crafting>
			</skillRequirements>
		</recipeMaker>
		<costStuffCount>40</costStuffCount>
		<stuffCategories>
		  <li>Metallic</li>
		</stuffCategories>
		
		<apparel Inherit="False">
			<tags>
				<li>KotORArmor_mid</li>
				<li>PM_apparel_helmet</li>
				<li>KotORApparel_pilothelmet</li>
				<li>SaV_apparel_bountyhuntermid</li>
			</tags>
			<wornGraphicPath>Apparel/Helmets/MilitaryHelmet</wornGraphicPath>
			<useWornGraphicMask>false</useWornGraphicMask>
			<layers>
				<li>Overhead</li>
			</layers>
			<bodyPartGroups>
				<li>UpperHead</li>
			</bodyPartGroups>
			<useDeflectMetalEffect>true</useDeflectMetalEffect>
		</apparel>
		
		<tradeTags>
			<li>guy762TT_KotORArmor</li>
			<li>guy762TT_KotORGeneric_adv</li>
		</tradeTags>
		
		<colorGenerator Class="ColorGenerator_Options" Inherit="False">
			<options>
				<li>
					<weight>15</weight>
					<only>(180,185,185)</only>
				</li>
			</options>
		</colorGenerator>
	</ThingDef>
	
	
	
	
	
	<ThingDef ParentName="guy762_HelmetModdable_hard">
		<defName>guy762_HelmetMilitary_militia</defName>
		<label>militia helmet</label>
		<techLevel>Spacer</techLevel>
		<description>Helmets like these are leftover surplus from the Exar Kun war. These have since been phased out of the Republic Military in favor of lighter-weight designs, but can still be found in many militia armories.</description>
		<graphicData>
			<texPath>Apparel/Helmets/MilitaryHelmet</texPath>
			<graphicClass>Graphic_Single</graphicClass>
			<shaderType>CutoutComplex</shaderType>
			<colorTwo>(165,110,50)</colorTwo>
		</graphicData>
		<statBases>
			<Mass>5.5</Mass>
			<MarketValue>300</MarketValue>
			<MaxHitPoints>175</MaxHitPoints>
      		<ArmorRating_Sharp>0.55</ArmorRating_Sharp>
			<ArmorRating_Blunt>0.4</ArmorRating_Blunt>
			<ArmorRating_Heat>0.65</ArmorRating_Heat>
			<EquipDelay>2</EquipDelay>
		</statBases>
		
		<apparel Inherit="False">
			<tags>
				<li>KotORArmor_mid</li>
				<li>PM_apparel_helmet</li>
			</tags>
			<wornGraphicPath>Apparel/Helmets/MilitaryHelmet</wornGraphicPath>
			<useWornGraphicMask>true</useWornGraphicMask>
			<layers>
				<li>Overhead</li>
			</layers>
			<bodyPartGroups>
				<li>UpperHead</li>
			</bodyPartGroups>
			<useDeflectMetalEffect>true</useDeflectMetalEffect>
		</apparel>
		
		<tradeTags>
			<li>guy762TT_KotORArmor</li>
		</tradeTags>
		
		<colorGenerator Class="ColorGenerator_Options" Inherit="False">
			<options>
				<li>
					<weight>15</weight>
					<only>(120,125,110)</only>
				</li>
			</options>
		</colorGenerator>
		<comps>
		  <li Class="ModularWeapons.CompProperties_ModularParts">
			<compClass>ModularWeapons.CompModularParts</compClass>
			<partKinds>
			  <li>guy762_slot_overlay</li>
			</partKinds>
			<randomizeParts>true</randomizeParts>
		  </li>
		</comps>
	</ThingDef>
	
	<ThingDef ParentName="guy762_HelmetModdable_hard">
		<defName>guy762_HelmetMilitary_OldRepublic</defName>
		<label>vintage Republic helmet</label>
		<techLevel>Spacer</techLevel>
		<description>This vintage helmet still proudly bears the markings of the Republic Navy.</description>
		<graphicData>
			<texPath>Apparel/Helmets/TotJMilHelmet/MilitaryHelmet</texPath>
			<graphicClass>Graphic_Single</graphicClass>
			<shaderType>CutoutComplex</shaderType>
			<colorTwo>(255,255,10)</colorTwo>
		</graphicData>
		<statBases>
			<Mass>5.5</Mass>
			<MarketValue>500</MarketValue>
			<MaxHitPoints>175</MaxHitPoints>
      		<ArmorRating_Sharp>0.55</ArmorRating_Sharp>
			<ArmorRating_Blunt>0.4</ArmorRating_Blunt>
			<ArmorRating_Heat>0.65</ArmorRating_Heat>
			<EquipDelay>2</EquipDelay>
		</statBases>
		
		<apparel Inherit="False">
			<tags>
				<li>KotORArmor_mid</li>
			</tags>
			<wornGraphicPath>Apparel/Helmets/TotJMilHelmet/MilitaryHelmet</wornGraphicPath>
			<useWornGraphicMask>true</useWornGraphicMask>
			<layers>
				<li>Overhead</li>
			</layers>
			<bodyPartGroups>
				<li>UpperHead</li>
			</bodyPartGroups>
			<useDeflectMetalEffect>true</useDeflectMetalEffect>
		</apparel>
		
		<tradeTags>
			<li>guy762TT_KotORAntique</li>
		</tradeTags>
		
		<colorGenerator Class="ColorGenerator_Options" Inherit="False">
			<options>
				<li>
					<weight>15</weight>
					<only>(130,120,110)</only>
				</li>
			</options>
		</colorGenerator>
		<comps>
		  <li Class="ModularWeapons.CompProperties_ModularParts">
			<compClass>ModularWeapons.CompModularParts</compClass>
			<partKinds>
			  <li>guy762_slot_overlay</li>
			</partKinds>
			<randomizeParts>true</randomizeParts>
		  </li>
		</comps>
	</ThingDef>
	
	<ThingDef ParentName="guy762_HelmetModdable_hard">
		<defName>guy762_HelmetMilitary_Pilot</defName>
		<label>pilot helmet</label>
		<techLevel>Spacer</techLevel>
		<description>A flak helmet intended for starfighter pilots, it has a small amount of anti-radiation padding in order to protect the wearer's vital organs from background radiation during extravehicular operations.</description>
		<graphicData>
			<texPath>Apparel/Helmets/RepPilotHelmet/MilitaryHelmet</texPath>
			<graphicClass>Graphic_Single</graphicClass>
			<shaderType>CutoutComplex</shaderType>
			<colorTwo>(140,0,0)</colorTwo>
		</graphicData>
		<statBases>
			<Mass>5.5</Mass>
			<MarketValue>500</MarketValue>
			<MaxHitPoints>175</MaxHitPoints>
      		<ArmorRating_Sharp>0.65</ArmorRating_Sharp>
			<ArmorRating_Blunt>0.5</ArmorRating_Blunt>
			<ArmorRating_Heat>0.75</ArmorRating_Heat>
			<EquipDelay>2</EquipDelay>
		</statBases>
		<equippedStatOffsets>
		  <ToxicEnvironmentResistance>0.1</ToxicEnvironmentResistance>
		</equippedStatOffsets>
		
		<apparel Inherit="False">
			<tags>
				<li>KotORArmor_mid</li>
				<li>OR_apparel_pilot</li>
				<li>KotORApparel_pilothelmet</li>
			</tags>
			<wornGraphicPath>Apparel/Helmets/RepPilotHelmet/MilitaryHelmet</wornGraphicPath>
			<useWornGraphicMask>true</useWornGraphicMask>
			<layers>
				<li>Overhead</li>
				<li>EyeCover</li>
			</layers>
			<bodyPartGroups>
				<li>UpperHead</li>
				<li>Eyes</li>
			</bodyPartGroups>
			<useDeflectMetalEffect>true</useDeflectMetalEffect>
		</apparel>
		
		<tradeTags>
			<li>guy762TT_KotORArmor</li>
		</tradeTags>
		
		<colorGenerator Class="ColorGenerator_Options" Inherit="False">
			<options>
				<li>
					<weight>15</weight>
					<only>(180,185,185)</only>
				</li>
			</options>
		</colorGenerator>
		<comps>
		  <li Class="ModularWeapons.CompProperties_ModularParts">
			<compClass>ModularWeapons.CompModularParts</compClass>
			<partKinds>
			  <li>guy762_slot_overlay</li>
			</partKinds>
			<randomizeParts>true</randomizeParts>
		  </li>
		</comps>
	</ThingDef>
	
	
	
	
	
	
	
	
	
	
	
	
	
	
	
	
	
  
  
  <ThingDef ParentName="guy762_SoftHelmetCraftable">
		<defName>guy762_HelmetLgtBattle</defName>
		<label>light battle helmet</label>
		<techLevel>Spacer</techLevel>
		<description>Providing solid protection for a minimal cost, this armor is excellent for entrenched troops or guards. A force on the move, however, may find it somewhat constricting.</description>
		<graphicData>
			<texPath>Apparel/Helmets/LightBattleHelmet</texPath>
			<graphicClass>Graphic_Single</graphicClass>
			<shaderType>CutoutComplex</shaderType>
		</graphicData>
		<statBases>
			<Mass>4</Mass>
			<MarketValue>375</MarketValue>
			<MaxHitPoints>175</MaxHitPoints>
			<StuffEffectMultiplierArmor>0.6</StuffEffectMultiplierArmor>
			<StuffEffectMultiplierInsulation_Cold>0.10</StuffEffectMultiplierInsulation_Cold>
			<StuffEffectMultiplierInsulation_Heat>0.05</StuffEffectMultiplierInsulation_Heat>
			<EquipDelay>10</EquipDelay>
			
			<WorkToMake>15000</WorkToMake>
		</statBases>
		
		<recipeMaker>
			<researchPrerequisite>guy762_ResearchKotOR_midarmor</researchPrerequisite>
			<skillRequirements>
				<Crafting>6</Crafting>
			</skillRequirements>
		</recipeMaker>
		<costStuffCount>30</costStuffCount>
		<stuffCategories>
		  <li>Leathery</li>
		  <li>Fabric</li>
		</stuffCategories>
		<costList>
			<Plasteel>8</Plasteel>
		</costList>
		
		<apparel Inherit="False">
			<tags>
				<li>KotORArmor_mid</li>
				<li>SaV_outfit_merc</li>
			</tags>
			<wornGraphicPath>Apparel/Helmets/LightBattleHelmet</wornGraphicPath>
			<useWornGraphicMask>true</useWornGraphicMask>
			<layers>
				<li>EyeCover</li>
				<li>Overhead</li>
			</layers>
			<bodyPartGroups>
				<li>Eyes</li>
				<li>UpperHead</li>
			</bodyPartGroups>
			<useDeflectMetalEffect>false</useDeflectMetalEffect>
		</apparel>
		
		<tradeTags>
			<li>guy762TT_KotORArmor</li>
			<li>guy762TT_KotORGeneric_adv</li>
		</tradeTags>
		
		<colorGenerator Class="ColorGenerator_Options" Inherit="False">
			<options>
				<li>
					<weight>15</weight>
					<only>(190,155,120)</only>
				</li>
			</options>
		</colorGenerator>
	</ThingDef>
	
	

	
	
	
	<ThingDef ParentName="guy762_HelmetModdable_soft">
		<defName>guy762_HelmetLgtBattle_baragwin</defName>
		<label>Baragwin Shadow Helmet</label>
		<techLevel>Spacer</techLevel>
		<description>A specialty of the Baragwin, this modifiable helmet has advanced adaptive camouflage technology that, when combined with a stealth generator, allows it to blend in nearly seamlessly with the background when viewed from any direction. It is generally only sold to respected governments, but a number have found their way into more disreputable distribution channels.</description>
		<graphicData>
			<texPath>Apparel/Helmets/LightBattleHelmet</texPath>
			<graphicClass>Graphic_Single</graphicClass>
			<shaderType>CutoutComplex</shaderType>
			<colorTwo>(230,35,55)</colorTwo>
		</graphicData>
		<statBases>
			<Mass>4</Mass>
			<MarketValue>8000</MarketValue>
			<MaxHitPoints>175</MaxHitPoints>
      		<ArmorRating_Sharp>0.6</ArmorRating_Sharp>
			<ArmorRating_Blunt>0.65</ArmorRating_Blunt>
			<ArmorRating_Heat>0.7</ArmorRating_Heat>
			<Insulation_Cold>6</Insulation_Cold>
			<Insulation_Heat>6</Insulation_Heat>
			<EquipDelay>10</EquipDelay>
		</statBases>
		<equippedStatOffsets>
			<HuntingStealth>0.4</HuntingStealth>
		</equippedStatOffsets>
		
		<apparel Inherit="False">
			<tags>
				<li>KotORArmor_mid</li>
				<li>SaV_apparel_chiss</li>
				<li>SaV_apparel_excassassin</li>
			</tags>
			<wornGraphicPath>Apparel/Helmets/LightBattleHelmet</wornGraphicPath>
			<useWornGraphicMask>true</useWornGraphicMask>
			<layers>
				<li>EyeCover</li>
				<li>Overhead</li>
			</layers>
			<bodyPartGroups>
				<li>Eyes</li>
				<li>UpperHead</li>
			</bodyPartGroups>
			<useDeflectMetalEffect>false</useDeflectMetalEffect>
		</apparel>
		
		<tradeTags>
			<li>guy762TT_KotORElite</li>
			<li>guy762TT_Baragwin</li>
		</tradeTags>
		
		<colorGenerator Class="ColorGenerator_Options" Inherit="False">
			<options>
				<li>
					<weight>15</weight>
					<only>(130,155,185)</only>
				</li>
			</options>
		</colorGenerator>
		<comps>
		  <li Class="ModularWeapons.CompProperties_ModularParts">
			<compClass>ModularWeapons.CompModularParts</compClass>
			<partKinds>
			  <li>guy762_slot_underlay_hat</li>
			  <li>guy762_slot_helmettech_visor</li>
			</partKinds>
			<randomizeParts>true</randomizeParts>
		  </li>
		</comps>
	</ThingDef>
	
	
	
	
	
	
	
	
	
	
	
	
	
	
	
	
	
	
	
	
	
	
	<ThingDef ParentName="guy762_HelmetCraftableBase">
		<defName>guy762_HelmetHeavyBattle</defName>
		<label>heavy battle helmet</label>
		<techLevel>Spacer</techLevel>
		<description>This is the heaviest armor available for the soldier that requires maximum protection from direct damage. Some consider the fit claustrophobic, but that's the tradeoff for safety.</description>
		<graphicData>
			<texPath>Apparel/Helmets/HeavyBattleHelmet</texPath>
			<graphicClass>Graphic_Single</graphicClass>
		</graphicData>
		<statBases>
			<Mass>8</Mass>
			<MarketValue>4250</MarketValue>
			<MaxHitPoints>235</MaxHitPoints>
			<StuffEffectMultiplierArmor>0.8</StuffEffectMultiplierArmor>
			<EquipDelay>6</EquipDelay>
			
			<WorkToMake>40000</WorkToMake>
		</statBases>
		<equippedStatOffsets>
			<ToxicEnvironmentResistance>0.5</ToxicEnvironmentResistance>
			<HypoxiaResistance MayRequire="kentington.saveourship2">1</HypoxiaResistance>
			<DecompressionResistance MayRequire="kentington.saveourship2">0.25</DecompressionResistance>
		</equippedStatOffsets>
		
		<recipeMaker>
			<researchPrerequisite>guy762_ResearchKotOR_hvyarmor</researchPrerequisite>
			<skillRequirements>
				<Crafting>12</Crafting>
			</skillRequirements>
		</recipeMaker>
		<costStuffCount>60</costStuffCount>
		<stuffCategories>
		  <li>Metallic</li>
		</stuffCategories>
		<costList>
			<ComponentIndustrial>3</ComponentIndustrial>
			<ComponentSpacer>1</ComponentSpacer>
		</costList>
		
		<thingSetMakerTags>
		  <li>RewardStandardMidFreq</li>
		  <li>RewardStandardQualitySuper</li>
		</thingSetMakerTags>
		
		<apparel Inherit="False">
			<tags>
				<li>EVA</li>
				<li>KotORArmor_heavy</li>
			</tags>
			<wornGraphicPath>Apparel/Helmets/HeavyBattleHelmet</wornGraphicPath>
			<useWornGraphicMask>true</useWornGraphicMask>
			<layers>
				<li>Overhead</li>
				<li>EyeCover</li>
			</layers>
			<bodyPartGroups>
				<li>FullHead</li>
			</bodyPartGroups>
			<useDeflectMetalEffect>true</useDeflectMetalEffect>
		</apparel>
		
		<tradeTags>
			<li>guy762TT_KotORArmor</li>
			<li>guy762TT_KotORGeneric_rare</li>
		</tradeTags>
		
		<colorGenerator Class="ColorGenerator_Options" Inherit="False">
			<options>
				<li>
					<weight>15</weight>
					<only>(180,185,185)</only>
				</li>
			</options>
		</colorGenerator>
		
		<comps>
			<li Class="AthenaFramework.CompProperties_CustomApparelBody">
				<hideHead>true</hideHead>
			</li>
		</comps>
	</ThingDef>
	
	
	
	<ThingDef ParentName="guy762_HelmetModdable_hard">
		<defName>guy762_HelmetHeavyBattle_powered</defName>
		<label>powered battle helmet</label>
		<techLevel>Spacer</techLevel>
		<description>The modular visor system and built-in breath mask provides the wearer with both protection and vision enhancement. It is rare outside of professional mercenaries and soldiers.</description>
		<graphicData>
			<texPath>Apparel/Helmets/HeavyBattleHelmet</texPath>
			<graphicClass>Graphic_Single</graphicClass>
			<shaderType>CutoutComplex</shaderType>
			<!--colorTwo>(180,85,60)</colorTwo-->
		</graphicData>
		<statBases>
			<Mass>8</Mass>
			<MarketValue>6000</MarketValue>
			<MaxHitPoints>235</MaxHitPoints>
      		<ArmorRating_Sharp>0.85</ArmorRating_Sharp>
			<ArmorRating_Blunt>0.7</ArmorRating_Blunt>
			<ArmorRating_Heat>0.95</ArmorRating_Heat>
			<EquipDelay>6</EquipDelay>
		</statBases>
		<equippedStatOffsets>
			<ToxicEnvironmentResistance>0.5</ToxicEnvironmentResistance>
			<HypoxiaResistance MayRequire="kentington.saveourship2">1</HypoxiaResistance>
			<DecompressionResistance MayRequire="kentington.saveourship2">0.25</DecompressionResistance>
		</equippedStatOffsets>
		
		<apparel Inherit="False">
			<tags>
				<li>EVA</li>
				<li>KotORArmor_heavy</li>
				<li>SaV_apparel_bountyhunterstrong</li>
			</tags>
			<wornGraphicPath>Apparel/Helmets/HeavyBattleHelmet</wornGraphicPath>
			<useWornGraphicMask>true</useWornGraphicMask>
			<layers>
				<li>Overhead</li>
				<li>EyeCover</li>
			</layers>
			<bodyPartGroups>
				<li>FullHead</li>
			</bodyPartGroups>
			<useDeflectMetalEffect>true</useDeflectMetalEffect>
		</apparel>
		
		<tradeTags>
			<li>guy762TT_KotORArmor</li>
		</tradeTags>
		
		<colorGenerator Class="ColorGenerator_Options" Inherit="False">
			<options>
				<li>
					<weight>15</weight>
					<only>(230,225,210)</only>
				</li>
			</options>
		</colorGenerator>
		<comps>
		  <li Class="ModularWeapons.CompProperties_ModularParts">
			<compClass>ModularWeapons.CompModularParts</compClass>
			<partKinds>
			  <li>guy762_slot_overlay</li>
			  <li>guy762_slot_underlay_hat</li>
			  <li>guy762_slot_helmettech</li>
			</partKinds>
			<randomizeParts>true</randomizeParts>
		  </li>
		  <li Class="AthenaFramework.CompProperties_CustomApparelBody">
			<hideHead>true</hideHead>
			</li>
		</comps>
	</ThingDef>

	
	
	

</Defs>