<?xml version="1.0" encoding="utf-8" ?>
<Defs>
	
	<ThingDef ParentName="guy762_clothingbase">
		<defName>guy762_Clothing_scum</defName>
		<label>clothing, rustic</label>
		<description>These are simple garments that protect little more than the modesty of the wearer.</description>
		<graphicData>
		  <texPath>Apparel/Undersuits/scum/Apparel</texPath>
		  <graphicClass>Graphic_Single</graphicClass>
		  <shaderType>CutoutComplex</shaderType>
		  <colorTwo>(190,155,120)</colorTwo> <!-- beige -->
		</graphicData>
		<statBases>
			<Mass>3</Mass>
			<MarketValue>10</MarketValue>
			<MaxHitPoints>100</MaxHitPoints>
			<ArmorRating_Sharp>0.01</ArmorRating_Sharp>
			<ArmorRating_Blunt>0.01</ArmorRating_Blunt>
			<ArmorRating_Heat>0.01</ArmorRating_Heat>
			<Insulation_Cold>10</Insulation_Cold>
			<Insulation_Heat>5</Insulation_Heat>
			<EquipDelay>3</EquipDelay>
			
			<WorkToMake>1000</WorkToMake>
		</statBases>
		
		<costList>
		  <Cloth>75</Cloth>
		</costList>
		
		<apparel>
		  <tags Inherit="False">
			<li>KotORClothing_any</li>
			<li>KotORClothing_civilian_prole</li>
			<li>SaV_apparel_thug</li>
		  </tags>
		  <wornGraphicPath>Apparel/Undersuits/scum/Apparel</wornGraphicPath>
		  <useWornGraphicMask>true</useWornGraphicMask>
		  <defaultOutfitTags Inherit="False">
			<li>Worker</li>
		  </defaultOutfitTags>
		</apparel>
		<tradeTags>
			<li>guy762TT_KotORClothes</li>
		</tradeTags>
		<colorGenerator Class="ColorGenerator_Options" Inherit="False">
			<options>
				<li>
					<weight>15</weight>
					<only>(70,70,75)</only> <!-- black -->
				</li>
				<li>
					<weight>7</weight>
					<only>(150,195,230)</only> <!--sky blue-->
				</li>
				<li>
					<weight>4</weight>
					<only>(240,210,70)</only> <!--flight suit yellow-->
				</li>
				<li>
					<weight>4</weight>
					<only>(250,250,250)</only> <!-- white -->
				</li>
			</options>
		</colorGenerator>
	  </ThingDef>
	  
	  <ThingDef ParentName="guy762_clothingbase">
		<defName>guy762_Clothing_scumII</defName>
		<label>clothing, rugged</label>
		<description>These are simple garments that protect little more than the modesty of the wearer.</description>
		<graphicData>
		  <texPath>Apparel/Undersuits/scum/Apparel</texPath>
		  <graphicClass>Graphic_Single</graphicClass>
		</graphicData>
		<statBases>
			<Mass>3</Mass>
			<MarketValue>10</MarketValue>
			<MaxHitPoints>100</MaxHitPoints>
			<ArmorRating_Sharp>0.01</ArmorRating_Sharp>
			<ArmorRating_Blunt>0.01</ArmorRating_Blunt>
			<ArmorRating_Heat>0.01</ArmorRating_Heat>
			<Insulation_Cold>10</Insulation_Cold>
			<Insulation_Heat>5</Insulation_Heat>
			<EquipDelay>3</EquipDelay>
			
			<WorkToMake>1000</WorkToMake>
		</statBases>
		
		<costList>
		  <Cloth>75</Cloth>
		</costList>
		
		<apparel>
		  <tags Inherit="False">
			<li>KotORClothing_any</li>
			<li>KotORClothing_civilian_prole</li>
			<li>SaV_apparel_thug</li>
			<li>SithRem_apparel_undersuit</li>
		  </tags>
		  <wornGraphicPath>Apparel/Undersuits/scum/Apparel</wornGraphicPath>
		  <useWornGraphicMask>false</useWornGraphicMask>
		  <defaultOutfitTags Inherit="False">
			<li>Worker</li>
		  </defaultOutfitTags>
		</apparel>
		<tradeTags>
			<li>guy762TT_KotORClothes</li>
		</tradeTags>
		<colorGenerator Class="ColorGenerator_Options" Inherit="False">
			<options>
				<li>
					<weight>15</weight>
					<only>(190,155,120)</only> <!-- beige -->
				</li>
				<li>
					<weight>15</weight>
					<only>(120,125,110)</only> <!-- drab green -->
				</li>
				<li>
					<weight>15</weight>
					<only>(90,85,65)</only> <!-- grease green -->
				</li>
				<li>
					<weight>15</weight>
					<only>(160,150,105)</only> <!-- dijon yellow -->
				</li>
				<li>
					<weight>15</weight>
					<only>(70,50,30)</only> <!-- brown -->
				</li>
			</options>
		</colorGenerator>
	  </ThingDef>
	  
	  
	  
	  
	  
	  
	  
	  
	  
	  <ThingDef ParentName="guy762_clothingbase">
		<defName>guy762_Clothing_civilian</defName>
		<label>clothing, plain</label>
		<description>These are simple garments that protect little more than the modesty of the wearer.</description>
		<graphicData>
		  <texPath>Apparel/Undersuits/civilian/Apparel</texPath>
		  <graphicClass>Graphic_Single</graphicClass>
		  <shaderType>CutoutComplex</shaderType>
		</graphicData>
		<statBases>
			<Mass>3</Mass>
			<MarketValue>10</MarketValue>
			<MaxHitPoints>100</MaxHitPoints>
			<ArmorRating_Sharp>0.01</ArmorRating_Sharp>
			<ArmorRating_Blunt>0.01</ArmorRating_Blunt>
			<ArmorRating_Heat>0.01</ArmorRating_Heat>
			<Insulation_Cold>5</Insulation_Cold>
			<Insulation_Heat>10</Insulation_Heat>
			<EquipDelay>3</EquipDelay>
			
			<WorkToMake>1000</WorkToMake>
		</statBases>
		
		<costList>
		  <Cloth>75</Cloth>
		</costList>
		
		<apparel>
		  <tags Inherit="False">
			<li>KotORClothing_any</li>
			<li>KotORClothing_civilian_mid</li>
			<li>KotORClothing_smuggler</li>
		  </tags>
		  <wornGraphicPath>Apparel/Undersuits/civilian/Apparel</wornGraphicPath>
		  <useWornGraphicMask>true</useWornGraphicMask>
		  <defaultOutfitTags Inherit="False">
			<li>Worker</li>
		  </defaultOutfitTags>
		</apparel>
		<tradeTags>
			<li>guy762TT_KotORClothes</li>
		</tradeTags>
		<colorGenerator Class="ColorGenerator_Options" Inherit="False">
			<options>
				<li>
					<weight>15</weight>
					<only>(160,170,175)</only> <!-- slate -->
				</li>
				<li>
					<weight>10</weight>
					<only>(235,255,255)</only> <!-- T3's teal -->
				</li>
				<li>
					<weight>10</weight>
					<only>(120,125,110)</only> <!-- drab -->
				</li>
				<li>
					<weight>10</weight>
					<only>(210,190,140)</only> <!-- beige -->
				</li>
				<li>
					<weight>5</weight>
					<only>(135,195,135)</only> <!-- green -->
				</li>
				<li>
					<weight>5</weight>
					<only>(145,195,230)</only> <!-- blue -->
				</li>
				<li>
					<weight>5</weight>
					<only>(85,85,90)</only> <!-- black -->
				</li>
			</options>
		</colorGenerator>
	  </ThingDef>
	  
	  
	  
	  
	  
	  
	  <ThingDef ParentName="guy762_clothingbase">
		<defName>guy762_Clothing_smuggler</defName>
		<label>clothing, loose</label>
		<description>These are simple garments that protect little more than the modesty of the wearer.</description>
		<graphicData>
		  <texPath>Apparel/Undersuits/smuggler/Apparel</texPath>
		  <graphicClass>Graphic_Single</graphicClass>
		  <shaderType>CutoutComplex</shaderType>
		  <colorTwo>(140,0,0)</colorTwo> <!-- crimson -->
		</graphicData>
		<statBases>
			<Mass>3</Mass>
			<MarketValue>10</MarketValue>
			<MaxHitPoints>100</MaxHitPoints>
			<ArmorRating_Sharp>0.01</ArmorRating_Sharp>
			<ArmorRating_Blunt>0.01</ArmorRating_Blunt>
			<ArmorRating_Heat>0.01</ArmorRating_Heat>
			<Insulation_Cold>5</Insulation_Cold>
			<Insulation_Heat>10</Insulation_Heat>
			<EquipDelay>3</EquipDelay>
			
			<WorkToMake>1000</WorkToMake>
		</statBases>
		<equippedStatOffsets>
		  <SocialImpact>0.1</SocialImpact>
		</equippedStatOffsets>
		
		<costList>
		  <Cloth>75</Cloth>
		</costList>
		
		<apparel>
		  <tags Inherit="False">
			<li>KotORClothing_any</li>
			<li>KotORClothing_smuggler</li>
			<li>SaV_apparel_thug</li>
			<li>SaV_apparel_crimelord</li>
		  </tags>
		  <wornGraphicPath>Apparel/Undersuits/smuggler/Apparel</wornGraphicPath>
		  <useWornGraphicMask>true</useWornGraphicMask>
		  <defaultOutfitTags Inherit="False">
			<li>Worker</li>
		  </defaultOutfitTags>
		</apparel>
		<tradeTags>
			<li>guy762TT_KotORClothes</li>
		</tradeTags>
		<colorGenerator Class="ColorGenerator_Options" Inherit="False">
			<options>
				<li>
					<weight>15</weight>
					<only>(210,190,140)</only> <!-- beige -->
				</li>
				<li>
					<weight>15</weight>
					<only>(235,255,255)</only> <!-- T3's teal -->
				</li>
				<li>
					<weight>15</weight>
					<only>(185,190,175)</only> <!-- light drab -->
				</li>
				<li>
					<weight>15</weight>
					<only>(130,130,135)</only> <!-- dark -->
				</li>
				<li>
					<weight>15</weight>
					<only>(160,145,200)</only> <!-- lavender -->
				</li>
				<li>
					<weight>15</weight>
					<only>(145,195,230)</only> <!-- cyan -->
				</li>
			</options>
		</colorGenerator>
	  </ThingDef>
	  
  






  <ThingDef ParentName="guy762_clothingbase">
    <defName>guy762_Bodysuit_Dyeable</defName>
    <label>clothing, fatigues</label>
    <description>These are simple garments that protect little more than the modesty of the wearer.</description>
    <graphicData>
      <texPath>Apparel/Undersuits/worker/Apparel</texPath>
      <graphicClass>Graphic_Single</graphicClass>
    </graphicData>
	<statBases>
		<Mass>4</Mass>
		<MarketValue>20</MarketValue>
		<MaxHitPoints>150</MaxHitPoints>
		<ArmorRating_Sharp>0.01</ArmorRating_Sharp>
		<ArmorRating_Blunt>0.01</ArmorRating_Blunt>
		<ArmorRating_Heat>0.01</ArmorRating_Heat>
		<Insulation_Cold>10</Insulation_Cold>
		<Insulation_Heat>15</Insulation_Heat>
		<EquipDelay>3</EquipDelay>
		
		<WorkToMake>1000</WorkToMake>
	</statBases>
	<equippedStatOffsets>
	  <WorkSpeedGlobal>0.1</WorkSpeedGlobal>
    </equippedStatOffsets>
	
	<costList>
      <Synthread>75</Synthread>
    </costList>
	
    <apparel>
      <tags Inherit="False">
		<li>KotORClothing_undersuit</li>
		<li>KotORClothing_civilian_prole</li>
		<li>SithRem_apparel_undersuit</li>
      </tags>
      <wornGraphicPath>Apparel/Undersuits/worker/Apparel</wornGraphicPath>
      <defaultOutfitTags Inherit="False">
		<li>Worker</li>
	  </defaultOutfitTags>
    </apparel>
	<tradeTags>
		<li>guy762TT_KotORClothes</li>
		<li>guy762TT_KotORUnderArmor</li>
	</tradeTags>
	<colorGenerator Class="ColorGenerator_Options" Inherit="False">
		<options>
			<li>
				<weight>10</weight>
				<only>(150,140,95)</only> <!-- khaki -->
			</li>
			<li>
				<weight>10</weight>
				<only>(50,50,50)</only> <!-- black -->
			</li>
			<li>
				<weight>10</weight>
				<only>(70,60,80)</only> <!-- plum -->
			</li>
		</options>
	</colorGenerator>
  </ThingDef>  
	
  
  <ThingDef ParentName="guy762_clothingbase">
    <defName>guy762_Bodysuit</defName>
    <label>vac-sealed bodysuit</label>
    <description>This is a sealed bodysuit offering sufficient protection against the cold vacuum of space and other hazardous environments.</description>
    <graphicData>
      <texPath>Apparel/Undersuits/vac/Apparel</texPath>
      <graphicClass>Graphic_Single</graphicClass>
    </graphicData>
    <statBases>
		<Mass>6</Mass>
		<MarketValue>100</MarketValue>
		<MaxHitPoints>250</MaxHitPoints>
		<ArmorRating_Sharp>0.05</ArmorRating_Sharp>
		<ArmorRating_Blunt>0.05</ArmorRating_Blunt>
		<ArmorRating_Heat>0.05</ArmorRating_Heat>
		<Insulation_Cold>50</Insulation_Cold>
		<Insulation_Heat>50</Insulation_Heat>
		<EquipDelay>5</EquipDelay>
		
		<WorkToMake>10000</WorkToMake>
	</statBases>
	<equippedStatOffsets>
		<DecompressionResistance MayRequire="kentington.saveourship2">0.75</DecompressionResistance>
	</equippedStatOffsets>
	
	<costList>
      <Synthread>80</Synthread>
      <KOTOR_FabricArmorweave>20</KOTOR_FabricArmorweave>
    </costList>
	
    <apparel>
      <tags Inherit="False">
		<li>EVA</li>
		<li>KotORArmor_undersuit</li>
		<li>MNC_outfit_mid</li>
		<li>MNC_outfit_heavy</li>
      </tags>
      <wornGraphicPath>Apparel/Undersuits/vac/Apparel</wornGraphicPath>
      <defaultOutfitTags Inherit="False">
		<li>Soldier</li>
	  </defaultOutfitTags>
    </apparel>
	<tradeTags>
		<li>guy762TT_KotORArmor</li>
		<li>guy762TT_KotORUnderArmor</li>
	</tradeTags>
	<colorGenerator Class="ColorGenerator_Options" Inherit="False">
		<options>
			<li>
				<weight>15</weight>
				<only>(220,195,255)</only> <!-- lavender -->
			</li>
			<li>
				<weight>15</weight>
				<only>(145,195,230)</only> <!-- cyan -->
			</li>
			<li>
				<weight>7</weight>
				<only>(110,215,215)</only> <!-- turquoise -->
			</li>
			<li>
				<weight>3</weight>
				<only>(120,110,180)</only> <!-- MNC trooper -->
			</li>
			<li>
				<weight>2</weight>
				<only>(165,80,80)</only> <!-- MNC rally master -->
			</li>
			<li>
				<weight>1</weight>
				<only>(210,200,15)</only> <!-- MNC field marshal -->
			</li>
		</options>
	</colorGenerator>
	<comps>
		<li MayRequire="kentington.saveourship2">
		  <compClass>SaveOurShip2.Comp_EVA</compClass>
		</li>
	</comps>
  </ThingDef>
  

  
  
  
  
  
  
  
  
  
  
  
  
  
  <ThingDef ParentName="guy762_MakeNoQualityClothing">
    <defName>guy762_FlightVest</defName>
    <label>flight vest</label>
    <description>A padded vest intended for starfighter pilots, it has a small amount of anti-radiation padding in order to protect the wearer's vital organs from background radiation during extravehicular operations.</description>
    <graphicData>
      <texPath>Apparel/FlightVest/Apparel</texPath>
      <graphicClass>Graphic_Single</graphicClass>
	  <shaderType>CutoutComplex</shaderType>
    </graphicData>
	<statBases>
		<Mass>2.5</Mass>
		<MarketValue>100</MarketValue>
		<MaxHitPoints>150</MaxHitPoints>
		<ArmorRating_Sharp>0.01</ArmorRating_Sharp>
		<ArmorRating_Blunt>0.05</ArmorRating_Blunt>
		<ArmorRating_Heat>0.05</ArmorRating_Heat>
		<Insulation_Cold>1</Insulation_Cold>
		<Insulation_Heat>1</Insulation_Heat>
		<EquipDelay>10</EquipDelay>
		
		<WorkToMake>5000</WorkToMake>
	</statBases>
	<equippedStatOffsets>
      <ToxicEnvironmentResistance>0.1</ToxicEnvironmentResistance>
	  <DecompressionResistance MayRequire="kentington.saveourship2">0.125</DecompressionResistance>
    </equippedStatOffsets>
	
	
	<recipeMaker>
		<skillRequirements>
			<Crafting>8</Crafting>
		</skillRequirements>
	</recipeMaker>
	<costList>
      <ComponentIndustrial>1</ComponentIndustrial>
	  <Synthread>45</Synthread>
    </costList>
	
    <apparel>
      <tags Inherit="False">
		<li>KotORClothing_pilot</li>
      </tags>
      <wornGraphicPath>Apparel/FlightVest/Apparel</wornGraphicPath>
	  <useWornGraphicMask>true</useWornGraphicMask>
      <defaultOutfitTags Inherit="False">
		<li>Worker</li>
	  </defaultOutfitTags>
	  <layers Inherit="False">
		<li>Middle</li>
	  </layers>
	  <bodyPartGroups Inherit="False">
		<li>Torso</li>
	  </bodyPartGroups>
    </apparel>
	<tradeTags>
		<li>guy762TT_KotORClothes</li>
	</tradeTags>
	<colorGenerator Class="ColorGenerator_Options" Inherit="False">
		<options>
			<li>
				<weight>10</weight>
				<only>(255,255,255)</only>
			</li>
			<li>
				<weight>5</weight>
				<only>(130,130,130)</only>
			</li>
		</options>
	</colorGenerator>
  </ThingDef>
  
  <ThingDef ParentName="KotORArmorModdable_hard">
    <defName>guy762_FlightArmor</defName>
    <label>armored flight vest</label>
    <description>This combat-ready flight vest provides additional protection against vacuum for limited periods. Its many models appeal to a wide range of users, from military pilots and mercenaries to fringe explorers and space pirates. Built-in grav thrusters also assist with movement in open space.</description>
    <graphicData>
      <texPath>Apparel/FlightArmor/Apparel</texPath>
      <graphicClass>Graphic_Single</graphicClass>
	  <shaderType>CutoutComplex</shaderType>
	  <colorTwo>(140,0,0)</colorTwo>
    </graphicData>
	<statBases>
		<Mass>6</Mass>
		<MarketValue>500</MarketValue>
		<MaxHitPoints>225</MaxHitPoints>
		<ArmorRating_Sharp>0.55</ArmorRating_Sharp>
		<ArmorRating_Blunt>0.4</ArmorRating_Blunt>
		<ArmorRating_Heat>0.65</ArmorRating_Heat>
		<Insulation_Cold>20</Insulation_Cold>
		<EquipDelay>15</EquipDelay>
	</statBases>
	<equippedStatOffsets>
		<MoveSpeed>-0.1</MoveSpeed>
		<MeleeDodgeChance>-0.1</MeleeDodgeChance>
		<IncomingDamageFactor>-0.05</IncomingDamageFactor>
		<VacuumSpeedMultiplier MayRequire="kentington.saveourship2">2</VacuumSpeedMultiplier>
		<DecompressionResistance MayRequire="kentington.saveourship2">0.125</DecompressionResistance>
	</equippedStatOffsets>
    <apparel>
      <tags Inherit="False">
		<li>KotORClothing_pilot</li>
      </tags>
      <wornGraphicPath>Apparel/FlightArmor/Apparel</wornGraphicPath>
	  <useWornGraphicMask>true</useWornGraphicMask>
      <defaultOutfitTags Inherit="False">
		<li>Worker</li>
	  </defaultOutfitTags>
	  <layers Inherit="False">
		<li>Middle</li>
	  </layers>
	  <bodyPartGroups Inherit="False">
		<li>Torso</li>
	  </bodyPartGroups>
    </apparel>
	<tradeTags>
		<li>guy762TT_KotORArmor</li>
	</tradeTags>
	<colorGenerator Class="ColorGenerator_Options" Inherit="False">
		<options>
			<li>
				<weight>15</weight>
				<only>(180,185,185)</only>
			</li>
		</options>
	</colorGenerator>
  </ThingDef>

</Defs>