<?xml version="1.0" encoding="utf-8" ?>
<Defs>

		<!--armor-->	
		
	<ThingDef ParentName="KotORArmorModdable_soft">
		<defName>guy762_RepArmor_TSF</defName>
		<label>Civic Security Armor</label>
		<techLevel>Spacer</techLevel>
		<description>This streamlined version of the Republic Mod armor is issued to all Republic-aligned planetary security forces.</description>
		<graphicData>
			<texPath>Apparel/Republic/trooper/TSF/Apparel</texPath>
			<graphicClass>Graphic_Single</graphicClass>
			<shaderType>CutoutComplex</shaderType>
			<colorTwo>(230,185,45)</colorTwo>
		</graphicData>
		<statBases>
			<Mass>7.5</Mass>
			<MarketValue>350</MarketValue>
			<MaxHitPoints>225</MaxHitPoints>
			<ArmorRating_Sharp>0.5</ArmorRating_Sharp>
			<ArmorRating_Blunt>0.55</ArmorRating_Blunt>
			<ArmorRating_Heat>0.6</ArmorRating_Heat>
			<Insulation_Cold>15</Insulation_Cold>
			<Insulation_Heat>15</Insulation_Heat>
			<EquipDelay>10</EquipDelay>
		</statBases>
		<equippedStatOffsets>
			<MoveSpeed>-0.1</MoveSpeed>
			<MeleeDodgeChance>-0.1</MeleeDodgeChance>
			<IncomingDamageFactor>-0.05</IncomingDamageFactor>
		</equippedStatOffsets>
		<apparel Inherit="False">
			<tags>
				<li>PM_apparel_cop</li>
			</tags>
			<wornGraphicPath>Apparel/Republic/trooper/TSF/Apparel</wornGraphicPath>
			<useWornGraphicMask>true</useWornGraphicMask>
			<layers>
				<li>Middle</li>
				<li>OnSkin</li>
			</layers>
			<bodyPartGroups>
				<li>Torso</li>
				<li>Shoulders</li>
				<li>Neck</li>
				<li>Arms</li>
				<li>Hands</li>
				<li>Legs</li>
				<li>Feet</li>
			</bodyPartGroups>
			<useDeflectMetalEffect>false</useDeflectMetalEffect>
		</apparel>
		<tradeTags>
			<li>guy762TT_ORArmor</li>
		</tradeTags>
		<colorGenerator Class="ColorGenerator_Options" Inherit="False">
			<options>
				<li>
					<weight>15</weight>
					<only>(140,180,200)</only> <!--sky blue-->
				</li>
			</options>
		</colorGenerator>
	</ThingDef>
	
	<ThingDef ParentName="KotORArmorModdable_hard">
		<defName>guy762_RepHelmet_TSF</defName>
		<label>Civic Security Helmet</label>
		<techLevel>Spacer</techLevel>
		<description>This streamlined version of the Republic Fleet helmet is issued to all Republic-aligned planetary security forces.</description>
		<graphicData>
			<texPath>Apparel/Republic/trooper/TSF/Helmet</texPath>
			<graphicClass>Graphic_Single</graphicClass>
			<shaderType>CutoutComplex</shaderType>
			<colorTwo>(230,185,45)</colorTwo>
		</graphicData>
		<thingCategories>
		  <li>ArmorHeadgear</li>
		</thingCategories>
		<statBases>
			<Mass>5.5</Mass>
			<MarketValue>100</MarketValue>
			<MaxHitPoints>175</MaxHitPoints>
      		<ArmorRating_Sharp>0.45</ArmorRating_Sharp>
			<ArmorRating_Blunt>0.3</ArmorRating_Blunt>
			<ArmorRating_Heat>0.55</ArmorRating_Heat>
			<EquipDelay>4</EquipDelay>
		</statBases>
		
		<apparel Inherit="False">
			<tags>
				<li>PM_apparel_cop</li>
			</tags>
			<wornGraphicPath>Apparel/Republic/trooper/TSF/Helmet</wornGraphicPath>
			<useWornGraphicMask>true</useWornGraphicMask>
			<layers>
				<li>Overhead</li>
			</layers>
			<bodyPartGroups>
				<li>UpperHead</li>
			</bodyPartGroups>
			<useDeflectMetalEffect>true</useDeflectMetalEffect>
		</apparel>
		<tradeTags>
			<li>guy762TT_ORArmor</li>
		</tradeTags>
		<colorGenerator Class="ColorGenerator_Options" Inherit="False">
			<options>
				<li>
					<weight>15</weight>
					<only>(140,180,200)</only> <!--sky blue-->
				</li>
			</options>
		</colorGenerator>
	</ThingDef>
	
	
	
	
	
	
	
	
	
	
	
	
	
	
	
	
	
	
	
	
	
	
	
	
	
	<ThingDef ParentName="guy762_ModMakeNoQualityArmor_soft">
		<defName>guy762_RepArmor_trooper</defName>
		<label>Republic Mod Armor</label>
		<techLevel>Spacer</techLevel>
		<description>The Republic has prospered militarily by keeping its troops well supplied with modular armor, ensuring they are always prepared for a variety of battle conditions.</description>
		<graphicData>
			<texPath>Apparel/Republic/trooper/Apparel</texPath>
			<graphicClass>Graphic_Single</graphicClass>
			<shaderType>CutoutComplex</shaderType>
			<colorTwo>(230,185,45)</colorTwo>
		</graphicData>
		<statBases>
			<Mass>7.5</Mass>
			<MarketValue>750</MarketValue>
			<MaxHitPoints>225</MaxHitPoints>
			<ArmorRating_Sharp>0.5</ArmorRating_Sharp>
			<ArmorRating_Blunt>0.55</ArmorRating_Blunt>
			<ArmorRating_Heat>0.6</ArmorRating_Heat>
			<Insulation_Cold>15</Insulation_Cold>
			<Insulation_Heat>15</Insulation_Heat>
			<EquipDelay>10</EquipDelay>
			
			<WorkToMake>18000</WorkToMake>
		</statBases>
		<equippedStatOffsets>
			<MoveSpeed>-0.1</MoveSpeed>
			<MeleeDodgeChance>-0.1</MeleeDodgeChance>
			<IncomingDamageFactor>-0.05</IncomingDamageFactor>
		</equippedStatOffsets>
		
		<recipeMaker>
			<researchPrerequisite>guy762_ResearchKotOR_republic</researchPrerequisite>
			<skillRequirements>
				<Crafting>6</Crafting>
			</skillRequirements>
			<!--factionPrerequisiteTags>
				<li>guy762_KotORFaction_Mando</li>
			</factionPrerequisiteTags-->
		</recipeMaker>
		<costList>
			<ComponentIndustrial>2</ComponentIndustrial>
			<Plasteel>40</Plasteel>
			<Synthread>20</Synthread>
			<KOTOR_FabricArmorweave>20</KOTOR_FabricArmorweave>
		</costList>
		
		<apparel Inherit="False">
			<tags>
				<li>OR_apparel_trooper</li>
			</tags>
			<wornGraphicPath>Apparel/Republic/trooper/Apparel</wornGraphicPath>
			<useWornGraphicMask>true</useWornGraphicMask>
			<layers>
				<li>Middle</li>
				<li>OnSkin</li>
			</layers>
			<bodyPartGroups>
				<li>Torso</li>
				<li>Shoulders</li>
				<li>Neck</li>
				<li>Arms</li>
				<li>Hands</li>
				<li>Legs</li>
				<li>Feet</li>
			</bodyPartGroups>
			<useDeflectMetalEffect>false</useDeflectMetalEffect>
		</apparel>
		<tradeTags>
			<li>guy762TT_ORArmor</li>
		</tradeTags>
		<colorGenerator Class="ColorGenerator_Options" Inherit="False">
			<options>
				<li>
					<weight>15</weight>
					<only>(190,60,40)</only>
				</li>
			</options>
		</colorGenerator>
		<comps>
		  <li Class="ModularWeapons.CompProperties_ModularParts">
			<compClass>ModularWeapons.CompModularParts</compClass>
			<partKinds>
			  <li>guy762_slot_underlay</li>
			  <li>guy762_slot_overlay</li>
			</partKinds>
			<randomizeParts>true</randomizeParts>
		  </li>
		</comps>
	</ThingDef>
	
	
	<ThingDef ParentName="guy762_HelmetModMakeNoQuality">
		<defName>guy762_RepHelmet_fleet</defName>
		<label>Republic Fleet Helmet</label>
		<techLevel>Spacer</techLevel>
		<description>The Republic has prospered militarily by keeping its troops well supplied with modular armor, ensuring they are always prepared for a variety of battle conditions.</description>
		<graphicData>
			<texPath>Apparel/Republic/trooper/Helmet</texPath>
			<graphicClass>Graphic_Single</graphicClass>
			<shaderType>CutoutComplex</shaderType>
			<colorTwo>(230,185,45)</colorTwo>
		</graphicData>
		<statBases>
			<Mass>5.5</Mass>
			<MarketValue>250</MarketValue>
			<MaxHitPoints>175</MaxHitPoints>
      		<ArmorRating_Sharp>0.45</ArmorRating_Sharp>
			<ArmorRating_Blunt>0.3</ArmorRating_Blunt>
			<ArmorRating_Heat>0.55</ArmorRating_Heat>
			<EquipDelay>4</EquipDelay>
			
			<WorkToMake>8000</WorkToMake>
		</statBases>
		
		<recipeMaker>
			<unfinishedThingDef>UnfinishedArmor</unfinishedThingDef>
			<researchPrerequisite>guy762_ResearchKotOR_republic</researchPrerequisite>
			<skillRequirements>
				<Crafting>5</Crafting>
			</skillRequirements>
			<!--factionPrerequisiteTags>
				<li>guy762_KotORFaction_Mando</li>
			</factionPrerequisiteTags-->
		</recipeMaker>
		<costList>
			<ComponentIndustrial>1</ComponentIndustrial>
			<Plasteel>25</Plasteel>
		</costList>
		
		<apparel Inherit="False">
			<tags>
				<li>OR_apparel_trooper</li>
			</tags>
			<wornGraphicPath>Apparel/Republic/trooper/Helmet</wornGraphicPath>
			<useWornGraphicMask>true</useWornGraphicMask>
			<layers>
				<li>Overhead</li>
			</layers>
			<bodyPartGroups>
				<li>UpperHead</li>
			</bodyPartGroups>
			<useDeflectMetalEffect>true</useDeflectMetalEffect>
		</apparel>
		<tradeTags>
			<li>guy762TT_ORArmor</li>
		</tradeTags>
		<colorGenerator Class="ColorGenerator_Options" Inherit="False">
			<options>
				<li>
					<weight>15</weight>
					<only>(190,60,40)</only>
				</li>
			</options>
		</colorGenerator>
		<comps>
		  <li Class="ModularWeapons.CompProperties_ModularParts">
			<compClass>ModularWeapons.CompModularParts</compClass>
			<partKinds>
			  <li>guy762_slot_overlay</li>
			  <li>guy762_slot_underlay_hat</li>
			</partKinds>
			<randomizeParts>true</randomizeParts>
		  </li>
		</comps>
	</ThingDef>
	
		
		
		
		
		
		
		
		
		
		
		
		
		
		
		
       <ThingDef ParentName="KotORArmorModdable_hard">
		<defName>guy762_HelmetHeavyBattle_repcom</defName>
		<label>Republic Commando Powered Helmet</label>
		<techLevel>Spacer</techLevel>
		<description>The Republic's elite commando units possess some of the most advanced armor in the galaxy, surpassing even the finest Mandalorian suits in terms of versatility.</description>
		<graphicData>
			<texPath>Apparel/Helmets/RepComHelmet/HeavyBattleHelmet</texPath>
			<graphicClass>Graphic_Single</graphicClass>
			<shaderType>CutoutComplex</shaderType>
			<colorTwo>(230,185,45)</colorTwo>
		</graphicData>
		<thingCategories>
		  <li>ArmorHeadgear</li>
		</thingCategories>
		<statBases>
			<Mass>8</Mass>
			<MarketValue>7620</MarketValue>
			<MaxHitPoints>235</MaxHitPoints>
      		<ArmorRating_Sharp>0.85</ArmorRating_Sharp>
			<ArmorRating_Blunt>0.7</ArmorRating_Blunt>
			<ArmorRating_Heat>0.95</ArmorRating_Heat>
			<EquipDelay>6</EquipDelay>
		</statBases>
		<equippedStatOffsets>
			<ToxicEnvironmentResistance>0.5</ToxicEnvironmentResistance>
			<HypoxiaResistance MayRequire="kentington.saveourship2">1</HypoxiaResistance>
			<DecompressionResistance MayRequire="kentington.saveourship2">0.25</DecompressionResistance>
		</equippedStatOffsets>
		
		<apparel Inherit="False">
			<tags>
				<li>EVA</li>
				<li>KotORArmor_heavy</li>
			</tags>
			<wornGraphicPath>Apparel/Helmets/RepComHelmet/HeavyBattleHelmet</wornGraphicPath>
			<useWornGraphicMask>true</useWornGraphicMask>
			<layers>
				<li>Overhead</li>
				<li>EyeCover</li>
			</layers>
			<bodyPartGroups>
				<li>FullHead</li>
			</bodyPartGroups>
			<useDeflectMetalEffect>true</useDeflectMetalEffect>
		</apparel>
		
		<tradeTags>
			<li>guy762TT_KotORElite</li>
		</tradeTags>
		
		<colorGenerator Class="ColorGenerator_Options" Inherit="False">
			<options>
				<li>
					<weight>15</weight>
					<only>(190,60,40)</only>
				</li>
			</options>
		</colorGenerator>
		<comps>
		  <li Class="ModularWeapons.CompProperties_ModularParts">
			<compClass>ModularWeapons.CompModularParts</compClass>
			<partKinds>
			  <li>guy762_slot_overlay</li>
			  <li>guy762_slot_underlay_hat</li>
			  <li>guy762_slot_helmettech</li>
			</partKinds>
			<randomizeParts>true</randomizeParts>
		  </li>
		  <!--li Class="AthenaFramework.CompProperties_CustomApparelBody">    INCOMPATIBLE WITH COLORTWO!!!!
			<hideHead>true</hideHead>
		  </li-->
		</comps>
	</ThingDef>
  
    <ThingDef ParentName="KotORArmorModdable_hard">
		<defName>guy762_HvyArmor_repcom</defName>
		<label>Republic Commando Powered Armor</label>
		<techLevel>Spacer</techLevel>
		<description>The Republic's elite commando units possess some of the most advanced armor in the galaxy, surpassing even the finest Mandalorian suits in terms of versatility.</description>
		<graphicData>
			<texPath>Apparel/HeavyBattleArmor/repcom/Chest</texPath>
			<graphicClass>Graphic_Single</graphicClass>
			<shaderType>CutoutComplex</shaderType>
			<colorTwo>(230,185,45)</colorTwo>
		</graphicData>
		<statBases>
			<Mass>14</Mass>
			<MarketValue>11620</MarketValue>
			<MaxHitPoints>475</MaxHitPoints>
      		<ArmorRating_Sharp>0.95</ArmorRating_Sharp>
			<ArmorRating_Blunt>0.8</ArmorRating_Blunt>
			<ArmorRating_Heat>1.05</ArmorRating_Heat>
			<EquipDelay>10</EquipDelay>
		</statBases>
		<equippedStatOffsets>
			<MoveSpeed>-0.5</MoveSpeed>
			<MeleeDodgeChance>-0.5</MeleeDodgeChance>
			<IncomingDamageFactor>-0.15</IncomingDamageFactor>
			<MeleeDamageFactor>0.1</MeleeDamageFactor>
		</equippedStatOffsets>
		<apparel Inherit="False">
			<tags>
				<li>KotORArmor_heavy</li>
			</tags>
			<wornGraphicPath>Apparel/HeavyBattleArmor/repcom/Chest</wornGraphicPath>
			<useWornGraphicMask>true</useWornGraphicMask>
			<layers>
				<li>Middle</li>
			</layers>
			<bodyPartGroups>
				<li>Torso</li>
				<li>Shoulders</li>
				<li>Neck</li>
				<li>Arms</li>
				<li>Hands</li>
				<li>Legs</li>
				<li>Feet</li>
			</bodyPartGroups>
			<useDeflectMetalEffect>true</useDeflectMetalEffect>
		</apparel>
		<tradeTags>
			<li>guy762TT_KotORElite</li>
		</tradeTags>
		<colorGenerator Class="ColorGenerator_Options" Inherit="False">
			<options>
				<li>
					<weight>15</weight>
					<only>(190,60,40)</only>
				</li>
			</options>
		</colorGenerator>
		
		<comps>
		  <li Class="ModularWeapons.CompProperties_ModularParts">
			<compClass>ModularWeapons.CompModularParts</compClass>
			<partKinds>
			  <li>guy762_slot_underlay_hvy</li>
			  <li>guy762_slot_overlay_hvy</li>
			  <li>guy762_slot_armortech</li>
			</partKinds>
			<randomizeParts>true</randomizeParts>
		  </li>
		</comps>
	</ThingDef>
  
  
  

</Defs>