<?xml version="1.0" encoding="utf-8" ?>
<Defs>


        <!--Visas Marr-->

  
  <ThingDef ParentName="guy762_HeadbandBase">
    <defName>guy762_VisasHood</defName>
    <label>Visas' hood</label>
    <description>.</description>
    <graphicData>
      <texPath>Apparel/CharacterOutfits/Visas/hood</texPath>
      <graphicClass>Graphic_Single</graphicClass>
	  <shaderType>CutoutComplex</shaderType>
    </graphicData>
    <statBases>
	  <MarketValue>762</MarketValue>
      <MaxHitPoints>80</MaxHitPoints>
      <Mass>0.05</Mass>
	  <ArmorRating_Sharp>0.01</ArmorRating_Sharp>
	  <ArmorRating_Blunt>0.01</ArmorRating_Blunt>
	  <ArmorRating_Heat>0.01</ArmorRating_Heat>
	  <Insulation_Cold>5</Insulation_Cold>
      <Insulation_Heat>5</Insulation_Heat>
      <EquipDelay>0.125</EquipDelay>
    </statBases>
	<equippedStatOffsets>
		<PsychicSensitivity>0.1</PsychicSensitivity>
        <PsychicEntropyRecoveryRate>0.1</PsychicEntropyRecoveryRate>
	</equippedStatOffsets>
    <apparel>
      <wornGraphicPath>Apparel/CharacterOutfits/Visas/hood</wornGraphicPath>
	  <useWornGraphicMask>true</useWornGraphicMask>
      <bodyPartGroups>
        <li>Eyes</li>
		<li>UpperHead</li>
      </bodyPartGroups>
      <layers>
        <li>EyeCover</li>
		<li>Overhead</li>
      </layers>
	  <blocksVision>true</blocksVision>
	  <tags>
		<li>OR_apparel_visas</li>
	  </tags>
	  <countsAsClothingForNudity>false</countsAsClothingForNudity>
      <canBeGeneratedToSatisfyWarmth>false</canBeGeneratedToSatisfyWarmth>
      <canBeGeneratedToSatisfyToxicEnvironmentResistance>false</canBeGeneratedToSatisfyToxicEnvironmentResistance>
    </apparel>
	<tradeTags>
		<li>guy762TT_KotORLegendary</li>
	</tradeTags>
	<colorGenerator Class="ColorGenerator_Options" Inherit="False">
		<options>
			<li>
				<weight>10</weight>
				<only>(80,30,40)</only>
			</li>
			<!--li>
				<weight>1</weight>
				<only>(50,50,50)</only>
			</li-->
		</options>
	</colorGenerator>
	<!--comps>
      <li Class="CompProperties_CauseHediff_Apparel">
        <hediff>guy762_Hediff_Blindfold</hediff>
        <part>Head</part>
      </li>
    </comps-->
  </ThingDef>
  
  <HediffDef>
    <defName>guy762_Hediff_Blindfold</defName>
    <label>blindfolded</label>
    <description>A blindfold is blocking this person's vision.</description>
    <hediffClass>HediffWithComps</hediffClass>
    <stages>
      <li>
        <capMods>
          <li>
            <capacity>Sight</capacity>
            <offset>-0.8</offset>
          </li>
        </capMods>
      </li>
    </stages>
    <comps>
      <li Class="HediffCompProperties_RemoveIfApparelDropped" />
    </comps>
    <isBad>false</isBad>
  </HediffDef>
  
  
  
  
  <ThingDef ParentName="KotORArmorModdable_soft">
    <defName>guy762_VisasRobes</defName>
    <label>Visas' robes</label>
    <description>.</description>
    <graphicData>
      <texPath>Apparel/CharacterOutfits/Visas/Apparel</texPath>
      <graphicClass>Graphic_Single</graphicClass>
	  <shaderType>CutoutComplex</shaderType>
	  <colorTwo>(60,50,65)</colorTwo>
    </graphicData>
    <statBases>
		<Mass>4</Mass>
		<MarketValue>1762</MarketValue>
		<MaxHitPoints>300</MaxHitPoints>
		<ArmorRating_Sharp>0.2</ArmorRating_Sharp>
		<ArmorRating_Blunt>0.25</ArmorRating_Blunt>
		<ArmorRating_Heat>0.3</ArmorRating_Heat>
		<Insulation_Cold>12.5</Insulation_Cold>
        <Insulation_Heat>12.5</Insulation_Heat>
		<EquipDelay>3</EquipDelay>
	</statBases>
	<equippedStatOffsets>
	  <MeleeDodgeChance>0.1</MeleeDodgeChance>
      <PsychicSensitivity>0.3</PsychicSensitivity>
	  <MeditationFocusGain>0.3</MeditationFocusGain>
    </equippedStatOffsets>
    <apparel>
		<layers>
			<li>OnSkin</li>
			<!--li>Middle</li-->
		</layers>
		<bodyPartGroups>
			<li>Torso</li>
			<li>Neck</li>
			<li>Shoulders</li>
			<li>Arms</li>
			<li>Hands</li>
			<li>Legs</li>
			<li>Feet</li>
		</bodyPartGroups>
		<tags Inherit="False">
			<li>OR_apparel_visas</li>
		</tags>
		<wornGraphicPath>Apparel/CharacterOutfits/Visas/Apparel</wornGraphicPath>
		<useWornGraphicMask>true</useWornGraphicMask>
    </apparel>
	<tradeTags>
		<li>guy762TT_KotORLegendary</li>
	</tradeTags>
	<colorGenerator Class="ColorGenerator_Options" Inherit="False">
		<options>
			<li>
				<weight>10</weight>
				<only>(80,30,40)</only>
			</li>
		</options>
	</colorGenerator>
	<comps>
	  <li Class="ModularWeapons.CompProperties_ModularParts">
		<compClass>ModularWeapons.CompModularParts</compClass>
		<partKinds>
		  <li>guy762_slot_underlay_robe</li>
		</partKinds>
		<randomizeParts>true</randomizeParts>
	  </li>
	</comps>
  </ThingDef>

</Defs>