<?xml version="1.0" encoding="utf-8" ?>
<Defs>
  
  <ThingDef ParentName="guy762_armorbase_soft">
    <defName>guy762_HvySuit</defName>
    <label>heavy combat suit</label>
    <description>This version of the combat suit offers more protection than the basic model. It is heavier overall and not quite as flexible, but many consider the tradeoffs worthwhile.</description>
    <graphicData>
      <texPath>Apparel/CombatSuit_Heavy/Apparel</texPath>
      <graphicClass>Graphic_Single</graphicClass>
      <shaderType>CutoutComplex</shaderType>
	  <colorTwo>(210,150,105)</colorTwo>
    </graphicData>
    <statBases>
		<Mass>6</Mass>
		<MarketValue>250</MarketValue>
		<MaxHitPoints>225</MaxHitPoints>
		<StuffEffectMultiplierArmor>0.5</StuffEffectMultiplierArmor>
		<StuffEffectMultiplierInsulation_Cold>0.20</StuffEffectMultiplierInsulation_Cold>
		<StuffEffectMultiplierInsulation_Heat>0.10</StuffEffectMultiplierInsulation_Heat>
		<EquipDelay>3</EquipDelay>
		
		<WorkToMake>15000</WorkToMake>
	</statBases>
	<equippedStatOffsets>
		<MoveSpeed>-0.1</MoveSpeed>
		<MeleeDodgeChance>-0.1</MeleeDodgeChance>
		<IncomingDamageFactor>-0.05</IncomingDamageFactor>
	</equippedStatOffsets>
	
	<recipeMaker>
		<researchPrerequisite>guy762_ResearchKotOR_lgtarmor</researchPrerequisite>
		<skillRequirements>
			<Crafting>5</Crafting>
		</skillRequirements>
	</recipeMaker>
	<costStuffCount>20</costStuffCount>
	<costList>
		<KOTOR_FabricArmorweave>40</KOTOR_FabricArmorweave>
	</costList>
	<stuffCategories>
      <li>Metallic</li>
    </stuffCategories>
	
    <apparel>
		<layers>
			<li>Middle</li>
		</layers>
		<bodyPartGroups>
			<li>Torso</li>
			<li>Neck</li>
			<li>Shoulders</li>
		</bodyPartGroups>
		<tags Inherit="False">
			<li>KotORArmor_light</li>
			<li>SaV_apparel_lightmerc</li>
			<li>SaV_apparel_roguetrader</li>
		</tags>
		<wornGraphicPath>Apparel/CombatSuit_Heavy/Apparel</wornGraphicPath>
		<useWornGraphicMask>true</useWornGraphicMask>
    </apparel>
	<tradeTags>
		<li>guy762TT_KotORArmor</li>
		<li>guy762TT_KotORGeneric_adv</li>
	</tradeTags>
	<colorGenerator Class="ColorGenerator_Options" Inherit="False">
		<options>
			<li>
				<weight>10</weight>
				<only>(160,180,180)</only> <!-- default plasteel -->
			</li>
		</options>
	</colorGenerator>
  </ThingDef>
  
  <ThingDef ParentName="KotORArmorModdable_soft">
    <defName>guy762_HvySuit_mod</defName>
    <label>Eriadu Prototype Armor</label>
    <description>This armor combines good protection and easy movement to allow even a novice to fight like a seasoned veteran, but Eriadu has delayed general production pending further tests.</description>
    <graphicData>
      <texPath>Apparel/CombatSuit_Heavy/eriadu/Apparel</texPath>
      <graphicClass>Graphic_Single</graphicClass>
      <shaderType>CutoutComplex</shaderType>
	  <colorTwo>(210,150,105)</colorTwo>
    </graphicData>
    <statBases>
		<Mass>6</Mass>
		<MarketValue>1000</MarketValue>
		<MaxHitPoints>225</MaxHitPoints>
		<ArmorRating_Sharp>0.5</ArmorRating_Sharp>
		<ArmorRating_Blunt>0.55</ArmorRating_Blunt>
		<ArmorRating_Heat>0.6</ArmorRating_Heat>
		<EquipDelay>3</EquipDelay>
	</statBases>
	<equippedStatOffsets>
		<MoveSpeed>-0.1</MoveSpeed>
		<MeleeDodgeChance>-0.1</MeleeDodgeChance>
		<IncomingDamageFactor>-0.05</IncomingDamageFactor>
	</equippedStatOffsets>
    <apparel>
		<layers>
			<li>Middle</li>
		</layers>
		<bodyPartGroups>
			<li>Torso</li>
			<li>Neck</li>
			<li>Shoulders</li>
		</bodyPartGroups>
		<tags Inherit="False">
			<li>KotORArmor_light</li>
			<li>SaV_apparel_lightmerc</li>
			<li>SaV_apparel_darkjedi</li>
			<li>SaV_apparel_bountyhunterlight</li>
			<li>SaV_apparel_exchange</li>
		</tags>
		<wornGraphicPath>Apparel/CombatSuit_Heavy/eriadu/Apparel</wornGraphicPath>
		<useWornGraphicMask>true</useWornGraphicMask>
    </apparel>
	<tradeTags>
		<li>guy762TT_KotORArmor</li>
	</tradeTags>
	<colorGenerator Class="ColorGenerator_Options" Inherit="False">
		<options>
			<li>
				<weight>15</weight>
				<only>(55,55,60)</only>
			</li>
		</options>
	</colorGenerator>
	<comps>
	  <li Class="ModularWeapons.CompProperties_ModularParts">
		<compClass>ModularWeapons.CompModularParts</compClass>
		<partKinds>
		  <li>guy762_slot_overlay</li>
		</partKinds>
		<randomizeParts>true</randomizeParts>
	  </li>
	</comps>
  </ThingDef>
  
  <ThingDef ParentName="KotORArmorModdable_soft">
    <defName>guy762_HvySuit_bonadan</defName>
    <label>Bonadan Alloy Heavy Suit</label>
    <description>Bonadan is an emerging industrial society financing their exploration of the galaxy through production of small arms and armor. They favor heavy materials offering solid defense.</description>
    <graphicData>
      <texPath>Apparel/CombatSuit_Heavy/Apparel</texPath>
      <graphicClass>Graphic_Single</graphicClass>
      <shaderType>CutoutComplex</shaderType>
	  <colorTwo>(210,150,105)</colorTwo>
    </graphicData>
    <statBases>
		<Mass>8</Mass>
		<MarketValue>2700</MarketValue>
		<MaxHitPoints>225</MaxHitPoints>
		<ArmorRating_Sharp>0.6</ArmorRating_Sharp>
		<ArmorRating_Blunt>0.65</ArmorRating_Blunt>
		<ArmorRating_Heat>0.7</ArmorRating_Heat>
		<EquipDelay>3</EquipDelay>
	</statBases>
	<equippedStatOffsets>
		<MoveSpeed>-0.1</MoveSpeed>
		<MeleeDodgeChance>-0.1</MeleeDodgeChance>
		<IncomingDamageFactor>-0.1</IncomingDamageFactor>
	</equippedStatOffsets>
    <apparel>
		<layers>
			<li>Middle</li>
		</layers>
		<bodyPartGroups>
			<li>Torso</li>
			<li>Neck</li>
			<li>Shoulders</li>
		</bodyPartGroups>
		<tags Inherit="False">
			<li>KotORArmor_light</li>
			<li>SaV_apparel_lightmerc</li>
		</tags>
		<wornGraphicPath>Apparel/CombatSuit_Heavy/Apparel</wornGraphicPath>
		<useWornGraphicMask>true</useWornGraphicMask>
    </apparel>
	<tradeTags>
		<li>guy762TT_KotORArmor</li>
	</tradeTags>
	<colorGenerator Class="ColorGenerator_Options" Inherit="False">
		<options>
			<li>
				<weight>15</weight>
				<only>(145,25,30)</only>
			</li>
		</options>
	</colorGenerator>
	<comps>
	  <li Class="ModularWeapons.CompProperties_ModularParts">
		<compClass>ModularWeapons.CompModularParts</compClass>
		<partKinds>
		  <li>guy762_slot_overlay</li>
		</partKinds>
		<randomizeParts>true</randomizeParts>
	  </li>
	</comps>
  </ThingDef>
  
  <ThingDef ParentName="KotORArmorModdable_soft">
    <defName>guy762_HvySuit_fiber</defName>
    <label>reinforced fiber armor</label>
    <description>Inspired by craftsmen on worlds where metal is in short supply, this type of light armor consists of jung-ju tree fibers bound with synthetics, offering good, flexible protection.</description>
    <graphicData>
      <texPath>Apparel/CombatSuit_Heavy/Apparel</texPath>
      <graphicClass>Graphic_Single</graphicClass>
      <shaderType>CutoutComplex</shaderType>
	  <colorTwo>(160,50,40)</colorTwo>
    </graphicData>
    <statBases>
		<Mass>6</Mass>
		<MarketValue>3500</MarketValue>
		<MaxHitPoints>225</MaxHitPoints>
		<ArmorRating_Sharp>0.6</ArmorRating_Sharp>
		<ArmorRating_Blunt>0.65</ArmorRating_Blunt>
		<ArmorRating_Heat>0.7</ArmorRating_Heat>
		<EquipDelay>3</EquipDelay>
	</statBases>
	<equippedStatOffsets>
		<IncomingDamageFactor>-0.05</IncomingDamageFactor>
	</equippedStatOffsets>
    <apparel>
		<layers>
			<li>Middle</li>
		</layers>
		<bodyPartGroups>
			<li>Torso</li>
			<li>Neck</li>
			<li>Shoulders</li>
		</bodyPartGroups>
		<tags Inherit="False">
			<li>KotORArmor_light</li>
			<li>SaV_apparel_lightmerc</li>
			<li>SaV_apparel_roguetrader</li>
			<li>PM_apparel_jediexile</li>
			<li>SaV_apparel_bountyhunterlight</li>
		</tags>
		<wornGraphicPath>Apparel/CombatSuit_Heavy/Apparel</wornGraphicPath>
		<useWornGraphicMask>true</useWornGraphicMask>
    </apparel>
	<tradeTags>
		<li>guy762TT_KotORArmor</li>
	</tradeTags>
	<colorGenerator Class="ColorGenerator_Options" Inherit="False">
		<options>
			<li>
				<weight>15</weight>
				<only>(255,255,10)</only>
			</li>
		</options>
	</colorGenerator>
	<comps>
	  <li Class="ModularWeapons.CompProperties_ModularParts">
		<compClass>ModularWeapons.CompModularParts</compClass>
		<partKinds>
		  <li>guy762_slot_overlay</li>
		</partKinds>
		<randomizeParts>true</randomizeParts>
	  </li>
	</comps>
  </ThingDef>
  
  <ThingDef ParentName="KotORArmorModdable_soft">
    <defName>guy762_HvySuit_zabrak</defName>
    <label>Zabrak Field Armor</label>
    <description>On the far northern continent of the planet Iridonia, the Zabrak produce expensive armor that nonetheless has become very popular on the galactic markets, due to excellent low-temperature defensive properties.</description>
    <graphicData>
      <texPath>Apparel/CombatSuit_Heavy/Apparel</texPath>
      <graphicClass>Graphic_Single</graphicClass>
      <shaderType>CutoutComplex</shaderType>
	  <colorTwo>(80,50,30)</colorTwo>
    </graphicData>
    <statBases>
		<Mass>6</Mass>
		<MarketValue>5250</MarketValue>
		<MaxHitPoints>225</MaxHitPoints>
		<ArmorRating_Sharp>0.7</ArmorRating_Sharp>
		<ArmorRating_Blunt>0.75</ArmorRating_Blunt>
		<ArmorRating_Heat>0.8</ArmorRating_Heat>
		<Insulation_Cold>20</Insulation_Cold>
		<EquipDelay>3</EquipDelay>
	</statBases>
	<equippedStatOffsets>
		<MoveSpeed>-0.1</MoveSpeed>
		<MeleeDodgeChance>-0.1</MeleeDodgeChance>
		<IncomingDamageFactor>-0.05</IncomingDamageFactor>
	</equippedStatOffsets>
    <apparel>
		<layers>
			<li>Middle</li>
		</layers>
		<bodyPartGroups>
			<li>Torso</li>
			<li>Neck</li>
			<li>Shoulders</li>
		</bodyPartGroups>
		<tags Inherit="False">
			<li>KotORArmor_light</li>
			<li>SaV_apparel_roguetrader</li>
			<li>SaV_apparel_crimelord</li>
			<li>PM_apparel_jediexile</li>
		</tags>
		<wornGraphicPath>Apparel/CombatSuit_Heavy/Apparel</wornGraphicPath>
		<useWornGraphicMask>true</useWornGraphicMask>
    </apparel>
	<tradeTags>
		<li>guy762TT_KotORArmor</li>
	</tradeTags>
	<colorGenerator Class="ColorGenerator_Options" Inherit="False">
		<options>
			<li>
				<weight>15</weight>
				<only>(210,175,75)</only>
			</li>
		</options>
	</colorGenerator>
	<comps>
	  <li Class="ModularWeapons.CompProperties_ModularParts">
		<compClass>ModularWeapons.CompModularParts</compClass>
		<partKinds>
		  <li>guy762_slot_overlay</li>
		</partKinds>
		<randomizeParts>true</randomizeParts>
	  </li>
	</comps>
  </ThingDef>
  
  <ThingDef ParentName="KotORArmorModdable_soft">
    <defName>guy762_HvySuit_baragwin</defName>
    <label>Baragwin Shadow Armor</label>
    <description>A specialty of the Baragwin, this modifiable suit has advanced adaptive camouflage technology that, when combined with a stealth generator, allows it to blend in nearly seamlessly with the background when viewed from any direction. It is generally only sold to respected governments, but a number have found their way into more disreputable distribution channels.</description>
    <graphicData>
      <texPath>Apparel/CombatSuit_Heavy/baragwin/Apparel</texPath>
      <graphicClass>Graphic_Single</graphicClass>
      <shaderType>CutoutComplex</shaderType>
	  <colorTwo>(130,155,185)</colorTwo>
    </graphicData>
    <statBases>
		<Mass>6</Mass>
		<MarketValue>16000</MarketValue>
		<MaxHitPoints>225</MaxHitPoints>
		<ArmorRating_Sharp>0.7</ArmorRating_Sharp>
		<ArmorRating_Blunt>0.75</ArmorRating_Blunt>
		<ArmorRating_Heat>0.8</ArmorRating_Heat>
		<EquipDelay>3</EquipDelay>
	</statBases>
	<equippedStatOffsets>
		<MoveSpeed>-0.1</MoveSpeed>
		<MeleeDodgeChance>-0.1</MeleeDodgeChance>
		<IncomingDamageFactor>-0.05</IncomingDamageFactor>
		<HuntingStealth>0.4</HuntingStealth>
	</equippedStatOffsets>
    <apparel>
		<layers>
			<li>Middle</li>
		</layers>
		<bodyPartGroups>
			<li>Torso</li>
			<li>Neck</li>
			<li>Shoulders</li>
		</bodyPartGroups>
		<tags Inherit="False">
			<li>KotORArmor_light</li>
			<li>SaV_apparel_lightmerc</li>
			<li>SaV_apparel_chiss</li>
		</tags>
		<wornGraphicPath>Apparel/CombatSuit_Heavy/baragwin/Apparel</wornGraphicPath>
		<useWornGraphicMask>true</useWornGraphicMask>
    </apparel>
	<tradeTags>
		<li>guy762TT_KotORElite</li>
		<li>guy762TT_Baragwin</li>
	</tradeTags>
	<colorGenerator Class="ColorGenerator_Options" Inherit="False">
		<options>
			<li>
				<weight>15</weight>
				<only>(230,35,55)</only>
			</li>
		</options>
	</colorGenerator>
	<comps>
	  <li Class="ModularWeapons.CompProperties_ModularParts">
		<compClass>ModularWeapons.CompModularParts</compClass>
		<partKinds>
		  <li>guy762_slot_overlay</li>
		  <li>guy762_slot_armortech</li>
		</partKinds>
		<randomizeParts>true</randomizeParts>
	  </li>
	</comps>
  </ThingDef>


  
</Defs>