<?xml version="1.0" encoding="utf-8" ?>
<Defs>
	
  <ThingDef ParentName="guy762_armorbase_soft">
    <defName>guy762_CombatSuit</defName>
    <label>combat suit</label>
    <description>Even the most frugal of mercenaries know they need at least some protection from the rigors of combat, although suits of this type are recommended for light skirmishes only.</description>
    <graphicData>
      <texPath>Apparel/CombatSuit/Apparel</texPath>
      <graphicClass>Graphic_Single</graphicClass>
	  <shaderType>CutoutComplex</shaderType>
    </graphicData>
    <statBases>
		<Mass>5</Mass>
		<MarketValue>175</MarketValue>
		<MaxHitPoints>225</MaxHitPoints>
		<StuffEffectMultiplierArmor>0.4</StuffEffectMultiplierArmor>
		<StuffEffectMultiplierInsulation_Cold>0.20</StuffEffectMultiplierInsulation_Cold>
		<StuffEffectMultiplierInsulation_Heat>0.10</StuffEffectMultiplierInsulation_Heat>
		<EquipDelay>3</EquipDelay>
		
		<WorkToMake>10000</WorkToMake>
	</statBases>
	<equippedStatOffsets>
		<IncomingDamageFactor>-0.05</IncomingDamageFactor>
	</equippedStatOffsets>
	
	<recipeMaker>
		<researchPrerequisite>guy762_ResearchKotOR_lgtarmor</researchPrerequisite>
		<skillRequirements>
			<Crafting>4</Crafting>
		</skillRequirements>
	</recipeMaker>
	<costStuffCount>60</costStuffCount>
	<stuffCategories>
      <li>Leathery</li>
	  <li>Fabric</li>
    </stuffCategories>
	
    <apparel>
		<layers>
			<li>Middle</li>
		</layers>
		<bodyPartGroups>
			<li>Torso</li>
			<li>Neck</li>
			<li>Shoulders</li>
		</bodyPartGroups>
		<tags Inherit="False">
			<li>KotORArmor_light</li>
			<li>KotORArmor_combatsuit</li>
			<li>SaV_apparel_lightmerc</li>
			<li>SithRem_apparel_raider</li>
		</tags>
		<wornGraphicPath>Apparel/CombatSuit/Apparel</wornGraphicPath>
		<useWornGraphicMask>true</useWornGraphicMask>
    </apparel>
	<tradeTags>
		<li>guy762TT_KotORArmor</li>
		<li>guy762TT_KotORGeneric_basic</li>
	</tradeTags>
	<colorGenerator Class="ColorGenerator_Options" Inherit="False">
		<options>
			<li>
				<weight>10</weight>
				<only>(185,130,75)</only>
			</li>
		</options>
	</colorGenerator>
  </ThingDef>
  
  
  <ThingDef ParentName="KotORArmorModdable_soft">
    <defName>guy762_CombatSuit_zabrak</defName>
    <label>Zabrak Combat Suit</label>
    <description>A Zabrak improvement on the combat suit, this armor is good protection where speed and unrestricted movement are more important than bulky plating.</description>
    <graphicData>
      <texPath>Apparel/CombatSuit/light/Apparel</texPath>
      <graphicClass>Graphic_Single</graphicClass>
	  <shaderType>CutoutComplex</shaderType>
	  <colorTwo>(235,230,15)</colorTwo>
    </graphicData>
    <statBases>
		<Mass>5</Mass>
		<MarketValue>750</MarketValue>
		<MaxHitPoints>225</MaxHitPoints>
		<ArmorRating_Sharp>0.5</ArmorRating_Sharp>
		<ArmorRating_Blunt>0.55</ArmorRating_Blunt>
		<ArmorRating_Heat>0.6</ArmorRating_Heat>
		<EquipDelay>3</EquipDelay>
	</statBases>
	<equippedStatOffsets>
		<IncomingDamageFactor>-0.05</IncomingDamageFactor>
	</equippedStatOffsets>
    <apparel>
		<layers>
			<li>Middle</li>
		</layers>
		<bodyPartGroups>
			<li>Torso</li>
			<li>Neck</li>
			<li>Shoulders</li>
		</bodyPartGroups>
		<tags Inherit="False">
			<li>KotORArmor_light</li>
			<li>SaV_apparel_lightmerc</li>
			<li>SaV_apparel_roguetrader</li>
		</tags>
		<wornGraphicPath>Apparel/CombatSuit/light/Apparel</wornGraphicPath>
		<useWornGraphicMask>true</useWornGraphicMask>
    </apparel>
	<tradeTags>
		<li>guy762TT_KotORArmor</li>
	</tradeTags>
	<colorGenerator Class="ColorGenerator_Options" Inherit="False">
		<options>
			<li>
				<weight>10</weight>
				<only>(165,120,50)</only>
			</li>
		</options>
	</colorGenerator>
	<comps>
	  <li Class="ModularWeapons.CompProperties_ModularParts">
		<compClass>ModularWeapons.CompModularParts</compClass>
		<partKinds>
		  <li>guy762_slot_underlay</li>
		</partKinds>
		<randomizeParts>true</randomizeParts>
	  </li>
	</comps>
  </ThingDef>
  
  <ThingDef ParentName="KotORArmorModdable_soft">
    <defName>guy762_CombatSuit_echani</defName>
    <label>Echani Light Armor</label>
    <description>Echani prefer elegant design to brute force. The Maktites learned this when their stores of thermal weapons were rendered ineffective by simple changes in the Echani light armor.</description>
    <graphicData>
      <texPath>Apparel/CombatSuit/echani/Apparel</texPath>
      <graphicClass>Graphic_Single</graphicClass>
	  <shaderType>CutoutComplex</shaderType>
	  <!--colorTwo>(235,230,15)</colorTwo-->
    </graphicData>
    <statBases>
		<Mass>5</Mass>
		<MarketValue>1000</MarketValue>
		<MaxHitPoints>225</MaxHitPoints>
		<ArmorRating_Sharp>0.5</ArmorRating_Sharp>
		<ArmorRating_Blunt>0.55</ArmorRating_Blunt>
		<ArmorRating_Heat>0.75</ArmorRating_Heat>
		<Insulation_Heat>25</Insulation_Heat>
		<EquipDelay>3</EquipDelay>
	</statBases>
	<equippedStatOffsets>
		<IncomingDamageFactor>-0.05</IncomingDamageFactor>
	</equippedStatOffsets>
    <apparel>
		<layers>
			<li>Middle</li>
		</layers>
		<bodyPartGroups>
			<li>Torso</li>
			<li>Neck</li>
			<li>Shoulders</li>
		</bodyPartGroups>
		<tags Inherit="False">
			<li>KotORArmor_light</li>
			<li>SaV_apparel_lightmerc</li>
			<li>SaV_apparel_roguetrader</li>
			<li>SaV_echani_light</li>
			<li>PM_apparel_jediexile</li>
		</tags>
		<wornGraphicPath>Apparel/CombatSuit/echani/Apparel</wornGraphicPath>
		<useWornGraphicMask>true</useWornGraphicMask>
    </apparel>
	<tradeTags>
		<li>guy762TT_KotORArmor</li>
	</tradeTags>
	<colorGenerator Class="ColorGenerator_Options" Inherit="False">
		<options>
			<li>
				<weight>10</weight>
				<only>(140,140,80)</only>
			</li>
		</options>
	</colorGenerator>
	<comps>
	  <li Class="ModularWeapons.CompProperties_ModularParts">
		<compClass>ModularWeapons.CompModularParts</compClass>
		<partKinds>
		  <li>guy762_slot_underlay</li>
		</partKinds>
		<randomizeParts>true</randomizeParts>
	  </li>
	</comps>
  </ThingDef>
  
  <ThingDef ParentName="KotORArmorModdable_soft">
    <defName>guy762_CombatSuit_cinnagar</defName>
    <label>Cinnagar Weave Armor</label>
    <description>A complex organic weave protects this armored suit from extremes in temperature. Armor similar to it proved decisive in defending Cinnagar from the Sith under Naga Sadow.</description>
    <graphicData>
      <texPath>Apparel/CombatSuit/cinnagar/Apparel</texPath>
      <graphicClass>Graphic_Single</graphicClass>
	  <shaderType>CutoutComplex</shaderType>
    </graphicData>
    <statBases>
		<Mass>5</Mass>
		<MarketValue>3000</MarketValue>
		<MaxHitPoints>225</MaxHitPoints>
		<ArmorRating_Sharp>0.6</ArmorRating_Sharp>
		<ArmorRating_Blunt>0.65</ArmorRating_Blunt>
		<ArmorRating_Heat>0.7</ArmorRating_Heat>
		<Insulation_Cold>30</Insulation_Cold>
		<Insulation_Heat>30</Insulation_Heat>
		<EquipDelay>3</EquipDelay>
	</statBases>
	<equippedStatOffsets>
		<IncomingDamageFactor>-0.05</IncomingDamageFactor>
	</equippedStatOffsets>
    <apparel>
		<layers>
			<li>Middle</li>
		</layers>
		<bodyPartGroups>
			<li>Torso</li>
			<li>Neck</li>
			<li>Shoulders</li>
		</bodyPartGroups>
		<tags Inherit="False">
			<li>KotORArmor_light</li>
			<li>SaV_apparel_lightmerc</li>
			<li>SaV_apparel_roguetrader</li>
			<li>SaV_apparel_darkjedi</li>
			<li>SaV_apparel_bountyhunterlight</li>
			<li>SaV_apparel_exchange</li>
		</tags>
		<wornGraphicPath>Apparel/CombatSuit/cinnagar/Apparel</wornGraphicPath>
		<useWornGraphicMask>true</useWornGraphicMask>
    </apparel>
	<tradeTags>
		<li>guy762TT_KotORArmor</li>
		<li>guy762TT_KotORAntique</li>
	</tradeTags>
	<colorGenerator Class="ColorGenerator_Options" Inherit="False">
		<options>
			<li>
				<weight>10</weight>
				<only>(75,75,75)</only>
			</li>
		</options>
	</colorGenerator>
	<comps>
	  <li Class="ModularWeapons.CompProperties_ModularParts">
		<compClass>ModularWeapons.CompModularParts</compClass>
		<partKinds>
		  <li>guy762_slot_underlay</li>
		</partKinds>
		<randomizeParts>true</randomizeParts>
	  </li>
	</comps>
  </ThingDef>
  
  <ThingDef ParentName="KotORArmorModdable_soft">
    <defName>guy762_CombatSuit_onderon</defName>
    <label>Beast-Rider Commando Armor</label>
    <description>The Beast-Riders of Onderon relied on lightweight, flexible armor such as this to gain some advantage against better-armed Naddist forces. These suits are now commonplace amongst the armed forces of Onderon.</description>
    <graphicData>
      <texPath>Apparel/CombatSuit/camo/Apparel</texPath>
      <graphicClass>Graphic_Single</graphicClass>
	  <shaderType>CutoutComplex</shaderType>
	  <colorTwo>(165,95,35)</colorTwo>
    </graphicData>
    <statBases>
		<Mass>5</Mass>
		<MarketValue>5000</MarketValue>
		<MaxHitPoints>225</MaxHitPoints>
		<ArmorRating_Sharp>0.6</ArmorRating_Sharp>
		<ArmorRating_Blunt>0.65</ArmorRating_Blunt>
		<ArmorRating_Heat>0.7</ArmorRating_Heat>
		<EquipDelay>3</EquipDelay>
	</statBases>
	<equippedStatOffsets>
		<IncomingDamageFactor>-0.1</IncomingDamageFactor>
	</equippedStatOffsets>
    <apparel>
		<layers>
			<li>Middle</li>
		</layers>
		<bodyPartGroups>
			<li>Torso</li>
			<li>Neck</li>
			<li>Shoulders</li>
		</bodyPartGroups>
		<tags Inherit="False">
			<li>KotORArmor_light</li>
			<li>SaV_apparel_lightmerc</li>
			<li>SaV_onderon</li>
			<li>PM_apparel_jediexile</li>
			<li>SaV_apparel_bountyhunterlight</li>
		</tags>
		<wornGraphicPath>Apparel/CombatSuit/camo/Apparel</wornGraphicPath>
		<useWornGraphicMask>true</useWornGraphicMask>
    </apparel>
	<tradeTags>
		<li>guy762TT_KotORArmor</li>
		<li>guy762TT_KotORAntique</li>
	</tradeTags>
	<colorGenerator Class="ColorGenerator_Options" Inherit="False">
		<options>
			<li>
				<weight>10</weight>
				<only>(90,70,30)</only>
			</li>
		</options>
	</colorGenerator>
	<comps>
	  <li Class="ModularWeapons.CompProperties_ModularParts">
		<compClass>ModularWeapons.CompModularParts</compClass>
		<partKinds>
		  <li>guy762_slot_underlay</li>
		</partKinds>
		<randomizeParts>true</randomizeParts>
	  </li>
	</comps>
  </ThingDef>
  
  <ThingDef ParentName="KotORArmorModdable_soft">
    <defName>guy762_CombatSuit_electromesh</defName>
    <label>Electromesh Suit</label>
    <description>This light combat suit is used by Nagai operatives. It is highly resistant to blaster fire and is designed to allow the Nagai to fully capitalize on their naturally high dexterity. It cannot be modified, however.</description>
    <graphicData>
      <texPath>Apparel/CombatSuit/electromesh/Apparel</texPath>
      <graphicClass>Graphic_Single</graphicClass>
	  <shaderType>CutoutComplex</shaderType>
	  <colorTwo>(75,75,75)</colorTwo>
    </graphicData>
    <statBases>
		<Mass>5</Mass>
		<MarketValue>4750</MarketValue>
		<MaxHitPoints>225</MaxHitPoints>
		<ArmorRating_Sharp>0.5</ArmorRating_Sharp>
		<ArmorRating_Blunt>0.55</ArmorRating_Blunt>
		<ArmorRating_Heat>0.65</ArmorRating_Heat> <!--+0.05-->
		<EquipDelay>3</EquipDelay>
	</statBases>
	<equippedStatOffsets>
		<IncomingDamageFactor>-0.1</IncomingDamageFactor>
		<MoveSpeed>0.2</MoveSpeed>
		<MeleeDodgeChance>0.2</MeleeDodgeChance>
	</equippedStatOffsets>
    <apparel>
		<layers>
			<li>Middle</li>
		</layers>
		<bodyPartGroups>
			<li>Torso</li>
			<li>Neck</li>
			<li>Shoulders</li>
		</bodyPartGroups>
		<tags Inherit="False">
			<li>KotORArmor_light</li>
			<li>SaV_apparel_nagai</li>
		</tags>
		<wornGraphicPath>Apparel/CombatSuit/electromesh/Apparel</wornGraphicPath>
		<useWornGraphicMask>true</useWornGraphicMask>
    </apparel>
	<tradeTags>
		<li>guy762TT_KotORElite</li>
	</tradeTags>
	<colorGenerator Class="ColorGenerator_Options" Inherit="False">
		<options>
			<li>
				<weight>10</weight>
				<only>(125,200,255)</only>
			</li>
		</options>
	</colorGenerator>
	<!--comps>
	  <li Class="ModularWeapons.CompProperties_ModularParts">
		<compClass>ModularWeapons.CompModularParts</compClass>
		<partKinds>
		  <li>guy762_slot_underlay</li>
		</partKinds>
		<randomizeParts>true</randomizeParts>
	  </li>
	</comps-->
  </ThingDef>
  

</Defs>