<?xml version="1.0" encoding="utf-8" ?>
<Patch>

	<Operation Class="PatchOperationAdd">
	  <xpath>Defs/ThingDef[defName="guy762_Headband_interface"]/equippedStatOffsets</xpath>
	  <order>Append</order>
	  <value>
		<MHC_MechanicalSurgerySuccessChance>0.2</MHC_MechanicalSurgerySuccessChance>
		<MHC_MechanicalTendQualityOffset>0.2</MHC_MechanicalTendQualityOffset>
		<MHC_MechanicalTendSpeed>0.2</MHC_MechanicalTendSpeed>
	  </value>
	</Operation>
	
	<Operation Class="PatchOperationAdd">
	  <xpath>Defs/ModularWeapons.ModularPartDef[defName="guy762_helmettech_interface"]/statModifiers</xpath>
	  <order>Append</order>
	  <value>
		<MHC_MechanicalSurgerySuccessChance>0.2</MHC_MechanicalSurgerySuccessChance>
		<MHC_MechanicalTendQualityOffset>0.2</MHC_MechanicalTendQualityOffset>
		<MHC_MechanicalTendSpeed>0.2</MHC_MechanicalTendSpeed>
	  </value>
	</Operation>
	
	<Operation Class="PatchOperationAdd">
	  <xpath>Defs/ModularWeapons.ModularPartDef[defName="guy762_helmettech_interface_visor"]/statModifiers</xpath>
	  <order>Append</order>
	  <value>
		<MHC_MechanicalSurgerySuccessChance>0.2</MHC_MechanicalSurgerySuccessChance>
		<MHC_MechanicalTendQualityOffset>0.2</MHC_MechanicalTendQualityOffset>
		<MHC_MechanicalTendSpeed>0.2</MHC_MechanicalTendSpeed>
	  </value>
	</Operation>
	
	
	
	
	


</Patch>