﻿<?xml version="1.0" encoding="utf-8"?>
<ModMetaData>

	<!-- General Details ~~~~~~~~~~~~~~~~~~~~~~~~~~~~~~~~~~~~~~~~~~~~~~~~ -->
	<name>Star Wars KotOR Factions [BETA]</name>
	<description>This is a beta build of the upcoming KotOR Factions mod. This is unfinished. Do not expect further support. This mod will be officially releasing in 1.5 only.</description>
	<author>guy762</author>
	
	<!-- Technical Details ~~~~~~~~~~~~~~~~~~~~~~~~~~~~~~~~~~~~~~~~~~~~~~~~ -->
	<supportedVersions>
		<li>1.4</li>
	</supportedVersions>
	<packageId>guy762.KotORFactions</packageId>
	
	<!-- Requirements ~~~~~~~~~~~~~~~~~~~~~~~~~~~~~~~~~~~~~~~~~~~~~~~~ -->
	<modDependencies>
    <li>
        <packageId>ludeon.rimworld.ideology</packageId>
        <displayName>Rimworld: Ideology</displayName>
        <steamWorkshopUrl>https://store.steampowered.com/app/1392840/RimWorld__Ideology/</steamWorkshopUrl>
    </li>
	<li>
		<packageId>OskarPotocki.VanillaFactionsExpanded.Core</packageId>
		<displayName>Vanilla Expanded Framework</displayName>
		<steamWorkshopUrl>steam://url/CommunityFilePage/2023507013</steamWorkshopUrl>
		<downloadUrl>https://github.com/Vanilla-Expanded/VanillaExpandedFramework</downloadUrl>
	  </li>
	  <li>
		<packageId>VanillaExpanded.VMemesE</packageId>
		<displayName>Vanilla Ideology Expanded - Memes and Structures</displayName>
		<steamWorkshopUrl>steam://url/CommunityFilePage/2636329500</steamWorkshopUrl>
	  </li>
	  
	  <li>
		<packageId>guy762.StarWarsXenotypes</packageId>
		<displayName>Star Wars Xenotypes</displayName>
		<steamWorkshopUrl>https://steamcommunity.com/sharedfiles/filedetails/?id=2915192253</steamWorkshopUrl>
	  </li>
	  <li>
		<packageId>MG.KnightsOfTheOuterRim</packageId>
		<displayName>Star Wars KotOR Core</displayName>
	  </li>
	  <li>
		<packageId>guy762.KotORWeapons.2E</packageId>
		<displayName>Star Wars KotOR Weapons and Armor</displayName>
		<steamWorkshopUrl>https://steamcommunity.com/sharedfiles/filedetails/?id=2938932438</steamWorkshopUrl>
	  </li>
	   <li>
		<packageId>lee.theforce.psycast</packageId>
		<displayName>Star Wars : The Force-Psycast</displayName>
		<steamWorkshopUrl>https://steamcommunity.com/sharedfiles/filedetails/?id=3100942433</steamWorkshopUrl>
	  </li>
  </modDependencies>
  
  <loadAfter>
		<li>Ludeon.RimWorld</li>
		<li>Ludeon.RimWorld.Royalty</li>
		<li>Ludeon.RimWorld.Ideology</li>
		<li>Ludeon.RimWorld.Biotech</li>
		<li>OskarPotocki.VanillaFactionsExpanded.Core</li>
		<li>smartkar.athenaframework</li>
		<li>VanillaExpanded.VMemesE</li>
		
		<li>guy762.StarWarsXenotypes</li>
		<li>MG.KnightsOfTheOuterRim</li>
		<li>guy762.KotORWeapons.2E</li>
		<li>guy762.KotORDroids</li>
		<li>lee.theforce.psycast</li>
	</loadAfter>
  
</ModMetaData>