﻿<?xml version="1.0" encoding="utf-8"?>
<Defs>


  <TraderKindDef>
    <defName>guy762_TraderKind_tetanminer</defName>
    <label>Mining Guild freighter</label>
    <orbital>true</orbital>
	<!--faction>ScumAndVillainy</faction-->
    <commonalityMultFromPopulationIntent>
      <points>
        <li>(0.2, 0)</li>
        <li>(1,   1)</li>
        <li>(2,   3)</li>
      </points>
    </commonalityMultFromPopulationIntent>
    <stockGenerators>

      <!-- CURRENCY -->
      <li Class="StockGenerator_SingleDef">
        <thingDef>Silver</thingDef>
        <countRange>1500~3000</countRange>
      </li>
	  <li Class="StockGenerator_SingleDef">
        <thingDef>Gold</thingDef>
        <countRange>50~200</countRange>
      </li>
	  
	  <li Class="StockGenerator_SingleDef">
		<thingDef>guy762_KotORcredits</thingDef>
		<countRange>25000~50000</countRange>
	  </li>
	  <li Class="StockGenerator_BuyTradeTag">
		<tag>guy762TT_credits</tag>
	  </li>
	  
	  
	  
	  <!-- Resources -->
	  
      <li Class="StockGenerator_SingleDef">
        <thingDef>Chemfuel</thingDef>
        <countRange>200~600</countRange>
      </li>
	  <li Class="StockGenerator_SingleDef">
        <thingDef>KOTOR_Rhydonium</thingDef>
        <countRange>1000~4000</countRange>
      </li>
	  
	  <li Class="StockGenerator_SingleDef">
        <thingDef>kotor_unrefinedplasma</thingDef>
        <countRange>2000~8000</countRange>
      </li>
	  <li Class="StockGenerator_SingleDef">
        <thingDef>kotor_plasma</thingDef>
        <countRange>200~800</countRange>
      </li>
	  
	  
	  <li Class="StockGenerator_SingleDef">
        <thingDef>Steel</thingDef>
        <countRange>5000~8000</countRange>
      </li>
	  <li Class="StockGenerator_SingleDef">
        <thingDef>Plasteel</thingDef>
        <countRange>1000~4000</countRange>
      </li>
	  <li Class="StockGenerator_SingleDef">
        <thingDef>Uranium</thingDef>
        <countRange>500~2000</countRange>
      </li>
	  <li Class="StockGenerator_SingleDef">
        <thingDef>KOTOR_AlloyDurasteel</thingDef>
        <countRange>2000~6000</countRange>
      </li>
	  <li Class="StockGenerator_SingleDef">
        <thingDef>KOTOR_AlloyBronzium</thingDef>
        <countRange>800~1200</countRange>
      </li>
	  <li Class="StockGenerator_SingleDef">
        <thingDef>KOTOR_RawCortosis</thingDef>
        <countRange>0~50</countRange>
      </li>
	  
	  <li Class="StockGenerator_Tag">
        <tradeTag>guy762TT_KotORRawMat_rare</tradeTag>
        <thingDefCountRange>0~2</thingDefCountRange>
        <countRange>0~25</countRange>
      </li>
	  <li Class="StockGenerator_Category">
        <categoryDef>ResourcesRaw</categoryDef>
        <excludedThingDefs>
          <li>Silver</li>
        </excludedThingDefs>
        <thingDefCountRange>2~4</thingDefCountRange>
        <totalPriceRange>800~1500</totalPriceRange>
      </li>
      
      
      
      <!-- Buying -->
      <li Class="StockGenerator_BuyExpensiveSimple" />
      <li Class="StockGenerator_BuyTradeTag"><tag>ImplantEmpireCommon</tag></li>
      <li Class="StockGenerator_BuyTradeTag"><tag>ImplantEmpireRoyal</tag></li>
      <li Class="StockGenerator_BuyTradeTag"><tag>PsylinkNeuroformer</tag></li>

    </stockGenerators>
  </TraderKindDef>
  
  
</Defs>
