<?xml version="1.0" encoding="utf-8" ?>
<Defs>

  <!-- Mirialan -->

  <TattooDef>
    <defName>guy762_FaceTattoo_keo</defName>
    <label>Keo</label>
    <texPath>Pawn/HeadAttachments/mirialan/Face_Keo</texPath>
	<visibleNorth>false</visibleNorth>
    <tattooType>Face</tattooType>
    <category>Tribal</category>
    <styleTags>
      <li>guy762_SWTattoo_Mirialan</li>
    </styleTags>
  </TattooDef>
  
  <TattooDef>
    <defName>guy762_FaceTattoo_hylo</defName>
    <label>Hylo</label>
    <texPath>Pawn/HeadAttachments/mirialan/Face_Hylo</texPath>
	<visibleNorth>false</visibleNorth>
    <tattooType>Face</tattooType>
    <category>Tribal</category>
    <styleTags>
      <li>guy762_SWTattoo_Mirialan</li>
    </styleTags>
  </TattooDef>
  
  <TattooDef>
    <defName>guy762_FaceTattoo_luminara</defName>
    <label>Luminara</label>
    <texPath>Pawn/HeadAttachments/mirialan/Face_Luminara</texPath>
	<visibleNorth>false</visibleNorth>
    <tattooType>Face</tattooType>
    <category>Tribal</category>
    <styleTags>
      <li>guy762_SWTattoo_Mirialan</li>
    </styleTags>
  </TattooDef>
  
  <TattooDef>
    <defName>guy762_FaceTattoo_bariss</defName>
    <label>Bariss</label>
    <texPath>Pawn/HeadAttachments/mirialan/Face_Bariss</texPath>
	<visibleNorth>false</visibleNorth>
    <tattooType>Face</tattooType>
    <category>Tribal</category>
    <styleTags>
      <li>guy762_SWTattoo_Mirialan</li>
    </styleTags>
  </TattooDef>
  
  <TattooDef>
    <defName>guy762_FaceTattoo_jana</defName>
    <label>Jana</label>
    <texPath>Pawn/HeadAttachments/mirialan/Face_Jana</texPath>
	<visibleNorth>false</visibleNorth>
    <tattooType>Face</tattooType>
    <category>Tribal</category>
    <styleTags>
      <li>guy762_SWTattoo_Mirialan</li>
    </styleTags>
  </TattooDef>
  
  <TattooDef>
    <defName>guy762_FaceTattoo_seventh</defName>
    <label>Seventh Sister</label>
    <texPath>Pawn/HeadAttachments/mirialan/Face_Seventh</texPath>
	<visibleNorth>false</visibleNorth>
    <tattooType>Face</tattooType>
    <category>Tribal</category>
    <styleTags>
      <li>guy762_SWTattoo_Mirialan</li>
    </styleTags>
  </TattooDef>



</Defs>