<?xml version="1.0" encoding="utf-8" ?>
<Defs>
	<!-- Czerka-Tech ================================================================ -->
	<ResearchProjectDef>
		<defName>KOTOR_Research_Czerkatech</defName>
		<label>Czerka-Tech</label>
		<description>Learn the basics of Czerka-Tech</description>
		<baseCost>5000</baseCost>
		
		<prerequisites>
			<li>MicroelectronicsBasics</li>
		</prerequisites>
		
		<tab>kotor_ResearchTab</tab>
		<techLevel>Spacer</techLevel>
		<requiredResearchBuilding>HiTechResearchBench</requiredResearchBuilding>
		
		<researchViewX>0</researchViewX>
		<researchViewY>0</researchViewY>
	</ResearchProjectDef>
	
	<!-- Plasma ================================================================ -->
	<ResearchProjectDef ParentName="KOTOR_Research_Base">
		<defName>KOTOR_Research_plasma</defName>
		<label>Plasma</label>
		<description>Learn how to harness plasma to create an advanced power source</description>
		<baseCost>5000</baseCost>
		
		<prerequisites>
			<li>KOTOR_Research_Czerkatech</li>
		</prerequisites>
		
		<researchViewX>1</researchViewX>
		<researchViewY>0</researchViewY>
	</ResearchProjectDef>
	
	<!-- Plasma Apps ================================================================ -->
	<ResearchProjectDef ParentName="KOTOR_Research_Base">
		<defName>KOTOR_Research_plasmaApplications</defName>
		<label>Plasma Applications</label>
		<description>Learn how to harness plasma energy to create advanced machines.</description>
		<baseCost>5000</baseCost>
		
		<prerequisites>
			<li>KOTOR_Research_plasma</li>
		</prerequisites>
		
		<researchViewX>2</researchViewX>
		<researchViewY>0</researchViewY>
	</ResearchProjectDef>
	
	<!-- Rhydonium ================================================================ -->
	<ResearchProjectDef ParentName="KOTOR_Research_Base">
		<defName>KOTOR_Research_FuelProcessing</defName>
		<label>Rhydonium Fuel Processing</label>
		<description>Refine raw Rhydonium powder into safely useable fuel.</description>
		<baseCost>5000</baseCost>
		
		<prerequisites>
			<li>KOTOR_Research_Czerkatech</li>
		</prerequisites>
		
		<researchViewX>1</researchViewX>
		<researchViewY>0.5</researchViewY>
	</ResearchProjectDef>
	
	<ResearchProjectDef ParentName="KOTOR_Research_Base">
		<defName>KOTOR_Research_RhyThrusters</defName>
		<label>Rhydonium Thrusters</label>
		<description>Craft long-lasting Rhydonium-fueled thruster assemblies.</description>
		<baseCost>600</baseCost>
		
		<prerequisites>
			<li>KOTOR_Research_FuelProcessing</li>
		</prerequisites>
		
		<researchViewX>2</researchViewX>
		<researchViewY>0.5</researchViewY>
	</ResearchProjectDef>
	
	<ResearchProjectDef ParentName="KOTOR_Research_Base">
		<defName>KOTOR_Research_Baradium</defName>
		<label>Baradium Explosives</label>
		<description>Utilize Baradium (an isotope of Uranium) to craft powerful explosive warheads.</description>
		<baseCost>4000</baseCost>
		
		<prerequisites>
			<li>KOTOR_Research_RhyThrusters</li>
		</prerequisites>
		<requiredResearchFacilities>
		  <li>MultiAnalyzer</li>
		</requiredResearchFacilities>
		<researchViewX>3</researchViewX>
		<researchViewY>0.5</researchViewY>
	</ResearchProjectDef>
	
	
	
	
	
	
	<!-- Adv. Phys. ================================================================ -->
	<ResearchProjectDef ParentName="KOTOR_Research_Base">
		<defName>KOTOR_Research_AdvPhysiology</defName>
		<label>Adv. Physiology</label>
		<description>Study the inner mechanics of the humanoid body to create physiologically enhancing stimulants and equipment.</description>
		<baseCost>2000</baseCost>
		
		<prerequisites>
			<li>MedicineProduction</li>
		</prerequisites>
		
		<researchViewX>1</researchViewX>
		<researchViewY>1.25</researchViewY>
	</ResearchProjectDef>
	
	<!-- Spice ================================================================ -->
	<ResearchProjectDef ParentName="KOTOR_Research_Base">
		<defName>KOTOR_Research_Spice</defName>
		<label>Spice Processing</label>
		<description>Process raw Spice into both pharmaceutical and narcotic substances.</description>
		<baseCost>3000</baseCost>
		
		<prerequisites>
			<li>KOTOR_Research_AdvPhysiology</li>
		</prerequisites>
		
		<researchViewX>2</researchViewX>
		<researchViewY>1</researchViewY>
	</ResearchProjectDef>
	
	<!-- Kolto ================================================================ -->
	<ResearchProjectDef ParentName="KOTOR_Research_Base">
		<defName>KOTOR_Research_Kolto</defName>
		<label>Kolto Applications</label>
		<description>Learn how to utilize the powerful healing gel Kolto in efficient ways.</description>
		<baseCost>1000</baseCost>
		
		<prerequisites>
			<li>KOTOR_Research_AdvPhysiology</li>
		</prerequisites>
		<techprintCount>1</techprintCount>
		<techprintCommonality>0.25</techprintCommonality>
		<heldByFactionCategoryTags>
		  <li>Empire</li>
		</heldByFactionCategoryTags>
		<researchViewX>2</researchViewX>
		<researchViewY>1.5</researchViewY>
	</ResearchProjectDef>
	
	
	
	
	
	
	
	
	
	<!-- Alcohol ================================================================ -->
	<ResearchProjectDef ParentName="KOTOR_Research_Base">
		<defName>KOTOR_Research_Alcohol</defName>
		<label>Czerka-Tech Alcohol</label>
		<description>Learn how to create the finest beverages in the galaxy</description>
		<baseCost>1000</baseCost>
		
		<prerequisites>
			<li>KOTOR_Research_Czerkatech</li>
		</prerequisites>
		
		<researchViewX>0</researchViewX>
		<researchViewY>1.5</researchViewY>
	</ResearchProjectDef>
	
	<!-- Table Rec ================================================================ -->
	<ResearchProjectDef ParentName="KOTOR_Research_Base">
		<defName>KOTOR_Research_TableRec</defName>
		<label>Pazaak</label>
		<description>Learn how to play Pazaak</description>
		<baseCost>1000</baseCost>
		
		<prerequisites>
			<li>KOTOR_Research_Czerkatech</li>
		</prerequisites>
		
		<researchViewX>1</researchViewX>
		<researchViewY>2</researchViewY>
	</ResearchProjectDef>
	
	<!-- Instruments ================================================================ -->
	<ResearchProjectDef ParentName="KOTOR_Research_Base">
		<defName>KOTOR_Research_Instruments</defName>
		<label>Jizz Instruments</label>
		<description>Learn how to create instruments</description>
		<baseCost>1000</baseCost>
		
		<prerequisites>
			<li>KOTOR_Research_TableRec</li>
		</prerequisites>
		
		<researchViewX>2</researchViewX>
		<researchViewY>2</researchViewY>
	</ResearchProjectDef>
	
	<!-- Holo Rec ================================================================ -->
	<ResearchProjectDef ParentName="KOTOR_Research_Base">
		<defName>KOTOR_Research_HoloRec</defName>
		<label>Holographic Recreation</label>
		<description>Learn how to use holographic entertainment</description>
		<baseCost>1000</baseCost>
		
		<prerequisites>
			<li>KOTOR_Research_Instruments</li>
		</prerequisites>
		
		<researchViewX>3</researchViewX>
		<researchViewY>2</researchViewY>
	</ResearchProjectDef>
	
	
	
	
	
	
	
	
	
	<!-- Stygium Cloaking ================================================================ -->
	<ResearchProjectDef ParentName="KOTOR_Research_Base">
		<defName>KOTOR_Research_cloaking</defName>
		<label>Stygium Cloaking Devices</label>
		<description>Craft invisibility cloaking devices using advanced Stygium crystal technology.</description>
		<baseCost>12000</baseCost>
		<heldByFactionCategoryTags>
		  <li>Empire</li>
		</heldByFactionCategoryTags>
		<prerequisites>
		  <li>KOTOR_Research_Czerkatech</li>
		</prerequisites>
		<requiredResearchFacilities>
		  <li>MultiAnalyzer</li>
		</requiredResearchFacilities>
		<techprintCount>4</techprintCount>
		<techprintCommonality>0.125</techprintCommonality>
		<researchViewX>6</researchViewX>
		<researchViewY>2.5</researchViewY>
	</ResearchProjectDef>
	
</Defs>
