﻿<?xml version="1.0" encoding="utf-8" ?>
<Defs>

<FactionDef ParentName="FactionBase">
    <defName>guy762_KotORFaction_Czerka</defName>
    <label>Czerka Corporation</label>
    <description>The first true intergalactic megacorporation to arise outside the Hutts’ sphere of influence, Czerka Corporation originally began as a small-time arms manufacturer on Balmorra. Centuries of ruthless expansionism and cutthroat dealing have built it up as an unstoppable financial juggernaut that not even the Republic can refuse, as evidenced by their open alliance with Revan’s Sith Empire and resumed dealings with the Republic after the end of the Jedi Civil War. The Republic’s current ruling administration is firmly in the pocketbook of Czerka, and has allowed them to expand freely in the Outer Rim, enabling them to purchase entire sectors and withholding any obligation to follow Republic law all in the name of undermining the Hutts’ dominion. Czerka now resides in their own personal free-trade zone dubbed the “Corporate Sector”, managing arms manufacturing, resource extraction, and slaver operations throughout the galaxy.</description>
    <pawnSingular>corpo</pawnSingular>
    <pawnsPlural>corpos</pawnsPlural>
    <categoryTag>Outlander</categoryTag>
    <settlementGenerationWeight>5</settlementGenerationWeight>
    <requiredCountAtGameStart>1</requiredCountAtGameStart>
    <maxConfigurableAtWorldCreation>9999</maxConfigurableAtWorldCreation>
    <maxCountAtGameStart>1</maxCountAtGameStart>
	<listOrderPriority>767</listOrderPriority>
	<configurationListOrderPriority>767</configurationListOrderPriority>
    <canMakeRandomly>true</canMakeRandomly>
    <canSiege>true</canSiege>
    <canStageAttacks>true</canStageAttacks>
	<hostileToFactionlessHumanlikes>false</hostileToFactionlessHumanlikes>
    <factionIconPath>World/CzerkaCorp</factionIconPath>
    <colorSpectrum>
      <li>RGB(75,115,90)</li>
    </colorSpectrum>
    <permanentEnemy>false</permanentEnemy>
	<techLevel>Spacer</techLevel>
	<allowedArrivalTemperatureRange>-40~45</allowedArrivalTemperatureRange>
    <allowedCultures>
		<li>Astropolitan</li>
	</allowedCultures>
	
	<!--factionNameMaker>NamerFactionSithEmpire</factionNameMaker-->
	<fixedName>Czerka Corporation</fixedName>
	<leaderTitle>director</leaderTitle>
	<settlementNameMaker>NamerSettlementOutlander</settlementNameMaker>
	<fixedLeaderKinds>
      <li>CZ_officer</li>
    </fixedLeaderKinds>
	
	
	<modExtensions>
      <li Class="VFECore.FactionDefExtension">
		<startingGoodwillByFactionDefs>
			<guy762_KotORFaction_OldRepublic>0~100</guy762_KotORFaction_OldRepublic>
			<guy762_KotORFaction_SithRemnant>50~100</guy762_KotORFaction_SithRemnant>
			
			<guy762_KotORFaction_Militia>0~100</guy762_KotORFaction_Militia>
			<guy762_KotORFaction_HuttCartel>-100</guy762_KotORFaction_HuttCartel>
			<guy762_KotORFaction_Czerka>0</guy762_KotORFaction_Czerka>
			<guy762_KotORFaction_Exchange>-50</guy762_KotORFaction_Exchange>
			
			<guy762_KotORFaction_MandoClan>0</guy762_KotORFaction_MandoClan>
			<guy762_KotORFaction_Trandoshans>-100</guy762_KotORFaction_Trandoshans>
			<guy762_KotORFaction_MercGuild>50~100</guy762_KotORFaction_MercGuild>
		</startingGoodwillByFactionDefs>
		<excludeFromCommConsole>false</excludeFromCommConsole>
		<hasCities>true</hasCities>
		<spawnOnCoastalTilesOnly>true</spawnOnCoastalTilesOnly>
		<minDistanceToOtherSettlements>5</minDistanceToOtherSettlements>
      </li>
    </modExtensions>
	
	
	<requiredMemes>
		<li MayRequire="VanillaExpanded.VMemesE">VME_Structure_Corporate</li>
		<li MayRequire="VanillaExpanded.VMemesE">VME_Trader</li>
		<li MayRequire="Ludeon.RimWorld.Ideology">HumanPrimacy</li>
	</requiredMemes>
	<allowedMemes>
		<li MayRequire="Ludeon.RimWorld.Ideology">Supremacist</li>
		<li MayRequire="VanillaExpanded.VMemesE">VME_HardcoreIndustrialism</li>
		<li MayRequire="VanillaExpanded.VMemesE">VME_Progressive</li>
		<li MayRequire="VanillaExpanded.VMemesE">VME_Nationalist</li>
		<li MayRequire="VanillaExpanded.VMemesE">VME_Republic</li>
	</allowedMemes>
	<disallowedPrecepts>
		<li MayRequire="Ludeon.RimWorld.Ideology">ApparelDesired_Strong_Subordinate</li>
		<li MayRequire="Ludeon.RimWorld.Ideology">ApparelDesired_Soft_Subordinate</li>
		<li MayRequire="Ludeon.RimWorld.Ideology">NobleDespisedWeapons</li>
		
		<li MayRequire="Ludeon.RimWorld.Ideology">Charity_Essential</li>
		<li MayRequire="Ludeon.RimWorld.Ideology">Charity_Important</li>
		<li MayRequire="Ludeon.RimWorld.Ideology">Charity_Worthwhile</li>
		
		<li MayRequire="Ludeon.RimWorld.Ideology">Execution_Abhorrent</li>
		<li MayRequire="Ludeon.RimWorld.Ideology">Execution_Horrible</li>
		<li MayRequire="Ludeon.RimWorld.Ideology">Execution_HorribleIfInnocent</li>
		
		<li MayRequire="Ludeon.RimWorld.Ideology">DrugUse_Prohibited</li>
		
		<li MayRequire="Ludeon.RimWorld.Ideology">Slavery_Abhorrent</li>
		<li MayRequire="Ludeon.RimWorld.Ideology">Slavery_Horrible</li>
		<li MayRequire="Ludeon.RimWorld.Ideology">Slavery_Disapproved</li>
		
		<li MayRequire="erdelf.HumanoidAlienRaces">HAR_AlienSlavery_Abhorrent</li>
		<li MayRequire="erdelf.HumanoidAlienRaces">HAR_AlienSlavery_Horrible</li>
		<li MayRequire="erdelf.HumanoidAlienRaces">HAR_AlienSlavery_Disapproved</li>
	</disallowedPrecepts>
	
	<xenotypeSet>
	  <xenotypeChances>
		<Baseliner MayRequire="Ludeon.RimWorld.Biotech">0.70</Baseliner>
		<guy762_xenotype_arkanian MayRequire="guy762.StarWarsXenotypes">0.05</guy762_xenotype_arkanian>
		<guy762_xenotype_devaronian MayRequire="guy762.StarWarsXenotypes">0.01</guy762_xenotype_devaronian> <!--BORROWED FROM SITH PLEASE CHANGE-->
		<guy762_xenotype_echani MayRequire="guy762.StarWarsXenotypes">0.05</guy762_xenotype_echani>
		<guy762_xenotype_iridonian MayRequire="guy762.StarWarsXenotypes">0.03</guy762_xenotype_iridonian>
		<guy762_xenotype_miraluka MayRequire="guy762.StarWarsXenotypes">0.02</guy762_xenotype_miraluka>
		<guy762_xenotype_mirialan MayRequire="guy762.StarWarsXenotypes">0.03</guy762_xenotype_mirialan>
		<guy762_xenotype_togruta MayRequire="guy762.StarWarsXenotypes">0.01</guy762_xenotype_togruta>
		<guy762_xenotype_twilek MayRequire="guy762.StarWarsXenotypes">0.01</guy762_xenotype_twilek>
		<guy762_xenotype_umbaran MayRequire="guy762.StarWarsXenotypes">0.03</guy762_xenotype_umbaran>
		<guy762_xenotype_zabrak MayRequire="guy762.StarWarsXenotypes">0.02</guy762_xenotype_zabrak>
		<guy762_xenotype_zeltron MayRequire="guy762.StarWarsXenotypes">0.03</guy762_xenotype_zeltron>
		<guy762_xenotype_zygerrian MayRequire="guy762.StarWarsXenotypes">0.01</guy762_xenotype_zygerrian> <!--total 1.00-->
	  </xenotypeChances>
	</xenotypeSet>
	
    <backstoryFilters>
      <li>
        <categories>
          <li>Outlander</li>
        </categories>
        <commonality>0.2</commonality>
      </li>
      <li>
        <categories>
          <li>Offworld</li>
        </categories>
        <commonality>0.8</commonality>
      </li>
    </backstoryFilters>
    <settlementTexturePath>World/WorldObjects/DefaultSettlement</settlementTexturePath>
	
    <maxPawnCostPerTotalPointsCurve>
      <points>
        <li>(0,35)</li>
        <li>(70, 50)</li>
        <li>(700, 100)</li>
        <li>(1300, 150)</li>
        <li>(100000, 10000)</li>
      </points>
    </maxPawnCostPerTotalPointsCurve>

  </FactionDef>
  
  
  
 
</Defs>