﻿<?xml version="1.0" encoding="utf-8" ?>
<Defs>

<FactionDef ParentName="FactionBase">
    <defName>guy762_KotORFaction_HuttCartel</defName>
    <label>Hutt Cartel</label>
    <description>The Hutt Kajidics, or cartels, have controlled essentially all commerce in the Outer Rim for eons, dating back earlier than the formation of the Galactic Republic. While never directly involving themselves in planetary governance, and rarely having to deploy any standing army, the Hutts exert their influence purely through economic control; ensuring the efficient trade of vital resources like Spice, starship fuel, and Tibanna gas on a scale that has taken Republic-based corporations many millennia to match. These services are essential for the well–being of colony worlds in the Rim, and most planetary governments know to turn a blind eye to the Hutts’ more salacious dealings in the criminal underworld.</description>
    <pawnSingular>scum</pawnSingular>
    <pawnsPlural>scum</pawnsPlural>
    <categoryTag>Pirate</categoryTag>
    <settlementGenerationWeight>4</settlementGenerationWeight>
    <requiredCountAtGameStart>2</requiredCountAtGameStart>
    <maxConfigurableAtWorldCreation>9999</maxConfigurableAtWorldCreation>
    <maxCountAtGameStart>8</maxCountAtGameStart>
	<listOrderPriority>765</listOrderPriority>
	<configurationListOrderPriority>765</configurationListOrderPriority>
    <canMakeRandomly>true</canMakeRandomly>
    <canSiege>true</canSiege>
    <canStageAttacks>true</canStageAttacks>
	<hostileToFactionlessHumanlikes>false</hostileToFactionlessHumanlikes>
    <factionIconPath>World/HuttClans</factionIconPath>
    <colorSpectrum>
      <li>RGB(150,115,65)</li>
      <li>RGB(120,120,50)</li>
    </colorSpectrum>
    <permanentEnemy>false</permanentEnemy>
    <factionNameMaker>guy762_NamerFaction_HuttCartel</factionNameMaker>
    <settlementNameMaker>NamerSettlementPirate</settlementNameMaker>
	<techLevel>Spacer</techLevel>
	<allowedArrivalTemperatureRange>0~45</allowedArrivalTemperatureRange>
	
	<leaderTitle>kajidii</leaderTitle>
	<fixedLeaderKinds>
		<li>HC_hutt_lord</li>
	</fixedLeaderKinds>
	
	
	<modExtensions>
      <li Class="VFECore.FactionDefExtension">
		<startingGoodwillByFactionDefs>
			<guy762_KotORFaction_OldRepublic>-25~25</guy762_KotORFaction_OldRepublic>
			<guy762_KotORFaction_SithRemnant>0~50</guy762_KotORFaction_SithRemnant>
			
			<guy762_KotORFaction_Militia>-75~-25</guy762_KotORFaction_Militia>
			<guy762_KotORFaction_HuttCartel>-100~50</guy762_KotORFaction_HuttCartel>
			<guy762_KotORFaction_Czerka>-100</guy762_KotORFaction_Czerka>
			<guy762_KotORFaction_Exchange>-100</guy762_KotORFaction_Exchange>
			
			<guy762_KotORFaction_MandoClan>0~50</guy762_KotORFaction_MandoClan>
			<guy762_KotORFaction_Trandoshans>50~100</guy762_KotORFaction_Trandoshans>
			<guy762_KotORFaction_MercGuild>0~50</guy762_KotORFaction_MercGuild>
		</startingGoodwillByFactionDefs>
		<excludeFromCommConsole>false</excludeFromCommConsole>
		<hasCities>true</hasCities>
      </li>
    </modExtensions>
	
    <allowedCultures>
		<li>Kriminul</li>
	</allowedCultures>
	
	<requiredMemes>
		<li MayRequire="Ludeon.RimWorld.Ideology">Supremacist</li>
		<li MayRequire="VanillaExpanded.VMemesE">VME_Royal</li>
		<li MayRequire="VanillaExpanded.VMemesE">VME_Trader</li>
	</requiredMemes>
	<allowedMemes>
		<li MayRequire="VanillaExpanded.VMemesE">VME_Structure_Bacchanalianism</li>
		<li MayRequire="VanillaExpanded.VMemesE">VME_Structure_CultOfPersonality</li>
		<li MayRequire="VanillaExpanded.VMemesE">VME_PartyLife</li>
		<li MayRequire="Ludeon.RimWorld.Ideology">HighLife</li>
		<li MayRequire="Ludeon.RimWorld.Ideology">Raider</li>
	</allowedMemes>
	<disallowedPrecepts>
		<li MayRequire="Ludeon.RimWorld.Ideology">ApparelDesired_Strong_Subordinate</li>
		<li MayRequire="Ludeon.RimWorld.Ideology">ApparelDesired_Soft_Subordinate</li>
		<li MayRequire="Ludeon.RimWorld.Ideology">NobleDespisedWeapons</li>
		
		<li MayRequire="Ludeon.RimWorld.Ideology">Charity_Essential</li>
		<li MayRequire="Ludeon.RimWorld.Ideology">Charity_Important</li>
		<li MayRequire="Ludeon.RimWorld.Ideology">Charity_Worthwhile</li>
		
		<li MayRequire="Ludeon.RimWorld.Ideology">Execution_Abhorrent</li>
		<li MayRequire="Ludeon.RimWorld.Ideology">Execution_Horrible</li>
		<li MayRequire="Ludeon.RimWorld.Ideology">Execution_HorribleIfInnocent</li>
		
		<li MayRequire="Ludeon.RimWorld.Ideology">DrugUse_Prohibited</li>
		<li MayRequire="Ludeon.RimWorld.Ideology">DrugUse_MedicalOnly</li>
		<li MayRequire="Ludeon.RimWorld.Ideology">DrugUse_MedicalOrSocial</li>
		
		<li MayRequire="Ludeon.RimWorld.Ideology">Slavery_Abhorrent</li>
		<li MayRequire="Ludeon.RimWorld.Ideology">Slavery_Horrible</li>
		<li MayRequire="Ludeon.RimWorld.Ideology">Slavery_Disapproved</li>
		
		<li MayRequire="erdelf.HumanoidAlienRaces">HAR_AlienSlavery_Abhorrent</li>
		<li MayRequire="erdelf.HumanoidAlienRaces">HAR_AlienSlavery_Horrible</li>
		<li MayRequire="erdelf.HumanoidAlienRaces">HAR_AlienSlavery_Disapproved</li>
	</disallowedPrecepts>
	
	<xenotypeSet>
	  <xenotypeChances>
		<Baseliner MayRequire="Ludeon.RimWorld.Biotech">0.05</Baseliner>
		<guy762_xenotype_aqualish MayRequire="guy762.StarWarsXenotypes">0.06</guy762_xenotype_aqualish> <!--1.00 total-->
		<guy762_xenotype_bith MayRequire="guy762.StarWarsXenotypes">0.02</guy762_xenotype_bith>
		<guy762_xenotype_bothan MayRequire="guy762.StarWarsXenotypes">0.02</guy762_xenotype_bothan>
		<guy762_xenotype_cathar MayRequire="guy762.StarWarsXenotypes">0.01</guy762_xenotype_cathar>
		<guy762_xenotype_devaronian MayRequire="guy762.StarWarsXenotypes">0.05</guy762_xenotype_devaronian>
		<guy762_xenotype_duros MayRequire="guy762.StarWarsXenotypes">0.04</guy762_xenotype_duros>
		<guy762_xenotype_falleen MayRequire="guy762.StarWarsXenotypes">0.01</guy762_xenotype_falleen>
		<guy762_xenotype_iridonian MayRequire="guy762.StarWarsXenotypes">0.02</guy762_xenotype_iridonian>
		<guy762_xenotype_klatoonian MayRequire="guy762.StarWarsXenotypes">0.10</guy762_xenotype_klatoonian>
		<guy762_xenotype_nautolan MayRequire="guy762.StarWarsXenotypes">0.01</guy762_xenotype_nautolan>
		<guy762_xenotype_nikto MayRequire="guy762.StarWarsXenotypes">0.10</guy762_xenotype_nikto>
		<guy762_xenotype_quarren MayRequire="guy762.StarWarsXenotypes">0.05</guy762_xenotype_quarren>
		<guy762_xenotype_rodian MayRequire="guy762.StarWarsXenotypes">0.10</guy762_xenotype_rodian>
		<guy762_xenotype_snivvian MayRequire="guy762.StarWarsXenotypes">0.01</guy762_xenotype_snivvian>
		<guy762_xenotype_sullustan MayRequire="guy762.StarWarsXenotypes">0.01</guy762_xenotype_sullustan>
		<guy762_xenotype_togruta MayRequire="guy762.StarWarsXenotypes">0.05</guy762_xenotype_togruta>
		<guy762_xenotype_trandoshan MayRequire="guy762.StarWarsXenotypes">0.05</guy762_xenotype_trandoshan>
		<guy762_xenotype_twilek MayRequire="guy762.StarWarsXenotypes">0.08</guy762_xenotype_twilek>
		<guy762_xenotype_weequay MayRequire="guy762.StarWarsXenotypes">0.10</guy762_xenotype_weequay>
		<guy762_xenotype_zabrak MayRequire="guy762.StarWarsXenotypes">0.05</guy762_xenotype_zabrak>
	  </xenotypeChances>
	</xenotypeSet>
	
    <backstoryFilters>
      <li>
        <categories>
          <li>Outlander</li>
        </categories>
        <commonality>0.2</commonality>
      </li>
      <li>
        <categories>
          <li>Offworld</li>
        </categories>
        <commonality>0.4</commonality>
      </li>
	  <li>
        <categories>
          <li>Pirate</li>
        </categories>
		<commonality>0.4</commonality>
      </li>
    </backstoryFilters>
    <settlementTexturePath>World/WorldObjects/DefaultSettlement</settlementTexturePath>
	
    <maxPawnCostPerTotalPointsCurve>
      <points>
        <li>(0,35)</li>
        <li>(70, 50)</li>
        <li>(700, 100)</li>
        <li>(1300, 150)</li>
        <li>(100000, 10000)</li>
      </points>
    </maxPawnCostPerTotalPointsCurve>

  </FactionDef>
  
  
  
  
  
  
  
  
  
  
  
  
  
  
  
  
  
  
  <RulePackDef>
    <defName>guy762_NamerFaction_HuttCartel</defName>
    <rulePack>
      <rulesStrings>
        <li>r_name->[hsyl1][hsyl2] [kajidic]</li>


        <li>kajidic->Kajidic</li>

        <li>hsyl1->bor</li>
        <li>hsyl1->ar</li>
        <li>hsyl1->tir</li>
        <li>hsyl1->zel</li>
        <li>hsyl1->an</li>
        <li>hsyl1->des</li>
        <li>hsyl1->ner</li>
        <li>hsyl1->bes</li>
        <li>hsyl1->gar</li>
        <li>hsyl1->ven</li>
		
        <li>hsyl2->dojii</li>
        <li>hsyl2->galii</li>
        <li>hsyl2->tilic</li>
        <li>hsyl2->iliac</li>
        <li>hsyl2->jania</li>
        <li>hsyl2->adii</li>
        <li>hsyl2->dulla</li>
        <li>hsyl2->ilijic</li>

      </rulesStrings>
    </rulePack>
  </RulePackDef>
</Defs>