<?xml version="1.0" encoding="utf-8" ?>
<Defs>

<FactionDef ParentName="FactionBase">
    <defName>guy762_KotORFaction_SithRemnant</defName>
    <label>Sith Remnant</label>
    <description>Survivors from the Jedi Civil War and the failed attacks on Telos IV and Onderon, the Sith remnants scrape by on distant Outer Rim colony worlds, lacking any strong leadership to unite them against the Republic once more. Each remnant fleet is ruled by a single dark-side warlord and recruits, conscripts, or enslaves its forces from the colony worlds it’s currently pillaging. These fleets have to operate with extreme caution as to not attract attention from the Republic, never staying in one system for too long and only rarely collaborating with rival fleets or seeking aid from sympathetic entities like Czerka or the Tion Hegemony.</description>
    <pawnSingular>sith</pawnSingular>
    <pawnsPlural>sith</pawnsPlural>
    <categoryTag>Pirate</categoryTag>
    <settlementGenerationWeight>2</settlementGenerationWeight>
    <requiredCountAtGameStart>1</requiredCountAtGameStart>
    <maxConfigurableAtWorldCreation>9999</maxConfigurableAtWorldCreation>
	<listOrderPriority>763</listOrderPriority>
	<configurationListOrderPriority>763</configurationListOrderPriority>
    <maxCountAtGameStart>2</maxCountAtGameStart>
	<techLevel>Spacer</techLevel>
    <canMakeRandomly>false</canMakeRandomly>
    <canSiege>true</canSiege>
    <canStageAttacks>true</canStageAttacks>
	<hostileToFactionlessHumanlikes>true</hostileToFactionlessHumanlikes>
    <factionIconPath>World/SithEmpire</factionIconPath>
	<settlementTexturePath>World/WorldObjects/DefaultSettlement</settlementTexturePath>
	<allowedArrivalTemperatureRange>-40~65</allowedArrivalTemperatureRange>
    <colorSpectrum>
      <li>RGB(64,64,64)</li>
    </colorSpectrum>
    <permanentEnemy>true</permanentEnemy>
	<!--permanentEnemyToEveryoneExceptPlayer>true</permanentEnemyToEveryoneExceptPlayer-->
	
    <!--factionNameMaker>NamerFactionSithEmpire</factionNameMaker-->
	<fixedName>Sith Remnant</fixedName>
	<leaderTitle>warlord</leaderTitle>
    <settlementNameMaker>NamerSettlementPirate</settlementNameMaker>
	<!--fixedLeaderKinds>
      <li>SE_sithlord</li>
    </fixedLeaderKinds-->
	
	
	<modExtensions>
      <li Class="VFECore.FactionDefExtension">
		<startingGoodwillByFactionDefs>
			<guy762_KotORFaction_OldRepublic>-100</guy762_KotORFaction_OldRepublic>
			<guy762_KotORFaction_SithRemnant>-100</guy762_KotORFaction_SithRemnant>
			
			<guy762_KotORFaction_Militia>-100</guy762_KotORFaction_Militia>
			<guy762_KotORFaction_HuttCartel>0~50</guy762_KotORFaction_HuttCartel>
			<guy762_KotORFaction_Czerka>50~100</guy762_KotORFaction_Czerka>
			<guy762_KotORFaction_Exchange>0~75</guy762_KotORFaction_Exchange>
			
			<guy762_KotORFaction_MandoClan>-100</guy762_KotORFaction_MandoClan>
			<guy762_KotORFaction_Trandoshans>25~50</guy762_KotORFaction_Trandoshans>
			<guy762_KotORFaction_MercGuild>25~50</guy762_KotORFaction_MercGuild>
		</startingGoodwillByFactionDefs>
		<excludeFromCommConsole>true</excludeFromCommConsole>
		<hasCities>false</hasCities>
		<neverConnectToRoads>true</neverConnectToRoads>
		<minDistanceToOtherSettlements>30</minDistanceToOtherSettlements>
      </li>
    </modExtensions>
	
	
    <allowedCultures>
		<li>guy762_culture_sith</li>
	</allowedCultures>
	
	<requiredMemes>
		<li MayRequire="Ludeon.RimWorld.Ideology">guy762_MemeDef_sith</li>
		<li MayRequire="VanillaExpanded.VMemesE">VME_BloodCourt</li>
		<li MayRequire="VanillaExpanded.VMemesE">VME_PsychicFocus</li>
	</requiredMemes>
	<allowedMemes>
		<li MayRequire="VanillaExpanded.VMemesE">VME_Structure_Esotericism</li>
		<li MayRequire="VanillaExpanded.VMemesE">VME_Structure_Authoritarianism</li>
		<li MayRequire="Ludeon.RimWorld.Ideology">HumanPrimacy</li>
		<li MayRequire="Ludeon.RimWorld.Ideology">Raider</li>
		<li MayRequire="Ludeon.RimWorld.Ideology">Blindsight</li>
		<li MayRequire="Ludeon.RimWorld.Ideology">PainIsVirtue</li>
		<li MayRequire="Ludeon.RimWorld.Ideology">Cannibal</li>
		<li MayRequire="VanillaExpanded.VMemesE">VME_ViolentConversion</li>
		<li MayRequire="VanillaExpanded.VMemesE">VME_Nationalist</li>
	</allowedMemes>
	<disallowedPrecepts>
		<!--li MayRequire="VanillaExpanded.VMemesE">VME_Leader_BestFighter</li-->		
		
		<li MayRequire="Ludeon.RimWorld.Ideology">ApparelDesired_Strong_Subordinate</li>
		<li MayRequire="Ludeon.RimWorld.Ideology">ApparelDesired_Soft_Subordinate</li>
		<li MayRequire="Ludeon.RimWorld.Ideology">NobleDespisedWeapons</li>
		
		<li MayRequire="Ludeon.RimWorld.Ideology">IdeoDiversity_Exalted</li>
		<li MayRequire="Ludeon.RimWorld.Ideology">IdeoDiversity_Respected</li>
		<li MayRequire="Ludeon.RimWorld.Ideology">IdeoDiversity_Approved</li>
		
		<li MayRequire="Ludeon.RimWorld.Ideology">Charity_Essential</li>
		<li MayRequire="Ludeon.RimWorld.Ideology">Charity_Important</li>
		<li MayRequire="Ludeon.RimWorld.Ideology">Charity_Worthwhile</li>
		
		<li MayRequire="Ludeon.RimWorld.Ideology">Execution_Abhorrent</li>
		<li MayRequire="Ludeon.RimWorld.Ideology">Execution_Horrible</li>
		<li MayRequire="Ludeon.RimWorld.Ideology">Execution_HorribleIfInnocent</li>
		
		<li MayRequire="Ludeon.RimWorld.Ideology">Slavery_Abhorrent</li>
		<li MayRequire="Ludeon.RimWorld.Ideology">Slavery_Horrible</li>
		<li MayRequire="Ludeon.RimWorld.Ideology">Slavery_Disapproved</li>
		
		<li MayRequire="erdelf.HumanoidAlienRaces">HAR_AlienSlavery_Abhorrent</li>
		<li MayRequire="erdelf.HumanoidAlienRaces">HAR_AlienSlavery_Horrible</li>
		<li MayRequire="erdelf.HumanoidAlienRaces">HAR_AlienSlavery_Disapproved</li>
	</disallowedPrecepts>
	
	<!--structureMemeWeights>
	  <Structure_TheistEmbodied MayRequire="Ludeon.RimWorld.Ideology">0</Structure_TheistEmbodied>
	  <Structure_TheistAbstract MayRequire="Ludeon.RimWorld.Ideology">0.75</Structure_TheistAbstract>
	  <Structure_Ideological MayRequire="Ludeon.RimWorld.Ideology">0.5</Structure_Ideological>
	  <Structure_Archist MayRequire="Ludeon.RimWorld.Ideology">0</Structure_Archist>
	  <Structure_OriginChristian MayRequire="Ludeon.RimWorld.Ideology">0</Structure_OriginChristian>
	  <Structure_OriginIslamic MayRequire="Ludeon.RimWorld.Ideology">0</Structure_OriginIslamic>
	  <Structure_OriginHindu MayRequire="Ludeon.RimWorld.Ideology">0</Structure_OriginHindu>
	  <Structure_OriginBuddhist MayRequire="Ludeon.RimWorld.Ideology">0</Structure_OriginBuddhist>
	</structureMemeWeights-->
	
	<xenotypeSet>
	  <xenotypeChances>
		<Baseliner MayRequire="Ludeon.RimWorld.Biotech">0.70</Baseliner>
		<guy762_xenotype_arkanian MayRequire="guy762.StarWarsXenotypes">0.05</guy762_xenotype_arkanian>
		<guy762_xenotype_devaronian MayRequire="guy762.StarWarsXenotypes">0.01</guy762_xenotype_devaronian>
		<guy762_xenotype_echani MayRequire="guy762.StarWarsXenotypes">0.05</guy762_xenotype_echani>
		<guy762_xenotype_iridonian MayRequire="guy762.StarWarsXenotypes">0.03</guy762_xenotype_iridonian>
		<guy762_xenotype_miraluka MayRequire="guy762.StarWarsXenotypes">0.02</guy762_xenotype_miraluka>
		<guy762_xenotype_mirialan MayRequire="guy762.StarWarsXenotypes">0.03</guy762_xenotype_mirialan>
		<guy762_xenotype_togruta MayRequire="guy762.StarWarsXenotypes">0.01</guy762_xenotype_togruta>
		<guy762_xenotype_twilek MayRequire="guy762.StarWarsXenotypes">0.01</guy762_xenotype_twilek>
		<guy762_xenotype_umbaran MayRequire="guy762.StarWarsXenotypes">0.03</guy762_xenotype_umbaran>
		<guy762_xenotype_zabrak MayRequire="guy762.StarWarsXenotypes">0.02</guy762_xenotype_zabrak>
		<guy762_xenotype_zeltron MayRequire="guy762.StarWarsXenotypes">0.03</guy762_xenotype_zeltron>
		<guy762_xenotype_zygerrian MayRequire="guy762.StarWarsXenotypes">0.01</guy762_xenotype_zygerrian> <!--total 1.00-->
	  </xenotypeChances>
	</xenotypeSet>
		
    <backstoryFilters>
      <li>
        <categories>
          <li>Pirate</li>
        </categories>
		<commonality>0.5</commonality>
      </li>
	  <li>
        <categories>
          <li>Offworld</li>
        </categories>
        <commonality>0.5</commonality>
      </li>
    </backstoryFilters>
	
	
	<!--caravanTraderKinds>
      <li>Caravan_Outlander_BulkGoods</li>
      <li>Caravan_Outlander_CombatSupplier</li>
      <li>Caravan_Outlander_Exotic</li>
      <li>Caravan_Outlander_PirateMerchant</li>
    </caravanTraderKinds>
    <visitorTraderKinds>
      <li>Visitor_Outlander_Standard</li>
    </visitorTraderKinds>
    <baseTraderKinds>
      <li>Base_Outlander_Standard</li>
    </baseTraderKinds-->
	
	
    <maxPawnCostPerTotalPointsCurve>
      <points>
        <li>(0,35)</li>
        <li>(70, 50)</li>
        <li>(700, 100)</li>
        <li>(1300, 150)</li>
        <li>(100000, 10000)</li>
      </points>
    </maxPawnCostPerTotalPointsCurve>
	
	<apparelStuffFilter>
      <thingDefs>
        <li>Leather_Patch</li>
        <li>KOTOR_FabricArmorweave</li>
      </thingDefs>
    </apparelStuffFilter>
	
	
	
    <pawnGroupMakers>
	
      <li>
        <!-- quick raid -->
        <kindDef>Combat</kindDef>
        <commonality>100</commonality>
		<disallowedStrategies>
			<li>Siege</li>
			<li>StageThenAttack</li>
			<li>ImmediateAttackSappers</li>
			<li>ImmediateAttackBreaching</li>
			<li>ImmediateAttackBreachingSmart</li>
		</disallowedStrategies>
        <options>
          <SithRem_trooper>50</SithRem_trooper>
          <SithRem_troopermelee>100</SithRem_troopermelee>
		  <SithRem_droid_MPDMkI>75</SithRem_droid_MPDMkI>
		  <SithRem_droid_SentWD>25</SithRem_droid_SentWD>
          <SithRem_elitemelee>25</SithRem_elitemelee>
          <SithRem_acolyte>10</SithRem_acolyte>
          <SithRem_warrior>5</SithRem_warrior>
		  <SithRem_lieutenant>25</SithRem_lieutenant>
        </options>
      </li>
	  
	  <li>
        <!-- skirmish -->
        <kindDef>Combat</kindDef>
        <commonality>75</commonality>
		<disallowedStrategies>
			<li>Siege</li>
			<li>ImmediateAttackSmart</li>
			<li>ImmediateAttackSappers</li>
			<li>ImmediateAttackBreaching</li>
			<li>ImmediateAttackBreachingSmart</li>
		</disallowedStrategies>
        <options>
          <SithRem_trooper>100</SithRem_trooper>
          <SithRem_troopermelee>75</SithRem_troopermelee>
          <SithRem_hvytrooper>25</SithRem_hvytrooper>
		  <SithRem_droid_MPDMkI>50</SithRem_droid_MPDMkI>
          <SithRem_droid_SentWD>25</SithRem_droid_SentWD>
		  <SithRem_droid_ADMkI>5</SithRem_droid_ADMkI>
          <SithRem_elite>10</SithRem_elite>
          <SithRem_elitemelee>5</SithRem_elitemelee>
          <SithRem_warrior>5</SithRem_warrior>
		  <SithRem_lieutenant>50</SithRem_lieutenant>
        </options>
      </li>
	  
	  <li>
        <!-- territory intrusion -->
        <kindDef>Combat</kindDef>
        <commonality>50</commonality>
		<disallowedStrategies>
			<li>ImmediateAttack</li>
			<li>ImmediateAttackSmart</li>
			<li>ImmediateAttackSappers</li>
			<li>ImmediateAttackBreaching</li>
			<li>ImmediateAttackBreachingSmart</li>
		</disallowedStrategies>
        <options>
          <SithRem_trooper>100</SithRem_trooper>
          <SithRem_troopermelee>25</SithRem_troopermelee>
		  <SithRem_hvytrooper>25</SithRem_hvytrooper>
          <SithRem_droid_SentWD>75</SithRem_droid_SentWD>
		  <SithRem_droid_ADMkI>50</SithRem_droid_ADMkI>
          <SithRem_droid_ADMkIV>25</SithRem_droid_ADMkIV>
          <SithRem_elite>10</SithRem_elite>
          <SithRem_elitemelee>5</SithRem_elitemelee>
          <SithRem_acolyte>10</SithRem_acolyte>
          <SithRem_warrior>5</SithRem_warrior>
          <SithRem_lieutenant>100</SithRem_lieutenant>
        </options>
      </li>
	  
	  <li>
        <!-- assault -->
        <kindDef>Combat</kindDef>
        <commonality>25</commonality>
		<disallowedStrategies>
			<li>Siege</li>
			<li>StageThenAttack</li>
			<li>ImmediateAttack</li>
		</disallowedStrategies>
        <options>
          <SithRem_droid_SentWD>100</SithRem_droid_SentWD>
		  <SithRem_droid_ADMkI>75</SithRem_droid_ADMkI>
          <SithRem_droid_ADMkIV>50</SithRem_droid_ADMkIV>
		  <SithRem_trooper>75</SithRem_trooper>
          <SithRem_troopermelee>25</SithRem_troopermelee>
		  <SithRem_hvytrooper>50</SithRem_hvytrooper>
		  <SithRem_elite>25</SithRem_elite>
          <SithRem_elitemelee>10</SithRem_elitemelee>
		  <SithRem_acolyte>25</SithRem_acolyte>
          <SithRem_warrior>10</SithRem_warrior>
		  <SithRem_lieutenant>100</SithRem_lieutenant>
		  
          <SithRem_operative>50</SithRem_operative>
        </options>
      </li>
	  
	  
	  <li>
        <!-- assassination team -->
        <kindDef>Combat</kindDef>
        <commonality>10</commonality>
		<disallowedStrategies>
			<li>Siege</li>
			<li>StageThenAttack</li>
			<li>ImmediateAttack</li>
			<li>ImmediateAttackBreaching</li>
		</disallowedStrategies>
        <options>
          <SithRem_assassin>100</SithRem_assassin>
		  <SithRem_operative>50</SithRem_operative>
        </options>
      </li>
	  
    </pawnGroupMakers>
	
	
	
	
  </FactionDef>
</Defs>