<?xml version="1.0" encoding="utf-8" ?>
<Defs>

<FactionDef ParentName="FactionBase">
    <defName>guy762_KotORFaction_OldRepublic</defName>
    <label>Republic Starfleet</label>
    <description>A growing Republic requires more and more resources to expand and improve the lives of its citizens, and far away on the lawless Rim, acquisition of those resources can only be guaranteed by the overwhelming force of the Republic Navy. Seeing the growing unrest on this critical world, a fleet of Republic warships has been dispatched to resolve this crisis in favor of the Republic. The Republic Starfleet won’t directly involve itself in the affairs of this planet, but will serve as a strong military presence to deter any outright coup against the ruling Planetary Militia. Its forces will generally remain in their planetside outposts, but will take swift action against any unknown element they deem a threat to their goals.</description>
    <pawnSingular>soldier</pawnSingular>
    <pawnsPlural>soldiers</pawnsPlural>
    <categoryTag>Empire</categoryTag>
    <settlementGenerationWeight>2</settlementGenerationWeight>
    <requiredCountAtGameStart>1</requiredCountAtGameStart>
    <maxConfigurableAtWorldCreation>9999</maxConfigurableAtWorldCreation>
	<listOrderPriority>762</listOrderPriority>
	<configurationListOrderPriority>762</configurationListOrderPriority>
    <maxCountAtGameStart>2</maxCountAtGameStart>
	<techLevel>Spacer</techLevel>
    <canMakeRandomly>true</canMakeRandomly>
    <canSiege>true</canSiege>
    <canStageAttacks>true</canStageAttacks>
	<hostileToFactionlessHumanlikes>false</hostileToFactionlessHumanlikes>
    <factionIconPath>World/OldRepublic</factionIconPath>
	<settlementTexturePath>World/WorldObjects/DefaultSettlement</settlementTexturePath>
	<allowedArrivalTemperatureRange>-40~65</allowedArrivalTemperatureRange>
    <colorSpectrum>
      <li>RGB(230,185,45)</li>
    </colorSpectrum>
    <permanentEnemy>false</permanentEnemy>
	<!--permanentEnemyToEveryoneExceptPlayer>true</permanentEnemyToEveryoneExceptPlayer-->
	
    <factionNameMaker>guy762_NamerFaction_ORStarfleet</factionNameMaker>
	<leaderTitle>admiral</leaderTitle>
    <settlementNameMaker>NamerSettlementEmpire</settlementNameMaker>
	<!--fixedLeaderKinds>
      <li>SE_sithlord</li>
    </fixedLeaderKinds-->
	
	<modExtensions>
      <li Class="VFECore.FactionDefExtension">
		<startingGoodwillByFactionDefs>
			<guy762_KotORFaction_OldRepublic>-25~0</guy762_KotORFaction_OldRepublic>
			<guy762_KotORFaction_SithRemnant>-100</guy762_KotORFaction_SithRemnant>
			
			<guy762_KotORFaction_Militia>50~100</guy762_KotORFaction_Militia>
			<guy762_KotORFaction_HuttCartel>-25~25</guy762_KotORFaction_HuttCartel>
			<guy762_KotORFaction_Czerka>0~100</guy762_KotORFaction_Czerka>
			<guy762_KotORFaction_Exchange>-100~50</guy762_KotORFaction_Exchange>
			
			<guy762_KotORFaction_MandoClan>-50~25</guy762_KotORFaction_MandoClan>
			<guy762_KotORFaction_Trandoshans>-100</guy762_KotORFaction_Trandoshans>
			<guy762_KotORFaction_MercGuild>-25~50</guy762_KotORFaction_MercGuild>
		</startingGoodwillByFactionDefs>
		<excludeFromCommConsole>false</excludeFromCommConsole>
		<hasCities>false</hasCities>
      </li>
    </modExtensions>
	
    <allowedCultures>
		<li>Sophian</li>
		<li>Astropolitan</li>
	</allowedCultures>
	
	<classicIdeo>true</classicIdeo>
	<disallowedPrecepts>
		<li MayRequire="Ludeon.RimWorld.Ideology">ApparelDesired_Strong_Subordinate</li>
		<li MayRequire="Ludeon.RimWorld.Ideology">ApparelDesired_Soft_Subordinate</li>
		<li MayRequire="Ludeon.RimWorld.Ideology">NobleDespisedWeapons</li>
	</disallowedPrecepts>
	

	

	
	<xenotypeSet Inherit="False">
	  <xenotypeChances>
		<Baseliner MayRequire="Ludeon.RimWorld.Biotech">0.5</Baseliner> <!--1.00 total-->
		<guy762_xenotype_cathar MayRequire="guy762.StarWarsXenotypes">0.01</guy762_xenotype_cathar>
		<guy762_xenotype_devaronian MayRequire="Ludeon.RimWorld.Biotech">0.02</guy762_xenotype_devaronian>
		<guy762_xenotype_duros MayRequire="Ludeon.RimWorld.Biotech">0.10</guy762_xenotype_duros>
		<guy762_xenotype_echani MayRequire="guy762.StarWarsXenotypes">0.03</guy762_xenotype_echani>
		<guy762_xenotype_iridonian MayRequire="Ludeon.RimWorld.Biotech">0.03</guy762_xenotype_iridonian>
		<guy762_xenotype_nautolan MayRequire="Ludeon.RimWorld.Biotech">0.03</guy762_xenotype_nautolan>
		<guy762_xenotype_rodian MayRequire="Ludeon.RimWorld.Biotech">0.01</guy762_xenotype_rodian>
		<guy762_xenotype_snivvian MayRequire="Ludeon.RimWorld.Biotech">0.02</guy762_xenotype_snivvian>
		<guy762_xenotype_sullustan MayRequire="Ludeon.RimWorld.Biotech">0.03</guy762_xenotype_sullustan>
		<guy762_xenotype_togruta MayRequire="guy762.StarWarsXenotypes">0.05</guy762_xenotype_togruta>
		<guy762_xenotype_twilek MayRequire="Ludeon.RimWorld.Biotech">0.07</guy762_xenotype_twilek>
		<guy762_xenotype_zabrak MayRequire="Ludeon.RimWorld.Biotech">0.10</guy762_xenotype_zabrak>
	  </xenotypeChances>
	</xenotypeSet>
		
    <backstoryFilters>
	  <li>
        <categories>
          <li>Offworld</li>
        </categories>
        <commonality>1</commonality>
      </li>
    </backstoryFilters>
	
	
	<!--caravanTraderKinds>
      <li>Caravan_Outlander_BulkGoods</li>
      <li>Caravan_Outlander_CombatSupplier</li>
      <li>Caravan_Outlander_Exotic</li>
      <li>Caravan_Outlander_PirateMerchant</li>
    </caravanTraderKinds>
    <visitorTraderKinds>
      <li>Visitor_Outlander_Standard</li>
    </visitorTraderKinds>
    <baseTraderKinds>
      <li>Base_Outlander_Standard</li>
    </baseTraderKinds-->
	
	
    <maxPawnCostPerTotalPointsCurve>
      <points>
        <li>(0,35)</li>
        <li>(70, 50)</li>
        <li>(700, 100)</li>
        <li>(1300, 150)</li>
        <li>(100000, 10000)</li>
      </points>
    </maxPawnCostPerTotalPointsCurve>
	
	<apparelStuffFilter>
      <thingDefs>
        <li>Synthread</li>
        <li>KOTOR_FabricArmorweave</li>
      </thingDefs>
    </apparelStuffFilter>
	
	
	
    <pawnGroupMakers>
	  
	  <li>
        <!-- skirmish -->
        <kindDef>Combat</kindDef>
        <commonality>75</commonality>
		<disallowedStrategies>
			<li>Siege</li>
			<li>ImmediateAttackSmart</li>
			<li>ImmediateAttackSappers</li>
			<li>ImmediateAttackBreaching</li>
			<li>ImmediateAttackBreachingSmart</li>
		</disallowedStrategies>
        <options>
          <RepFleet_soldier>50</RepFleet_soldier>
          <RepFleet_hvysoldier>25</RepFleet_hvysoldier>
		  <RepFleet_droid_MPDMkI>50</RepFleet_droid_MPDMkI>
          <RepFleet_droid_SentWD>25</RepFleet_droid_SentWD>
		  <RepFleet_medic>50</RepFleet_medic>
        </options>
      </li>
	  
	  <li>
        <!-- territory intrusion -->
        <kindDef>Combat</kindDef>
        <commonality>50</commonality>
		<disallowedStrategies>
			<li>ImmediateAttack</li>
			<li>ImmediateAttackSmart</li>
			<li>ImmediateAttackSappers</li>
			<li>ImmediateAttackBreaching</li>
			<li>ImmediateAttackBreachingSmart</li>
		</disallowedStrategies>
        <options>
		  <RepFleet_soldier>100</RepFleet_soldier>
          <RepFleet_hvysoldier>50</RepFleet_hvysoldier>
          <RepFleet_droid_SentWD>75</RepFleet_droid_SentWD>
		  <RepFleet_droid_ADMkIV>25</RepFleet_droid_ADMkIV>
		  <RepFleet_medic>50</RepFleet_medic>
		  <RepFleet_commando>10</RepFleet_commando>
        </options>
      </li>
	  
	  <li>
        <!-- assault -->
        <kindDef>Combat</kindDef>
        <commonality>25</commonality>
		<disallowedStrategies>
			<li>Siege</li>
			<li>StageThenAttack</li>
			<li>ImmediateAttack</li>
		</disallowedStrategies>
        <options>
          <RepFleet_soldier>100</RepFleet_soldier>
          <RepFleet_hvysoldier>50</RepFleet_hvysoldier>
          <RepFleet_droid_SentWD>75</RepFleet_droid_SentWD>
		  <RepFleet_droid_ADMkIV>25</RepFleet_droid_ADMkIV>
		  <RepFleet_medic>50</RepFleet_medic>
		  
          <RepFleet_commando>100</RepFleet_commando>
		  <RepFleet_saboteur>100</RepFleet_saboteur>
		  
		  <RepFleet_jediguardian>10</RepFleet_jediguardian>
		  <RepFleet_jedisentinel>10</RepFleet_jedisentinel>
		  <RepFleet_jediconsular>10</RepFleet_jediconsular>
        </options>
      </li>
	  
	  
	  <li>
        <!-- diversionary raid -->
        <kindDef>Combat</kindDef>
        <commonality>10</commonality>
		<disallowedStrategies>
			<li>Siege</li>
			<li>StageThenAttack</li>
			<li>ImmediateAttack</li>
			<li>ImmediateAttackBreaching</li>
		</disallowedStrategies>
        <options>
          <RepFleet_soldier>25</RepFleet_soldier>
		  <RepFleet_droid_SentWD>100</RepFleet_droid_SentWD>
		  <RepFleet_droid_ADMkIV>50</RepFleet_droid_ADMkIV>
		  
		  <RepFleet_commando>100</RepFleet_commando>
		  <RepFleet_saboteur>100</RepFleet_saboteur>
        </options>
      </li>
	  
    </pawnGroupMakers>
	
  </FactionDef>
  

  <RulePackDef>
    <defName>guy762_NamerFaction_OR_files</defName>
    <rulePack>
      <rulesFiles>
		<li>SWORFN_SmallPlanet->Names/SWfactionnames_RepublicSmallPlanets</li>
		<li>SWORFN_BigPlanet->Names/SWfactionnames_RepublicBigPlanets</li>
		<li>SWORFN_AnyPlanet->Names/SWfactionnames_RepublicPlanets</li>
		<li>SWORFN_BigFleetNumber->Names/SWfactionnames_FleetNumbersBig</li>
		<li>SWORFN_SmallFleetNumber->Names/SWfactionnames_FleetNumbersSmall</li>
	  </rulesFiles>
    </rulePack>
  </RulePackDef>
  
  <RulePackDef>
    <defName>guy762_NamerFaction_ORStarfleet</defName>
    <include>
		<li>guy762_NamerFaction_OR_files</li>
	</include>
	<rulePack>
	  <rulesStrings>
		<li>r_name(p=6)->[SWORFN_SmallFleetNumber] [SWORFN_SmallPlanet] [starfleet]</li>
		<li>r_name(p=12)->[SWORFN_BigFleetNumber] [SWORFN_BigPlanet] [starfleet]</li>
		
		<li>starfleet->Starfleet</li>
      </rulesStrings>
    </rulePack>
  </RulePackDef>
</Defs>