<?xml version="1.0" encoding="utf-8" ?>
<Defs>
			
	
	
	  <ThingDef MayRequire="Ludeon.RimWorld.Biotech" ParentName="MoteBase">
		<defName>guy762_Mote_BlasterBeam</defName>
		<thingClass>MoteDualAttached</thingClass>
		<altitudeLayer>MoteOverhead</altitudeLayer>
		<mote>
		  <fadeInTime>0.2</fadeInTime>
		  <fadeOutTime>0.3</fadeOutTime>
		  <solidTime>999999</solidTime>
		  <needsMaintenance>True</needsMaintenance>
		  <rotateTowardsTarget>True</rotateTowardsTarget>
		  <scaleToConnectTargets>True</scaleToConnectTargets>
		  <fadeOutUnmaintained>True</fadeOutUnmaintained>
		</mote>
		<drawOffscreen>true</drawOffscreen>
		<graphicData>
		  <texPath>Weapons/Projectiles/beam_red</texPath>
		  <graphicClass>Graphic_MoteWithAgeSecs</graphicClass>
		  <shaderType>MoteBeam</shaderType>
		  <shaderParameters>
			<_ExtraTexA>/Things/Mote/BeamSecondaryNoise_A</_ExtraTexA>
			<_ExtraTexB>/Things/Mote/BeamSecondaryNoise_B</_ExtraTexB>
			<_ScrollSpeedA>-4 </_ScrollSpeedA>
			<_ScrollSpeedB>3</_ScrollSpeedB>
			<_Intensity>2</_Intensity>
		  </shaderParameters>
		</graphicData>
	  </ThingDef>
  
  <ThingDef MayRequire="Ludeon.RimWorld.Biotech" ParentName="MoteBase">
    <defName>guy762_Mote_IonBeam</defName>
    <thingClass>MoteDualAttached</thingClass>
    <altitudeLayer>MoteOverhead</altitudeLayer>
    <mote>
      <fadeInTime>0.2</fadeInTime>
      <fadeOutTime>0.3</fadeOutTime>
      <solidTime>999999</solidTime>
      <needsMaintenance>True</needsMaintenance>
      <rotateTowardsTarget>True</rotateTowardsTarget>
      <scaleToConnectTargets>True</scaleToConnectTargets>
      <fadeOutUnmaintained>True</fadeOutUnmaintained>
    </mote>
    <drawOffscreen>true</drawOffscreen>
    <graphicData>
      <texPath>Weapons/Projectiles/beam_blue</texPath>
      <graphicClass>Graphic_MoteWithAgeSecs</graphicClass>
      <shaderType>MoteBeam</shaderType>
      <shaderParameters>
        <_ExtraTexA>/Things/Mote/BeamSecondaryNoise_A</_ExtraTexA>
        <_ExtraTexB>/Things/Mote/BeamSecondaryNoise_B</_ExtraTexB>
        <_ScrollSpeedA>-4 </_ScrollSpeedA>
        <_ScrollSpeedB>3</_ScrollSpeedB>
        <_Intensity>2</_Intensity>
      </shaderParameters>
    </graphicData>
  </ThingDef>
  
  <ThingDef MayRequire="Ludeon.RimWorld.Biotech" ParentName="MoteBase">
    <defName>guy762_Mote_DisruptorBeam</defName>
    <thingClass>MoteDualAttached</thingClass>
    <altitudeLayer>MoteOverhead</altitudeLayer>
    <mote>
      <fadeInTime>0.2</fadeInTime>
      <fadeOutTime>0.3</fadeOutTime>
      <solidTime>999999</solidTime>
      <needsMaintenance>True</needsMaintenance>
      <rotateTowardsTarget>True</rotateTowardsTarget>
      <scaleToConnectTargets>True</scaleToConnectTargets>
      <fadeOutUnmaintained>True</fadeOutUnmaintained>
    </mote>
    <drawOffscreen>true</drawOffscreen>
    <graphicData>
      <texPath>Weapons/Projectiles/beam_yellow</texPath>
      <graphicClass>Graphic_MoteWithAgeSecs</graphicClass>
      <shaderType>MoteBeam</shaderType>
      <shaderParameters>
        <_ExtraTexA>/Things/Mote/BeamSecondaryNoise_A</_ExtraTexA>
        <_ExtraTexB>/Things/Mote/BeamSecondaryNoise_B</_ExtraTexB>
        <_ScrollSpeedA>-4 </_ScrollSpeedA>
        <_ScrollSpeedB>3</_ScrollSpeedB>
        <_Intensity>2</_Intensity>
      </shaderParameters>
    </graphicData>
  </ThingDef>
  
  <ThingDef MayRequire="Ludeon.RimWorld.Biotech" ParentName="MoteBase">
    <defName>guy762_Mote_StunBeam</defName>
    <thingClass>MoteDualAttached</thingClass>
    <altitudeLayer>MoteOverhead</altitudeLayer>
    <mote>
      <fadeInTime>0.2</fadeInTime>
      <fadeOutTime>0.3</fadeOutTime>
      <solidTime>999999</solidTime>
      <needsMaintenance>True</needsMaintenance>
      <rotateTowardsTarget>True</rotateTowardsTarget>
      <scaleToConnectTargets>True</scaleToConnectTargets>
      <fadeOutUnmaintained>True</fadeOutUnmaintained>
    </mote>
    <drawOffscreen>true</drawOffscreen>
    <graphicData>
      <texPath>Weapons/Projectiles/beam_orange</texPath>
      <graphicClass>Graphic_MoteWithAgeSecs</graphicClass>
      <shaderType>MoteBeam</shaderType>
      <shaderParameters>
        <_ExtraTexA>/Things/Mote/BeamSecondaryNoise_A</_ExtraTexA>
        <_ExtraTexB>/Things/Mote/BeamSecondaryNoise_B</_ExtraTexB>
        <_ScrollSpeedA>-4 </_ScrollSpeedA>
        <_ScrollSpeedB>3</_ScrollSpeedB>
        <_Intensity>2</_Intensity>
      </shaderParameters>
    </graphicData>
  </ThingDef>
  
  <ThingDef MayRequire="Ludeon.RimWorld.Biotech" ParentName="MoteBase">
    <defName>guy762_Mote_RadiationBeam</defName>
    <thingClass>MoteDualAttached</thingClass>
    <altitudeLayer>MoteOverhead</altitudeLayer>
    <mote>
      <fadeInTime>0.2</fadeInTime>
      <fadeOutTime>0.3</fadeOutTime>
      <solidTime>999999</solidTime>
      <needsMaintenance>True</needsMaintenance>
      <rotateTowardsTarget>True</rotateTowardsTarget>
      <scaleToConnectTargets>True</scaleToConnectTargets>
      <fadeOutUnmaintained>True</fadeOutUnmaintained>
    </mote>
    <drawOffscreen>true</drawOffscreen>
    <graphicData>
      <texPath>Weapons/Projectiles/beam_jade</texPath>
      <graphicClass>Graphic_MoteWithAgeSecs</graphicClass>
      <shaderType>MoteBeam</shaderType>
      <shaderParameters>
        <_ExtraTexA>/Things/Mote/BeamSecondaryNoise_A</_ExtraTexA>
        <_ExtraTexB>/Things/Mote/BeamSecondaryNoise_B</_ExtraTexB>
        <_ScrollSpeedA>-4 </_ScrollSpeedA>
        <_ScrollSpeedB>3</_ScrollSpeedB>
        <_Intensity>2</_Intensity>
      </shaderParameters>
    </graphicData>
  </ThingDef>
  
  <ThingDef MayRequire="Ludeon.RimWorld.Biotech" ParentName="MoteBase">
    <defName>guy762_Mote_ShockBeam</defName>
    <thingClass>MoteDualAttached</thingClass>
    <altitudeLayer>MoteOverhead</altitudeLayer>
    <mote>
      <fadeInTime>0.2</fadeInTime>
      <fadeOutTime>0.3</fadeOutTime>
      <solidTime>999999</solidTime>
      <needsMaintenance>True</needsMaintenance>
      <rotateTowardsTarget>True</rotateTowardsTarget>
      <scaleToConnectTargets>True</scaleToConnectTargets>
      <fadeOutUnmaintained>True</fadeOutUnmaintained>
    </mote>
    <drawOffscreen>true</drawOffscreen>
    <graphicData>
      <texPath>Weapons/Projectiles/zapbeam_blue</texPath>
      <graphicClass>Graphic_MoteWithAgeSecs</graphicClass>
      <shaderType>MoteBeam</shaderType>
      <shaderParameters>
        <_ExtraTexA>/Things/Mote/BeamSecondaryNoise_A</_ExtraTexA>
        <_ExtraTexB>/Things/Mote/BeamSecondaryNoise_B</_ExtraTexB>
        <_ScrollSpeedA>-4 </_ScrollSpeedA>
        <_ScrollSpeedB>3</_ScrollSpeedB>
        <_Intensity>2</_Intensity>
      </shaderParameters>
    </graphicData>
  </ThingDef>
  

</Defs>