<?xml version="1.0" encoding="utf-8" ?>
<Defs>
	
	<!-- Bases ================================================================ -->
	<ThingDef Name="KOTOR_RawMetal" ParentName="ResourceBase" Abstract="True">
		<graphicData>
			<texPath>raw_resources/raw_metal</texPath>
			<graphicClass>Graphic_Single</graphicClass>
		</graphicData>
		<soundInteract>Metal_Drop</soundInteract>
		<soundDrop>Metal_Drop</soundDrop>
		<socialPropernessMatters>true</socialPropernessMatters>
		<statBases>
			<Beauty>-3</Beauty>
			<Mass>0</Mass>
		</statBases>
		<useHitPoints>false</useHitPoints>
		<thingCategories>
			<li>ResourcesRaw</li>
		</thingCategories>
	</ThingDef>
	
	<ThingDef Name="KOTOR_Metal" ParentName="ResourceBase" Abstract="True">
		<graphicData>
			<texPath>raw_resources/metal_ingot</texPath>
			<graphicClass>Graphic_Single</graphicClass>
		</graphicData>
		<soundInteract>Metal_Drop</soundInteract>
		<soundDrop>Metal_Drop</soundDrop>
		<socialPropernessMatters>true</socialPropernessMatters>
		<statBases>
			<Beauty>-1</Beauty>
			<Mass>0</Mass>
		</statBases>
		<useHitPoints>false</useHitPoints>
		<thingCategories>
			<li>ResourcesRaw</li>
		</thingCategories>
		<stuffProps>
		  <categories>
			<li>Metallic</li>
		  </categories>
		  <appearance>Metal</appearance>
		  <constructEffect>ConstructMetal</constructEffect>
		  <soundImpactStuff>BulletImpact_Metal</soundImpactStuff>
		  <soundMeleeHitSharp>MeleeHit_Metal_Sharp</soundMeleeHitSharp>
		  <soundMeleeHitBlunt>MeleeHit_Metal_Blunt</soundMeleeHitBlunt>
		</stuffProps>
	</ThingDef>
	
	<ThingDef Name="KOTOR_Mineable" ParentName="RockBase" Abstract="True">
		<graphicData>
			<texPath>Things/Building/Linked/RockFlecked_Atlas</texPath>
			<graphicClass>Graphic_Single</graphicClass>
			<shaderType>CutoutComplex</shaderType>
		</graphicData>
		<building>
			<isResourceRock>true</isResourceRock>
		</building>
	</ThingDef>
	
	<!-- Cortosis ================================================================ -->
	<!-- Ore -->
	<ThingDef ParentName="KOTOR_Mineable">
		<defName>KOTOR_MineableCortosis</defName>
		<label>Cortosis deposit</label>
		<description>A deposit of rare energy resistant Cortosis</description>
		<graphicData>
			<color>(60,56,63)</color>
			<colorTwo>(54,41,66)</colorTwo>
		</graphicData>
		<statBases>
			<MaxHitPoints>1500</MaxHitPoints>
		</statBases>
		<building>
			<mineableThing>KOTOR_RawCortosis</mineableThing>
			<mineableYield>40</mineableYield>
			<mineableScatterCommonality>0.065</mineableScatterCommonality>
			<mineableScatterLumpSizeRange>2~3</mineableScatterLumpSizeRange>
		</building>
	</ThingDef>
	
	<!-- Raw -->
	<ThingDef ParentName="KOTOR_RawMetal">
		<defName>KOTOR_RawCortosis</defName>
		<label>unrefined Cortosis</label>
		<description>While one of the most energy-resistant materials in the galaxy, Cortosis is essentially useless in this raw and impure form, and must be refined at a plasma forge.</description>
		<descriptionHyperlinks>
			<ThingDef>kotor_PlasmaFurnace</ThingDef>
		</descriptionHyperlinks>
		<graphicData>
			<color>(54,41,66)</color>
		</graphicData>
		<statBases>
			<MarketValue>15</MarketValue>
			<Mass>0.4</Mass>
			<Flammability>0</Flammability>
			<DeteriorationRate>0</DeteriorationRate>
		</statBases>
	</ThingDef>
	
	<!-- Refined -->
	<ThingDef ParentName="KOTOR_Metal">
		<defName>KOTOR_IngotCortosis</defName>
		<label>Cortosis</label>
		<description>Cortosis is a metal that has a very high energy absorption rate and transmission coefficients, which allows even the energy of a blaster bolt to be dissipated upon contact. One of the strongest minerals in the galaxy, cortosis can even withstand the blow of a lightsaber.</description>
		<graphicData>
			<texPath>raw_resources/plasteel_blank</texPath>
			<graphicClass>Graphic_StackCount</graphicClass>
			<color>(54,41,66)</color>
		</graphicData>
		<statBases>
			<MarketValue>25</MarketValue>
			<Mass>0.4</Mass>
			<Flammability>0</Flammability>
			<DeteriorationRate>0</DeteriorationRate>
			
			<StuffPower_Armor_Sharp>0.4</StuffPower_Armor_Sharp>
			<StuffPower_Armor_Blunt>0.4</StuffPower_Armor_Blunt>
			<StuffPower_Armor_Heat>1.6</StuffPower_Armor_Heat>
			<StuffPower_Insulation_Cold>0</StuffPower_Insulation_Cold>
			<StuffPower_Insulation_Heat>0</StuffPower_Insulation_Heat>
			<SharpDamageMultiplier>1</SharpDamageMultiplier>
			<BluntDamageMultiplier>0.7</BluntDamageMultiplier>
		</statBases>
		<stuffProps>
			<color>(54,41,66)</color>
			<commonality>0</commonality>
			<statFactors>
				<MaxHitPoints>0.85</MaxHitPoints>
				<Beauty>0.75</Beauty>
				<Flammability>0</Flammability>
				<WorkToMake>1</WorkToMake>
				<WorkToBuild>1</WorkToBuild>
				<MeleeWeapon_CooldownMultiplier>1</MeleeWeapon_CooldownMultiplier>
			</statFactors>
		</stuffProps>
		<tradeTags>
		  <li>guy762TT_KotORRawMat_rare</li>
		</tradeTags>
	</ThingDef>
	
	<!-- Recipe -->
	<RecipeDef>
		<defName>kotor_IngotCortosis_recipe</defName>
		<label>smelt Cortosis</label>
		<description>smelt a Cortosis sheet.</description>
		<jobString>Smelting a Cortosis sheet.</jobString>
		<workSkill>Crafting</workSkill>
		<workSpeedStat>SmeltingSpeed</workSpeedStat>
		<effectWorking>Smelt</effectWorking>
		<soundWorking>Recipe_Smelt</soundWorking>
		<workAmount>6400</workAmount>
		<ingredients>
			<li>
				<filter>
					<thingDefs>
						<li>KOTOR_RawCortosis</li>
					</thingDefs>
				</filter>
				<count>4</count>
			</li>
		</ingredients>
		<fixedIngredientFilter>
			<thingDefs>
				<li>KOTOR_RawCortosis</li>
			</thingDefs>
		</fixedIngredientFilter>
		<products>
			<KOTOR_IngotCortosis>1</KOTOR_IngotCortosis>
		</products>
		<skillRequirements>
			<Crafting>14</Crafting>
		</skillRequirements>
		<displayPriority>10</displayPriority>
		<recipeUsers>
			<li>kotor_PlasmaFurnace</li>
		</recipeUsers>
	</RecipeDef>
	
	<RecipeDef>
		<defName>kotor_IngotCortosis_10xrecipe</defName>
		<label>smelt 10 Cortosis</label>
		<description>smelt 10 Cortosis sheets.</description>
		<jobString>Smelting 10 Cortosis sheets.</jobString>
		<workSkill>Crafting</workSkill>
		<workSpeedStat>SmeltingSpeed</workSpeedStat>
		<effectWorking>Smelt</effectWorking>
		<soundWorking>Recipe_Smelt</soundWorking>
		<workAmount>64000</workAmount>
		<ingredients>
			<li>
				<filter>
					<thingDefs>
						<li>KOTOR_RawCortosis</li>
					</thingDefs>
				</filter>
				<count>40</count>
			</li>
		</ingredients>
		<fixedIngredientFilter>
			<thingDefs>
				<li>KOTOR_RawCortosis</li>
			</thingDefs>
		</fixedIngredientFilter>
		<products>
			<KOTOR_IngotCortosis>10</KOTOR_IngotCortosis>
		</products>
		<skillRequirements>
			<Crafting>14</Crafting>
		</skillRequirements>
		<displayPriority>10</displayPriority>
		<recipeUsers>
			<li>kotor_PlasmaFurnace</li>
		</recipeUsers>
	</RecipeDef>
	
	<!-- Beskar ================================================================ -->
	<!-- Ore -->
	<ThingDef ParentName="KOTOR_Mineable">
		<defName>KOTOR_MineableBeskar</defName>
		<label>Mandalorian Iron deposit</label>
		<description>A deposit of rare Mandalorian iron.</description>
		<graphicData>
			<color>(70,80,90)</color>
			<colorTwo>(190,200,210)</colorTwo>
		</graphicData>
		<statBases>
			<MaxHitPoints>10000</MaxHitPoints>
		</statBases>
		<building>
			<mineableThing>KOTOR_RawBeskar</mineableThing>
			<mineableYield>40</mineableYield>
			<mineableScatterCommonality>0.001</mineableScatterCommonality>
			<mineableScatterLumpSizeRange>5~10</mineableScatterLumpSizeRange>
		</building>
	</ThingDef>
	
	<!-- Raw -->
	<ThingDef ParentName="KOTOR_RawMetal">
		<defName>KOTOR_RawBeskar</defName>
		<label>Mandalorian Iron</label>
		<description>Beskar, also known as Mandalorian iron or Mandalorian steel, was an alloy used in Mandalorian armor, notable for its high tolerance to extreme forms of damage. In its purest forms, the metal was durable enough to withstand a direct blaster shot and could repel lightsaber strikes.</description>
		<descriptionHyperlinks>
			<ThingDef>kotor_PlasmaFurnace</ThingDef>
		</descriptionHyperlinks>
		<graphicData>
			<color>(190,200,210)</color>
		</graphicData>
		<statBases>
			<MarketValue>20</MarketValue>
			<Mass>0.4</Mass>
			<Flammability>0</Flammability>
			<DeteriorationRate>0</DeteriorationRate>
		</statBases>
	</ThingDef>
	
	<!-- Refined -->
	<ThingDef ParentName="KOTOR_Metal">
		<defName>KOTOR_IngotBeskar</defName>
		<label>Beskar</label>
		<description>Beskar, also known as Mandalorian iron or Mandalorian steel, was an alloy used in Mandalorian armor, notable for its high tolerance to extreme forms of damage. In its purest forms, the metal was durable enough to withstand a direct blaster shot and could repel lightsaber strikes.</description>
		<graphicData>
			<color>(190,200,210)</color>
		</graphicData>
		<statBases>
			<MarketValue>40</MarketValue>
			<Mass>2</Mass>
			<Flammability>0</Flammability>
			<DeteriorationRate>0</DeteriorationRate>
			
			<StuffPower_Armor_Sharp>1.2</StuffPower_Armor_Sharp>
			<StuffPower_Armor_Blunt>1.0</StuffPower_Armor_Blunt>
			<StuffPower_Armor_Heat>1.5</StuffPower_Armor_Heat>
			<StuffPower_Insulation_Cold>0</StuffPower_Insulation_Cold>
			<StuffPower_Insulation_Heat>0</StuffPower_Insulation_Heat>
			<SharpDamageMultiplier>1.5</SharpDamageMultiplier>
			<BluntDamageMultiplier>1.3</BluntDamageMultiplier>
		</statBases>
		<stuffProps>
			<color>(190,200,210)</color>
			<commonality>0</commonality>
			<statFactors>
				<MaxHitPoints>3</MaxHitPoints>
				<Beauty>0.85</Beauty>
				<Flammability>0</Flammability>
				<WorkToMake>1.2</WorkToMake>
				<WorkToBuild>1.2</WorkToBuild>
				<MeleeWeapon_CooldownMultiplier>1.2</MeleeWeapon_CooldownMultiplier>
				<MeleeWeapon_AverageArmorPenetration>5</MeleeWeapon_AverageArmorPenetration>
			</statFactors>
		</stuffProps>
		<tradeTags>
		  <li>guy762TT_KotORRawMat_rare</li>
		</tradeTags>
	</ThingDef>
	
	<!-- Recipe -->
	<RecipeDef>
		<defName>kotor_IngotBeskar_recipe</defName>
		<label>smelt Beskar</label>
		<description>smelt a Beskar ingot.</description>
		<jobString>Smelting a Beskar ingot.</jobString>
		<workSkill>Crafting</workSkill>
		<workSpeedStat>SmeltingSpeed</workSpeedStat>
		<effectWorking>Smelt</effectWorking>
		<soundWorking>Recipe_Smelt</soundWorking>
		<workAmount>7500</workAmount>
		<ingredients>
			<li>
				<filter>
					<thingDefs>
						<li>KOTOR_RawBeskar</li>
					</thingDefs>
				</filter>
				<count>5</count>
			</li>
		</ingredients>
		<fixedIngredientFilter>
			<thingDefs>
				<li>KOTOR_RawBeskar</li>
			</thingDefs>
		</fixedIngredientFilter>
		<products>
			<KOTOR_IngotBeskar>1</KOTOR_IngotBeskar>
		</products>
		<researchPrerequisite>guy762_ResearchKotOR_mando</researchPrerequisite>
		<skillRequirements>
			<Crafting>16</Crafting>
		</skillRequirements>
		<displayPriority>10</displayPriority>
		<recipeUsers>
			<li>kotor_PlasmaFurnace</li>
		</recipeUsers>
	</RecipeDef>
	
	<RecipeDef>
		<defName>kotor_IngotBeskar_10xrecipe</defName>
		<label>smelt 10 Beskar</label>
		<description>smelt 10 Beskar ingots.</description>
		<jobString>Smelting 10 Beskar ingots.</jobString>
		<workSkill>Crafting</workSkill>
		<workSpeedStat>SmeltingSpeed</workSpeedStat>
		<effectWorking>Smelt</effectWorking>
		<soundWorking>Recipe_Smelt</soundWorking>
		<workAmount>75000</workAmount>
		<ingredients>
			<li>
				<filter>
					<thingDefs>
						<li>KOTOR_RawBeskar</li>
					</thingDefs>
				</filter>
				<count>50</count>
			</li>
		</ingredients>
		<fixedIngredientFilter>
			<thingDefs>
				<li>KOTOR_RawBeskar</li>
			</thingDefs>
		</fixedIngredientFilter>
		<products>
			<KOTOR_IngotBeskar>10</KOTOR_IngotBeskar>
		</products>
		<researchPrerequisite>guy762_ResearchKotOR_mando</researchPrerequisite>
		<skillRequirements>
			<Crafting>16</Crafting>
		</skillRequirements>
		<displayPriority>10</displayPriority>
		<recipeUsers>
			<li>kotor_PlasmaFurnace</li>
		</recipeUsers>
	</RecipeDef>
	
	
	
	
	
	
	
	
	
	
	
	
	
	
	
	<RecipeDef>
		<defName>kotor_Plasteel_recipe</defName>
		<label>smelt 5 Plasteel</label>
		<description>smelt 5 Plasteel sheets.</description>
		<jobString>Smelting 5 Plasteel sheets.</jobString>
		<workSkill>Crafting</workSkill>
		<workSpeedStat>SmeltingSpeed</workSpeedStat>
		<effectWorking>Smelt</effectWorking>
		<soundWorking>Recipe_Smelt</soundWorking>
		<workAmount>3200</workAmount>
		<ingredients>
			<li>
				<filter>
					<thingDefs>
						<li>Chemfuel</li>
					</thingDefs>
				</filter>
				<count>25</count>
			</li>
			<li>
				<filter>
					<thingDefs>
						<li>Steel</li>
					</thingDefs>
				</filter>
				<count>5</count>
			</li>
		</ingredients>
		<fixedIngredientFilter>
			<thingDefs>
				<li>Steel</li>
				<li>Chemfuel</li>
			</thingDefs>
		</fixedIngredientFilter>
		<products>
			<Plasteel>5</Plasteel>
		</products>
		<skillRequirements>
			<Crafting>12</Crafting>
		</skillRequirements>
		<displayPriority>10</displayPriority>
		<recipeUsers>
			<li>kotor_PlasmaFurnace</li>
		</recipeUsers>
	</RecipeDef>
	
	<RecipeDef>
		<defName>kotor_Plasteel_10xrecipe</defName>
		<label>smelt 50 Plasteel</label>
		<description>smelt 50 Plasteel sheets.</description>
		<jobString>Smelting 50 Plasteel sheets.</jobString>
		<workSkill>Crafting</workSkill>
		<workSpeedStat>SmeltingSpeed</workSpeedStat>
		<effectWorking>Smelt</effectWorking>
		<soundWorking>Recipe_Smelt</soundWorking>
		<workAmount>32000</workAmount>
		<ingredients>
			<li>
				<filter>
					<thingDefs>
						<li>Chemfuel</li>
					</thingDefs>
				</filter>
				<count>250</count>
			</li>
			<li>
				<filter>
					<thingDefs>
						<li>Steel</li>
					</thingDefs>
				</filter>
				<count>50</count>
			</li>
		</ingredients>
		<fixedIngredientFilter>
			<thingDefs>
				<li>Steel</li>
				<li>Chemfuel</li>
			</thingDefs>
		</fixedIngredientFilter>
		<products>
			<Plasteel>50</Plasteel>
		</products>
		<skillRequirements>
			<Crafting>12</Crafting>
		</skillRequirements>
		<displayPriority>10</displayPriority>
		<recipeUsers>
			<li>kotor_PlasmaFurnace</li>
		</recipeUsers>
	</RecipeDef>
	
	
	
	
	
	
	
	
	
	
	
	
	
	
	
	
	
	<ThingDef ParentName="KOTOR_Mineable">
		<defName>KOTOR_MineableDurasteel</defName>
		<label>Compacted Durasteel</label>
		<description>Ancient compacted rubble rich in Durasteel.</description>
		<graphicData Inherit="False">
			<texPath>raw_resources/compacted_metal</texPath>
			<graphicClass>Graphic_Single</graphicClass>
			<color>(115,125,120)</color>
			<linkType>CornerFiller</linkType>
			  <linkFlags>
				<li>Rock</li>
				<li>MapEdge</li>
			  </linkFlags>
		</graphicData>
		<statBases>
			<MaxHitPoints>2500</MaxHitPoints>
		</statBases>
		<building>
			<mineableThing>KotORChunk_durasteel</mineableThing>
			<mineableYield>1</mineableYield>
			<mineableScatterCommonality>0.25</mineableScatterCommonality>
			<mineableScatterLumpSizeRange>10~25</mineableScatterLumpSizeRange>
		</building>
	</ThingDef>
	
	<ThingDef ParentName="KOTOR_Metal">
		<defName>KOTOR_AlloyDurasteel</defName>
		<label>Durasteel</label>
		<description>The most common alloy in the galaxy, Durasteel is used for everything from household appliances to military armor.</description>
		<graphicData>
			<color>(115,125,120)</color>
		</graphicData>
		<statBases>
			<MarketValue>5</MarketValue>
			<Mass>0.675</Mass>
			<Flammability>0</Flammability>
			<DeteriorationRate>0</DeteriorationRate>
			
			<StuffPower_Armor_Sharp>0.8</StuffPower_Armor_Sharp>
			<StuffPower_Armor_Blunt>0.6</StuffPower_Armor_Blunt>
			<StuffPower_Armor_Heat>1</StuffPower_Armor_Heat>
			<StuffPower_Insulation_Cold>1.25</StuffPower_Insulation_Cold>
			<StuffPower_Insulation_Heat>1.25</StuffPower_Insulation_Heat>
			<SharpDamageMultiplier>1</SharpDamageMultiplier>
			<BluntDamageMultiplier>1.2</BluntDamageMultiplier>
		</statBases>
		<stuffProps>
			<color>(115,125,120)</color>
			<commonality>0.75</commonality>
			<statFactors>
				<MaxHitPoints>1.5</MaxHitPoints>
				<Beauty>0.5</Beauty>
				<Flammability>0</Flammability>
				<WorkToMake>1</WorkToMake>
				<WorkToBuild>1</WorkToBuild>
				<MeleeWeapon_CooldownMultiplier>1</MeleeWeapon_CooldownMultiplier>
			</statFactors>
		</stuffProps>
		<tradeTags>
		  <li>guy762TT_KotORRawMat_common</li>
		</tradeTags>
	</ThingDef>
	
	<ThingDef ParentName="ChunkBase">
		<defName>KotORChunk_durasteel</defName>
		<label>Durasteel slag chunk</label>
		<description>A chunk of Durasteel slag. While it's useless in its current form, it can be smelted to recover Durasteel.</description>
		<graphicData>
		  <texPath>raw_resources/slag_blank</texPath>
		  <graphicClass>Graphic_Random</graphicClass>
		  <color>(115,125,120)</color>
		</graphicData>
		<statBases>
		  <MarketValue>65</MarketValue>
		  <Mass>12</Mass>
		</statBases>
		<tradeability>Buyable</tradeability>
		<soundDrop>ChunkSlag_Drop</soundDrop>
		<thingCategories>
		  <li>Chunks</li>
		</thingCategories>
		<smeltable>true</smeltable>
		<smeltProducts>
		  <KOTOR_AlloyDurasteel>15</KOTOR_AlloyDurasteel>
		</smeltProducts>
		<tradeTags>
		  <li>guy762TT_KotORSalvage</li>
		</tradeTags>
	  </ThingDef>
	  
	  
	  
	  
	  <ThingDef ParentName="BuildingBase">
		<defName>ShipChunk_durasteel</defName>
		<label>ship chunk</label>
		<description>A chunk of a military spacecraft. It seems to have been torn off either by uncontrolled re-entry forces or some kind of weapon.\n\nHaving landed not long ago, it still contains useful resources which you can acquire by deconstructing it.</description>
		<category>Building</category>
		<graphicData>
		  <texPath>Buildings/shipchunk_blank</texPath>
		  <color>(115,125,120)</color>
		  <graphicClass>Graphic_Random</graphicClass>
		  <drawSize>(2,2)</drawSize>
		  <damageData>
			<rect>(0.1,0.1,1.8,1.8)</rect>
		  </damageData>
		  <shadowData>
			<volume>(1.39,0.5,1.25)</volume>
		  </shadowData>
		</graphicData>
		<altitudeLayer>Building</altitudeLayer>
		<pathCost>42</pathCost>
		<blockWind>true</blockWind>
		<passability>PassThroughOnly</passability>
		<fillPercent>0.50</fillPercent>
		<size>(2,2)</size>
		<statBases>
		  <MaxHitPoints>750</MaxHitPoints>
		  <Flammability>0</Flammability>
		  <Beauty>-20</Beauty>
		  <WorkToBuild>24000</WorkToBuild>
		</statBases>
		<leaveResourcesWhenKilled>false</leaveResourcesWhenKilled>
		<killedLeavings>
		  <KotORChunk_durasteel>2</KotORChunk_durasteel>
		  <ComponentIndustrial>1</ComponentIndustrial>
		</killedLeavings>
		<costList>
		  <ComponentIndustrial>11</ComponentIndustrial>
		  <Plasteel>20</Plasteel>
		  <KOTOR_AlloyDurasteel>40</KOTOR_AlloyDurasteel>
		</costList>
		<building>
		  <claimable>false</claimable>
		  <alwaysDeconstructible>true</alwaysDeconstructible>
		</building>
		<selectable>true</selectable>
		<soundImpactDefault>BulletImpact_Metal</soundImpactDefault>
		<drawerType>MapMeshOnly</drawerType>
		<repairEffect>ConstructMetal</repairEffect>
	  </ThingDef>
	
	<!-- Recipe -->
	<RecipeDef>
		<defName>KotORRecipe_DurasteelFromSlag</defName>
		<label>smelt Durasteel from slag</label>
		<description>smelt 15 Durasteel from slag.</description>
		<jobString>Smelting Durasteel from slag.</jobString>
		<workSkill>Crafting</workSkill>
		<workSpeedStat>SmeltingSpeed</workSpeedStat>
		<effectWorking>Smelt</effectWorking>
		<soundWorking>Recipe_Smelt</soundWorking>
		<workAmount>800</workAmount>
		<ingredients>
			<li>
				<filter>
					<thingDefs>
						<li>KotORChunk_durasteel</li>
					</thingDefs>
				</filter>
				<count>1</count>
			</li>
		</ingredients>
		<fixedIngredientFilter>
			<thingDefs>
				<li>KotORChunk_durasteel</li>
			</thingDefs>
		</fixedIngredientFilter>
		<products>
			<KOTOR_AlloyDurasteel>15</KOTOR_AlloyDurasteel>
		</products>
		<skillRequirements>
			<Crafting>5</Crafting>
		</skillRequirements>
		<displayPriority>10</displayPriority>
		<recipeUsers>
			<li>kotor_PlasmaFurnace</li>
		</recipeUsers>
	</RecipeDef>
	
	<RecipeDef>
		<defName>kotor_IngotDurasteel_recipe</defName>
		<label>smelt 5 Durasteel</label>
		<description>smelt 5 Durasteel ingots.</description>
		<jobString>Smelting 5 Durasteel ingots.</jobString>
		<workSkill>Crafting</workSkill>
		<workSpeedStat>SmeltingSpeed</workSpeedStat>
		<effectWorking>Smelt</effectWorking>
		<soundWorking>Recipe_Smelt</soundWorking>
		<workAmount>2500</workAmount>
		<ingredients>
			<li>
				<filter>
					<thingDefs>
						<li>Steel</li>
					</thingDefs>
				</filter>
				<count>5</count>
			</li>
			<li>
				<filter>
					<thingDefs>
						<li>Uranium</li>
					</thingDefs>
				</filter>
				<count>1</count>
			</li>
		</ingredients>
		<fixedIngredientFilter>
			<thingDefs>
				<li>Steel</li>
				<li>Uranium</li>
			</thingDefs>
		</fixedIngredientFilter>
		<products>
			<KOTOR_AlloyDurasteel>5</KOTOR_AlloyDurasteel>
		</products>
		<skillRequirements>
			<Crafting>8</Crafting>
		</skillRequirements>
		<displayPriority>10</displayPriority>
		<recipeUsers>
			<li>kotor_PlasmaFurnace</li>
		</recipeUsers>
	</RecipeDef>
	
	<RecipeDef>
		<defName>kotor_IngotDurasteel_10xrecipe</defName>
		<label>smelt 50 Durasteel</label>
		<description>smelt 50 Durasteel ingots.</description>
		<jobString>Smelting 50 Durasteel ingots.</jobString>
		<workSkill>Crafting</workSkill>
		<workSpeedStat>SmeltingSpeed</workSpeedStat>
		<effectWorking>Smelt</effectWorking>
		<soundWorking>Recipe_Smelt</soundWorking>
		<workAmount>25000</workAmount>
		<ingredients>
			<li>
				<filter>
					<thingDefs>
						<li>Steel</li>
					</thingDefs>
				</filter>
				<count>50</count>
			</li>
			<li>
				<filter>
					<thingDefs>
						<li>Uranium</li>
					</thingDefs>
				</filter>
				<count>10</count>
			</li>
		</ingredients>
		<fixedIngredientFilter>
			<thingDefs>
				<li>Steel</li>
				<li>Uranium</li>
			</thingDefs>
		</fixedIngredientFilter>
		<products>
			<KOTOR_AlloyDurasteel>50</KOTOR_AlloyDurasteel>
		</products>
		<skillRequirements>
			<Crafting>8</Crafting>
		</skillRequirements>
		<displayPriority>10</displayPriority>
		<recipeUsers>
			<li>kotor_PlasmaFurnace</li>
		</recipeUsers>
	</RecipeDef>
	
	
	
	
	
	
	
	
	
	
	
	
	
	<ThingDef ParentName="KOTOR_Mineable">
		<defName>KOTOR_MineableBronzium</defName>
		<label>Bronzium ore</label>
		<description>Rock containing bits of bronzium.</description>
		<graphicData>
			<color>(128,110,64)</color>
			<colorTwo>(255,227,0)</colorTwo>
		</graphicData>
		<statBases>
			<MaxHitPoints>1500</MaxHitPoints>
		</statBases>
		<building>
			<mineableThing>KOTOR_AlloyBronzium</mineableThing>
			<mineableYield>40</mineableYield>
			<mineableScatterCommonality>0.1</mineableScatterCommonality>
			<mineableScatterLumpSizeRange>5~15</mineableScatterLumpSizeRange>
		</building>
	</ThingDef>
	
	<ThingDef ParentName="KOTOR_Metal">
		<defName>KOTOR_AlloyBronzium</defName>
		<label>Bronzium</label>
		<description>Considered a cheaper, better-looking alternative to durasteel, bronzium is easier to acquire and work with while still providing adequate protection.</description>
		<graphicData>
			<texPath>raw_resources/raw_metal</texPath>
			<graphicClass>Graphic_Single</graphicClass>
			<color>(220,175,80)</color>
		</graphicData>
		<statBases>
			<MarketValue>3</MarketValue>
			<Mass>0.5</Mass>
			<Flammability>0</Flammability>
			<DeteriorationRate>0</DeteriorationRate>
			
			<StuffPower_Armor_Sharp>0.7</StuffPower_Armor_Sharp>
			<StuffPower_Armor_Blunt>0.6</StuffPower_Armor_Blunt>
			<StuffPower_Armor_Heat>0.9</StuffPower_Armor_Heat>
			<StuffPower_Insulation_Cold>5</StuffPower_Insulation_Cold>
			<StuffPower_Insulation_Heat>5</StuffPower_Insulation_Heat>
			<SharpDamageMultiplier>1</SharpDamageMultiplier>
			<BluntDamageMultiplier>1</BluntDamageMultiplier>
		</statBases>
		<stuffProps>
			<color>(220,175,80)</color>
			<commonality>0.2</commonality>
			<statFactors>
				<MaxHitPoints>1</MaxHitPoints>
				<Beauty>2</Beauty>
				<Flammability>0</Flammability>
				<WorkToMake>0.8</WorkToMake>
				<WorkToBuild>0.8</WorkToBuild>
				<MeleeWeapon_CooldownMultiplier>0.9</MeleeWeapon_CooldownMultiplier>
			</statFactors>
		</stuffProps>
		<tradeTags>
		  <li>guy762TT_KotORRawMat_common</li>
		</tradeTags>
	</ThingDef>
	
	<ThingDef ParentName="ChunkBase">
		<defName>KotORChunk_bronzium</defName>
		<label>Bronzium slag chunk</label>
		<description>A chunk of Bronzium slag. While it's useless in its current form, it can be smelted to recover Bronzium.</description>
		<graphicData>
		  <texPath>raw_resources/slag_blank</texPath>
		  <graphicClass>Graphic_Random</graphicClass>
		  <color>(220,175,80)</color>
		</graphicData>
		<statBases>
		  <MarketValue>35</MarketValue>
		  <Mass>12</Mass>
		</statBases>
		<tradeability>Buyable</tradeability>
		<soundDrop>ChunkSlag_Drop</soundDrop>
		<thingCategories>
		  <li>Chunks</li>
		</thingCategories>
		<smeltable>true</smeltable>
		<smeltProducts>
		  <KOTOR_AlloyBronzium>15</KOTOR_AlloyBronzium>
		</smeltProducts>
		<tradeTags>
		  <li>guy762TT_KotORSalvage</li>
		</tradeTags>
	  </ThingDef>
	  
	  <RecipeDef>
		<defName>KotORRecipe_BronziumFromSlag</defName>
		<label>smelt Bronzium from slag</label>
		<description>smelt 15 Bronzium from slag.</description>
		<jobString>Smelting Bronzium from slag.</jobString>
		<workSkill>Crafting</workSkill>
		<workSpeedStat>SmeltingSpeed</workSpeedStat>
		<effectWorking>Smelt</effectWorking>
		<soundWorking>Recipe_Smelt</soundWorking>
		<workAmount>400</workAmount>
		<ingredients>
			<li>
				<filter>
					<thingDefs>
						<li>KotORChunk_bronzium</li>
					</thingDefs>
				</filter>
				<count>1</count>
			</li>
		</ingredients>
		<fixedIngredientFilter>
			<thingDefs>
				<li>KotORChunk_bronzium</li>
			</thingDefs>
		</fixedIngredientFilter>
		<products>
			<KOTOR_AlloyBronzium>15</KOTOR_AlloyBronzium>
		</products>
		<skillRequirements>
			<Crafting>4</Crafting>
		</skillRequirements>
		<displayPriority>10</displayPriority>
		<recipeUsers>
			<li>kotor_PlasmaFurnace</li>
		</recipeUsers>
	</RecipeDef>
	  
	  
	  
	
	<!--ThingDef ParentName="KOTOR_Metal">
		<defName>KOTOR_AlloyZal</defName>
		<label>Zal alloy</label>
		<description>A Verpine invention, Zal alloy has excellent protective capabilities, but is very expensive and difficult to manufacture.</description>
		<graphicData>
			<texPath>raw_resources/plasteel_blank</texPath>
			<graphicClass>Graphic_StackCount</graphicClass>
			<color>(135,100,140)</color>
		</graphicData>
		<statBases>
			<MarketValue>35</MarketValue>
			<Mass>0.8</Mass>
			<Flammability>0</Flammability>
			<DeteriorationRate>0</DeteriorationRate>
			
			<StuffPower_Armor_Sharp>1.1</StuffPower_Armor_Sharp>
			<StuffPower_Armor_Blunt>1.1</StuffPower_Armor_Blunt>
			<StuffPower_Armor_Heat>1.1</StuffPower_Armor_Heat>
			<StuffPower_Insulation_Cold>5</StuffPower_Insulation_Cold>
			<StuffPower_Insulation_Heat>5</StuffPower_Insulation_Heat>
			<SharpDamageMultiplier>0.6</SharpDamageMultiplier>
			<BluntDamageMultiplier>0.8</BluntDamageMultiplier>
		</statBases>
		<stuffProps>
			<color>(135,100,140)</color>
			<commonality>0.01</commonality>
			<statFactors>
				<MaxHitPoints>2</MaxHitPoints>
				<Beauty>0.85</Beauty>
				<Flammability>0</Flammability>
				<WorkToMake>1.4</WorkToMake>
				<WorkToBuild>1.4</WorkToBuild>
				<MeleeWeapon_CooldownMultiplier>1.2</MeleeWeapon_CooldownMultiplier>
			</statFactors>
		</stuffProps>
		<tradeTags>
		  <li>guy762TT_KotORRawMat_rare</li>
		</tradeTags>
	</ThingDef>
	
	<ThingDef ParentName="KOTOR_Metal">
		<defName>KOTOR_AlloyHavod</defName>
		<label>Havod</label>
		<description>Developed for custom starship hulls, Havod is difficult to produce and work with, but is incredibly resilient to damage.</description>
		<graphicData>
			<color>(145,25,30)</color>
		</graphicData>
		<statBases>
			<MarketValue>15</MarketValue>
			<Mass>4</Mass>
			<Flammability>0</Flammability>
			<DeteriorationRate>0</DeteriorationRate>
			
			<StuffPower_Armor_Sharp>1</StuffPower_Armor_Sharp>
			<StuffPower_Armor_Blunt>0.8</StuffPower_Armor_Blunt>
			<StuffPower_Armor_Heat>1.4</StuffPower_Armor_Heat>
			<StuffPower_Insulation_Cold>0</StuffPower_Insulation_Cold>
			<StuffPower_Insulation_Heat>0</StuffPower_Insulation_Heat>
			<SharpDamageMultiplier>0.6</SharpDamageMultiplier>
			<BluntDamageMultiplier>1.4</BluntDamageMultiplier>
		</statBases>
		<stuffProps>
			<color>(145,25,30)</color>
			<commonality>0.05</commonality>
			<statFactors>
				<MaxHitPoints>4</MaxHitPoints>
				<Beauty>0.75</Beauty>
				<Flammability>0</Flammability>
				<WorkToMake>4</WorkToMake>
				<WorkToBuild>4</WorkToBuild>
				<DoorOpenSpeed>0.75</DoorOpenSpeed>
				<MeleeWeapon_CooldownMultiplier>1.4</MeleeWeapon_CooldownMultiplier>
				<MeleeWeapon_AverageArmorPenetration>2.5</MeleeWeapon_AverageArmorPenetration>
			</statFactors>
		</stuffProps>
		<tradeTags>
		  <li>guy762TT_KotORRawMat_rare</li>
		</tradeTags>
	</ThingDef>
	
	<ThingDef ParentName="ChunkBase">
		<defName>KotORChunk_havod</defName>
		<label>Havod slag chunk</label>
		<description>A chunk of Havod slag. While it's useless in its current form, it can be smelted to recover Havod alloy.</description>
		<graphicData>
		  <texPath>raw_resources/slag_blank</texPath>
		  <graphicClass>Graphic_Random</graphicClass>
		  <color>(145,25,30)</color>
		</graphicData>
		<statBases>
		  <MarketValue>125</MarketValue>
		  <Mass>22</Mass>
		</statBases>
		<tradeability>Buyable</tradeability>
		<soundDrop>ChunkSlag_Drop</soundDrop>
		<thingCategories>
		  <li>Chunks</li>
		</thingCategories>
		<smeltable>true</smeltable>
		<smeltProducts>
		  <KOTOR_AlloyHavod>15</KOTOR_AlloyHavod>
		</smeltProducts>
		<tradeTags>
		  <li>guy762TT_KotORRawMat_rare</li>
		</tradeTags>
	  </ThingDef-->
	  
	
	
  
</Defs>