<?xml version="1.0" encoding="utf-8" ?>
<Defs>

	<DamageDef Name="guy762_MeleeDamage_energy" ParentName="guy762_RangedDamage_energy">
		<defName>guy762_MeleeDamage_energy</defName>
		<deathMessage>{0} has been scorched to death.</deathMessage>
		<isRanged>false</isRanged>
	</DamageDef>
	
	<DamageDef Name="guy762_MeleeDamage_ecut">
		<defName>guy762_MeleeDamage_ecut</defName>
		<label>energy cut</label>
		<workerClass>DamageWorker_Cut</workerClass>
		<externalViolence>true</externalViolence>
		<deathMessage>{0} has been cut to death.</deathMessage>
		<hediff>Burn</hediff>
		<hediffSkin>Cut</hediffSkin>
		<hediffSolid>Crack</hediffSolid>
		<harmAllLayersUntilOutside>true</harmAllLayersUntilOutside>
		<impactSoundType>Slice</impactSoundType>
		<armorCategory>Heat</armorCategory>
		<makesBlood>false</makesBlood>
		<overkillPctToDestroyPart>0~0.1</overkillPctToDestroyPart>
		<cutExtraTargetsCurve>
		  <points>
			<li>0, 0</li>
			<li>0.6, 1</li>
			<li>0.9, 2</li>
			<li>1, 3</li>
		  </points>
		</cutExtraTargetsCurve>
		<cutCleaveBonus>1.4</cutCleaveBonus>
	  </DamageDef>
	
  <DamageDef Name="guy762_MeleeDamage_estab">
    <defName>guy762_MeleeDamage_estab</defName>
    <label>energy stab</label>
    <workerClass>DamageWorker_Stab</workerClass>
    <externalViolence>true</externalViolence>
    <deathMessage>{0} has been stabbed to death.</deathMessage>
    <hediff>Stab</hediff>
	<hediffSkin>Cut</hediffSkin>
    <hediffSolid>Crack</hediffSolid>
    <impactSoundType>Slice</impactSoundType>
    <armorCategory>Heat</armorCategory>
	<makesBlood>false</makesBlood>
    <stabChanceOfForcedInternal>0.6</stabChanceOfForcedInternal>
    <overkillPctToDestroyPart>0.4~1.0</overkillPctToDestroyPart>
  </DamageDef>
	
	
	
	
	
	
	
	
	
	
	
	
	
	
	
	
	

	<DamageDef ParentName="guy762_MeleeDamage_energy">
		<defName>guy762_MeleeDamage_ion</defName>
		<label>ionization</label>
		<workerClass>guy762_Ionization.DamageWorker_Ionization</workerClass>
		<deathMessage>{0} has been ionized to death.</deathMessage>
		<modExtensions>
			<li Class="guy762_Ionization.ModExtension_HediffGiver">
				<hediffToAdd>guy762_IonizationBuildup</hediffToAdd>
				<severityFixed>0.05</severityFixed>
			</li>
		</modExtensions>
	</DamageDef>
	
	<DamageDef ParentName="guy762_MeleeDamage_energy">
		<defName>guy762_MeleeDamage_unstoppable</defName>
		<label>penetrating strike</label>
		<defaultArmorPenetration>1</defaultArmorPenetration>
	</DamageDef>
	
	<DamageDef>
		<defName>guy762_MeleeDamage_sonic</defName>
		<label>sonic fracturing</label>
		<workerClass>DamageWorker_AddInjury</workerClass>
		<externalViolence>true</externalViolence>
		<deathMessage>{0} has died from internal fracturing.</deathMessage>
		<hediffSolid>Crack</hediffSolid>
		<harmAllLayersUntilOutside>true</harmAllLayersUntilOutside>
		<impactSoundType>Blunt</impactSoundType>
		<armorCategory>Sharp</armorCategory>
		<makesBlood>false</makesBlood>
		<defaultArmorPenetration>0</defaultArmorPenetration>
		<overkillPctToDestroyPart>0.4~1.0</overkillPctToDestroyPart>
		<buildingDamageFactorImpassable>15</buildingDamageFactorImpassable>
		<buildingDamageFactorPassable>7.5</buildingDamageFactorPassable>
	</DamageDef>
	
	<DamageDef Name="guy762_MeleeDamage_electrical">
		<defName>guy762_MeleeDamage_electrical</defName>
		<label>electrical burn</label>
		<workerClass>DamageWorker_AddInjury</workerClass>
		<externalViolence>true</externalViolence>
		<deathMessage>{0} has been shocked to death.</deathMessage>
		<hediff>Burn</hediff>
		<harmAllLayersUntilOutside>true</harmAllLayersUntilOutside>
		<armorCategory>Heat</armorCategory>
		<makesBlood>false</makesBlood>
		<isRanged>false</isRanged>
		<defaultDamage>1</defaultDamage>
		<additionalHediffs>
		  <li>
			<hediff>guy762_Electrocuted</hediff>
			<severityPerDamageDealt>0.025</severityPerDamageDealt>
			<victimSeverityScalingByInvBodySize>true</victimSeverityScalingByInvBodySize>
		  </li>
		</additionalHediffs>
	</DamageDef>
	

</Defs>