<?xml version="1.0" encoding="utf-8" ?>
<Defs>
	
	<DamageDef ParentName="StunBase">
		<defName>guy762_RangedDamage_concussion</defName>
		<label>K-O stun</label>
		<workerClass>DamageWorker_Stun</workerClass>
		<externalViolence>true</externalViolence>
		<deathMessage>{0} has been stunned to death.</deathMessage>
		<defaultDamage>20</defaultDamage>
		<explosionCellFleck>BlastDry</explosionCellFleck>
		<soundExplosion>Explosion_Stun</soundExplosion>
		<combatLogRules>Damage_Stun</combatLogRules>
		 <additionalHediffs>
		  <li>
			<hediff>PsychicShock</hediff>
			<severityFixed>10</severityFixed>
		  </li>
		</additionalHediffs>
	</DamageDef>
	
	<!--DamageDef ParentName="StunBase">
		<defName>guy762_RangedDamage_organicstun</defName>
		<label>paralysis</label>
		<workerClass>guy762_Ionization.DamageWorker_OrganicStun</workerClass>
		<externalViolence>true</externalViolence>
		<deathMessage>{0} has been stunned to death.</deathMessage>
		<defaultDamage>20</defaultDamage>
		<explosionCellFleck>BlastDry</explosionCellFleck>
		<soundExplosion>Explosion_Stun</soundExplosion>
		<combatLogRules>Damage_Stun</combatLogRules>
	</DamageDef-->
	
	
	<DamageDef>
		<defName>guy762_BeamDamage_radiation</defName>
		<label>radiation</label>
		<workerClass>DamageWorker_AddInjury</workerClass>
		<externalViolence>true</externalViolence>
		<deathMessage>{0} has been atomized.</deathMessage>
		<hediff>Shredded</hediff>
		<harmAllLayersUntilOutside>true</harmAllLayersUntilOutside>
		<impactSoundType>Bullet</impactSoundType>
		<armorCategory>Heat</armorCategory>
		<makesBlood>true</makesBlood>
		<overkillPctToDestroyPart>0~0.7</overkillPctToDestroyPart>
		<isRanged>true</isRanged>
		<makesAnimalsFlee>true</makesAnimalsFlee>
		<defaultArmorPenetration>10</defaultArmorPenetration>
		<defaultDamage>1</defaultDamage>
		<additionalHediffs>
		  <li>
			<hediff>ToxicBuildup</hediff>
			<severityPerDamageDealt>0.125</severityPerDamageDealt>
			<victimSeverityScaling>ToxicResistance</victimSeverityScaling>
			<inverseStatScaling>true</inverseStatScaling>
			<victimSeverityScalingByInvBodySize>true</victimSeverityScalingByInvBodySize>
		  </li>
		</additionalHediffs>
	</DamageDef>
	  

	  <DamageDef ParentName="Bullet">
		<defName>guy762_PoisonDamage_saber</defName>
		<label>Saber poison</label>
		<workerClass>guy762_Ionization.DamageWorker_Organics</workerClass>
		<modExtensions>
			<li Class="guy762_Ionization.ModExtension_HediffGiver">
				<hediffToAdd>guy762_Poison_saber</hediffToAdd>
				<hediffResistanceStat>ToxicResistance</hediffResistanceStat>
				<severityFixed>0.3</severityFixed>
			</li>
		</modExtensions>
		<impactSoundType>Bullet</impactSoundType>
	  </DamageDef>
	  
	  
	  
	 <DamageDef Name="guy762_RangedDamage_electrical">
		<defName>guy762_RangedDamage_electrical</defName>
		<label>electrical burn</label>
		<workerClass>DamageWorker_AddInjury</workerClass>
		<externalViolence>true</externalViolence>
		<deathMessage>{0} has been shocked to death.</deathMessage>
		<hediff>Burn</hediff>
		<harmAllLayersUntilOutside>true</harmAllLayersUntilOutside>
		<impactSoundType>Bullet</impactSoundType>
		<armorCategory>Heat</armorCategory>
		<makesBlood>false</makesBlood>
		<isRanged>true</isRanged>
		<makesAnimalsFlee>true</makesAnimalsFlee>
		<defaultDamage>1</defaultDamage>
		<additionalHediffs>
		  <li>
			<hediff>guy762_Electrocuted</hediff>
			<severityPerDamageDealt>0.025</severityPerDamageDealt>
			<victimSeverityScalingByInvBodySize>true</victimSeverityScalingByInvBodySize>
		  </li>
		</additionalHediffs>
	</DamageDef>
	
	<DamageDef ParentName="guy762_RangedDamage_electrical">
		<defName>guy762_BeamDamage_electrical</defName>
		<defaultDamage>6</defaultDamage>
	</DamageDef>

	
	  

</Defs>