<ModMetaData>
	<name>Star Wars KotOR Weapons and Armor</name>
	<packageId>guy762.KotORWeapons.2E</packageId>
	<author>guy762</author>
	<description>Adds blasters, lightsabers, vibroblades, grenades, and armors from Star Wars: Knights of the Old Republic and Star Wars: Knights of the Old Republic II - The Sith Lords.</description>
	<supportedVersions>
		<li>1.4</li>
	</supportedVersions>
	
	<modDependencies>
		<li>
			<packageId>brrainz.harmony</packageId>
			<displayName>Harmony</displayName>
			<steamWorkshopUrl>steam://url/CommunityFilePage/2009463077</steamWorkshopUrl>
			<downloadUrl>https://github.com/pardeike/HarmonyRimWorld/releases/latest</downloadUrl>
		</li>
		<li>
			<packageId>Ludeon.RimWorld.Royalty</packageId>
			<displayName>Royalty</displayName>
		</li>
		<li>
			<packageId>OskarPotocki.VanillaFactionsExpanded.Core</packageId>
			<displayName>Vanilla Expanded Framework</displayName>
			<steamWorkshopUrl>steam://url/CommunityFilePage/2023507013</steamWorkshopUrl>
			<downloadUrl>https://github.com/Vanilla-Expanded/VanillaExpandedFramework</downloadUrl>
		</li>
		<li>
			<packageId>smartkar.athenaframework</packageId>
			<displayName>Athena Framework</displayName>
			<steamWorkshopUrl>steam://url/CommunityFilePage/2903359518</steamWorkshopUrl>
		</li>
		<li>
			<packageId>kaitorisenkou.ModularWeapons</packageId>
			<displayName>ModularWeapons</displayName>
			<steamWorkshopUrl>steam://url/CommunityFilePage/2878204522</steamWorkshopUrl>
		</li>
		<li>
			<packageId>MG.KnightsOfTheOuterRim</packageId>
			<displayName>Star Wars KotOR Core</displayName>
		</li>
	</modDependencies>
	

	<loadAfter>
		<li>Ludeon.RimWorld</li>
		<li>Ludeon.RimWorld.Royalty</li>
		<li>brrainz.harmony</li>
		<li>OskarPotocki.VanillaFactionsExpanded.Core</li>
		<li>VanillaExpanded.VPsycastsE</li>
		<li>jecrell.jecstools</li>
		<li>Roolo.DualWield</li>
		<li>kaitorisenkou.ModularWeapons</li>
		
		<li>Killathon.AndroidTiersReforged</li>
		<li>Killathon.MechanicalHumanlikesCore</li>
		<li>smartkar.athenaframework</li>
		<li>Ogam.MedievalOverhaul.ArcaneArchaeologists</li>
		<li>jecrell.StarWarsTheForce</li>
		
		<li>MG.KnightsOfTheOuterRim</li>
	</loadAfter>
	<loadBefore>
		<li>guy762.KotORDroids</li>
		<li>guy762.KotORFactions</li>
	</loadBefore>
	
	<incompatibleWith>
	  <li>guy762.KotORWeapons</li>
	  <li>guy762.KotORGadgets</li>
	</incompatibleWith>
</ModMetaData>