<?xml version="1.0" encoding="utf-8" ?>
<Defs>

	
	<ThingDef ParentName="BenchBase">
		<defName>guy762_KotORWorkbench</defName>
		<label>Aratech workbench</label>
		<description>A highly advanced workbench for creating and modifying weapons and armor.\n\nAbout upgrading:\nNot all weapons can be upgraded; the fabrication patterns of common, base-level blasters and vibroweapons that you are capable of manufacturing in your own facilities are streamlined and simplistic, and modifying them in any meaningful capacity cannot reasonably be done. Weapons of more modular design found throughout the galaxy require highly advanced fabrication technology to manufacture, the specifics of which are closely-guarded corporate secrets. Weapons of this kind must be found - either bought from a trader, or looted from your enemies.\nSimilarly, upgrade items must also first be found or bought before they can be installed. Once installed, an upgrade cannot be salvaged, only replaced or removed. Ensure you are installing your upgrade on the weapon you want it on before completing the UI!</description>
		<thingClass>ModularWeapons.Building_GunsmithStation</thingClass>
		<graphicData>
		  <texPath>Buildings_Madman/armour_workbench</texPath>
		  <graphicClass>Graphic_Multi</graphicClass>
		  <drawSize>(3,3)</drawSize>
		  <damageData>
			<cornerTL>Damage/Corner</cornerTL>
			<cornerTR>Damage/Corner</cornerTR>
			<cornerBL>Damage/Corner</cornerBL>
			<cornerBR>Damage/Corner</cornerBR>
		  </damageData>
		</graphicData>
		<castEdgeShadows>true</castEdgeShadows>
		<staticSunShadowHeight>0.20</staticSunShadowHeight>
		<costList>
		  <KOTOR_AlloyDurasteel>150</KOTOR_AlloyDurasteel>
		  <ComponentIndustrial>10</ComponentIndustrial>
		  <ComponentSpacer>5</ComponentSpacer>
		  <kotor_czerkatechComponent>1</kotor_czerkatechComponent>
		</costList>
		<altitudeLayer>Building</altitudeLayer>
		<fillPercent>0.5</fillPercent>
		<useHitPoints>True</useHitPoints>
		<statBases>
		  <MarketValue>2500</MarketValue>
		  <WorkToBuild>6000</WorkToBuild>
		  <MaxHitPoints>750</MaxHitPoints>
		  <Flammability>0</Flammability>
		</statBases>
		<size>(3,1)</size>
		<designationCategory>KOTOR_BuildTab</designationCategory>
		<uiOrder>762</uiOrder>
		<passability>PassThroughOnly</passability>
		<pathCost>50</pathCost>
		<hasInteractionCell>True</hasInteractionCell>
		<interactionCellOffset>(0,0,-1)</interactionCellOffset>
		<surfaceType>Item</surfaceType>
		<constructionSkillPrerequisite>10</constructionSkillPrerequisite>
		<inspectorTabs>
		  <li>ITab_Bills</li>
		</inspectorTabs>
		<recipes>
		  <li>Make_ComponentIndustrial</li>
		  <li>Make_ComponentSpacer</li>
		</recipes>
		<building>
		  <spawnedConceptLearnOpportunity>BillsTab</spawnedConceptLearnOpportunity>
		</building>
		<comps>
		  <li Class="CompProperties_Power">
			<compClass>CompPowerTrader</compClass>
			<shortCircuitInRain>true</shortCircuitInRain>
			<basePowerConsumption>200</basePowerConsumption>
		  </li>
		  <li Class="CompProperties_Flickable"/>
		  <li Class="CompProperties_AffectedByFacilities">
			<linkableFacilities>
			  <li>ToolCabinet</li>
			</linkableFacilities>
		  </li>
		  <li Class="CompProperties_Breakdownable"/>
		</comps>
		<placeWorkers>
		  <li>PlaceWorker_ShowFacilitiesConnections</li>
		  <li>PlaceWorker_PreventInteractionSpotOverlap</li>
		</placeWorkers>
		<constructEffect>ConstructMetal</constructEffect>
		<researchPrerequisites>
		  <li>guy762_ResearchKotOR_workbench</li>
		</researchPrerequisites>
		<tradeTags>
		  <li>guy762TT_KotORWorkbench</li>
		</tradeTags>
	  </ThingDef>
	  
	  <WorkGiverDef>
		<defName>guy762_DoBillsAratechWorkbench</defName>
		<label>make things at Aratech workbench</label>
		<giverClass>WorkGiver_DoBill</giverClass>
		<workType>Smithing</workType>
		<priorityInType>75</priorityInType>
		<fixedBillGiverDefs>
		  <li>guy762_KotORWorkbench</li>
		</fixedBillGiverDefs>
		<verb>work</verb>
		<gerund>working at</gerund>
		<requiredCapacities>
		  <li>Manipulation</li>
		</requiredCapacities>
		<prioritizeSustains>true</prioritizeSustains>
	  </WorkGiverDef>
	  
	  
	  
	  
	  
	  
	  
	  
	  
	  
	  
	  
	  
	  
	  
	  
	  
	  <ThingDef ParentName="BenchBase">
		
		<!-- Base -->
		<defName>kotor_DrugLab</defName>
		<label>Adascorp lab bench</label>
		<description>This advanced lab bench can process anything involving organic material, from Kolto and spice to medpacs and stimulants.</description>
		<thingClass>Building_WorkTable</thingClass>
		<thingCategories Inherit="false" />
		
		<!-- Texture -->
		<graphicData>
			<texPath>production_buildings/Czerkatech_DrugsBench/Czerkatech_DrugsBench</texPath>
			<graphicClass>Graphic_Multi</graphicClass>
			<shaderType>CutoutComplex</shaderType>
			<drawSize>(3,3)</drawSize>
			<damageData>
			<cornerTL>Damage/Corner</cornerTL>
			<cornerTR>Damage/Corner</cornerTR>
			<cornerBL>Damage/Corner</cornerBL>
			<cornerBR>Damage/Corner</cornerBR>
			</damageData>
		</graphicData>
		
		<!-- Cost -->
		<costList>
			<KOTOR_AlloyDurasteel>150</KOTOR_AlloyDurasteel>
		    <ComponentIndustrial>10</ComponentIndustrial>
		    <ComponentSpacer>5</ComponentSpacer>
		    <kotor_czerkatechComponent>1</kotor_czerkatechComponent>
		</costList>
		
		<!-- Stats -->
		<statBases>
			<MarketValue>2500</MarketValue>
			<MaxHitPoints>750</MaxHitPoints>
			<WorkToBuild>6000</WorkToBuild>
			<Flammability>0</Flammability>
		</statBases>
		<building>
			<spawnedConceptLearnOpportunity>BillsTab</spawnedConceptLearnOpportunity>
			<unpoweredWorkTableWorkSpeedFactor>0</unpoweredWorkTableWorkSpeedFactor>
			<paintable>false</paintable>
		</building>
		
		<!-- Menu -->
		<designationCategory>KOTOR_BuildTab</designationCategory>
		<uiOrder>763</uiOrder>
		<inspectorTabs>
			<li>ITab_Bills</li>
		</inspectorTabs>
	
		<!-- World -->
		<size>(3,1)</size>
		<minifiedDef />
		<castEdgeShadows>true</castEdgeShadows>
		<staticSunShadowHeight>0.20</staticSunShadowHeight>
		<altitudeLayer>Building</altitudeLayer>
		<passability>PassThroughOnly</passability>
		<pathCost>50</pathCost>
		<fillPercent>0.5</fillPercent>
		<interactionCellOffset>(0,0,-1)</interactionCellOffset>
		<hasInteractionCell>true</hasInteractionCell>
		<terrainAffordanceNeeded>Heavy</terrainAffordanceNeeded>
		<surfaceType>Item</surfaceType>
		
		<!-- Comps -->
		<comps>
			<li Class="CompProperties_Power">
				<compClass>CompPowerTrader</compClass>
				<basePowerConsumption>200</basePowerConsumption>
				<shortCircuitInRain>true</shortCircuitInRain>
			</li>
			<li Class="CompProperties_Flickable"/>
			<li Class="CompProperties_AffectedByFacilities">
				<linkableFacilities>
				  <li>ToolCabinet</li>
				</linkableFacilities>
			</li>
		</comps>
		
		<!-- Requirements -->
		<constructionSkillPrerequisite>10</constructionSkillPrerequisite>
		<placeWorkers>
			<li>PlaceWorker_ShowFacilitiesConnections</li>
			<li>PlaceWorker_PreventInteractionSpotOverlap</li>
		</placeWorkers>
		<researchPrerequisites>
			<li>KOTOR_Research_Kolto</li>
		</researchPrerequisites>
		
		<tradeTags>
		  <li>guy762TT_KotORWorkbench</li>
		</tradeTags>
		
	</ThingDef>
	
	<WorkGiverDef>
		<defName>kotor_DrugLab_WorkGiver</defName>
		<label>make things at Adascorp lab bench</label>
		<giverClass>WorkGiver_DoBill</giverClass>
		<workType>Crafting</workType>
		<workTags>
		  <li>Caring</li>
		  <li>Intellectual</li>
		</workTags>
		<priorityInType>75</priorityInType>
		<fixedBillGiverDefs>
			<li>kotor_DrugLab</li>
		</fixedBillGiverDefs>
		<verb>work</verb>
		<gerund>working at</gerund>
		<requiredCapacities>
			<li>Manipulation</li>
		</requiredCapacities>
		<prioritizeSustains>true</prioritizeSustains>
	</WorkGiverDef>
	
	
	
	
	
	
	
	
	
	
	
	
	
	
	
	
	
	
	
	
	
	
	
	<ThingDef ParentName="BenchBase">
		
		<!-- Base -->
		<defName>kotor_PlasmaFurnace</defName>
		<label>plasma furnace</label>
		<description>This furnace burns raw plasma, the energy output is hot enough to forge even the hardest of substances.</description>
		<thingClass>Building_WorkTable</thingClass>
		<thingCategories Inherit="false" />
		
		<!-- Texture -->
		<graphicData>
			<texPath>production_buildings/Plasma_Furnace/plasma_furnace</texPath>
			<graphicClass>Graphic_Multi</graphicClass>
			<shaderType>CutoutComplex</shaderType>
			<drawSize>(3,3)</drawSize>
			<damageData>
			<cornerTL>Damage/Corner</cornerTL>
			<cornerTR>Damage/Corner</cornerTR>
			<cornerBL>Damage/Corner</cornerBL>
			<cornerBR>Damage/Corner</cornerBR>
			</damageData>
		</graphicData>
		
		<!-- Cost -->
		<costList>
			<KOTOR_IngotCortosis>100</KOTOR_IngotCortosis>
			<KOTOR_AlloyDurasteel>250</KOTOR_AlloyDurasteel>
			<ComponentIndustrial>20</ComponentIndustrial>
		    <ComponentSpacer>4</ComponentSpacer>
			<kotor_czerkatechComponent>2</kotor_czerkatechComponent>
		</costList>
		
		<!-- Stats -->
		<statBases>
			<MaxHitPoints>1250</MaxHitPoints>
			<WorkToBuild>25000</WorkToBuild>
			<Flammability>0</Flammability>
		</statBases>
		<building>
			<spawnedConceptLearnOpportunity>BillsTab</spawnedConceptLearnOpportunity>
			<unpoweredWorkTableWorkSpeedFactor>0</unpoweredWorkTableWorkSpeedFactor>
			<paintable>false</paintable>
		</building>
		<recipes>
		  <li>ExtractMetalFromSlag</li>
		  <li>BurnApparel</li>
		  <li>BurnWeapon</li>
		  <li>BurnDrugs</li>
		  <li>SmeltWeapon</li>
		  <li>SmeltApparel</li>
		  <li>DestroyWeapon</li>
		  <li>DestroyApparel</li>
		  <li>CremateCorpse</li>
		</recipes>
		
		<!-- Menu -->
		<designationCategory>KOTOR_BuildTab</designationCategory>
		<uiOrder>764</uiOrder>
		<inspectorTabs>
			<li>ITab_Bills</li>
		</inspectorTabs>
	
		<!-- World -->
		<size>(3,2)</size>
		<minifiedDef />
		<castEdgeShadows>true</castEdgeShadows>
		<staticSunShadowHeight>0.20</staticSunShadowHeight>
		<altitudeLayer>Building</altitudeLayer>
		<passability>PassThroughOnly</passability>
		<pathCost>50</pathCost>
		<fillPercent>0.5</fillPercent>
		<interactionCellOffset>(0,0,-1)</interactionCellOffset>
		<hasInteractionCell>true</hasInteractionCell>
		<terrainAffordanceNeeded>Heavy</terrainAffordanceNeeded>
		<surfaceType>Item</surfaceType>
		
		<!-- Comps -->
		<comps>
			<li Class="CompProperties_Power">
				<compClass>CompPowerTrader</compClass>
				<basePowerConsumption>1400</basePowerConsumption>
				<shortCircuitInRain>true</shortCircuitInRain>
			</li>
			<li Class="CompProperties_Flickable"/>
			<li Class="CompProperties_AffectedByFacilities">
				<linkableFacilities>
				  <li>ToolCabinet</li>
				</linkableFacilities>
			</li>
			<li Class="CompProperties_Glower">
				<glowRadius>5</glowRadius>
				<glowColor>(255,50,150,0)</glowColor>
			</li>
			<li Class="CompProperties_HeatPusher">
				<compClass>CompHeatPusherPowered</compClass>
				<heatPerSecond>21</heatPerSecond>
				<heatPushMaxTemperature>32</heatPushMaxTemperature>
			</li>
		</comps>
		
		<!-- Requirements -->
		<constructionSkillPrerequisite>14</constructionSkillPrerequisite>
		<placeWorkers>
			<li>PlaceWorker_ShowFacilitiesConnections</li>
			<li>PlaceWorker_PreventInteractionSpotOverlap</li>
		</placeWorkers>
		<researchPrerequisites>
			<li>KOTOR_Research_plasmaApplications</li>
		</researchPrerequisites>
		
	</ThingDef>
	
	<WorkGiverDef>
		<defName>kotor_PlasmaFurnace_WorkGiver</defName>
		<label>make things at Plasma Furnace</label>
		<giverClass>WorkGiver_DoBill</giverClass>
		<workType>Smithing</workType>
		<priorityInType>75</priorityInType>
		<fixedBillGiverDefs>
			<li>kotor_PlasmaFurnace</li>
		</fixedBillGiverDefs>
		<verb>work</verb>
		<gerund>working at</gerund>
		<requiredCapacities>
			<li>Manipulation</li>
		</requiredCapacities>
		<prioritizeSustains>true</prioritizeSustains>
	</WorkGiverDef>
	
	
	
	
	
	
	
	
	
	
	
	
	
	
	
	
	
	
	
	
	
	
	<ThingDef ParentName="BenchBase">
		<defName>kotor_fuelrefinery</defName>
		<label>fuel refinery</label>
		<description>Refines raw, unstable fuel into a safe, usable form.</description>
		<thingClass>Building_WorkTable</thingClass>
		<altitudeLayer>Building</altitudeLayer>
		<passability>PassThroughOnly</passability>
		<pathCost>50</pathCost>
		<statBases>
			<MaxHitPoints>1000</MaxHitPoints>
			<Flammability>1.0</Flammability>
			
			<WorkToBuild>10000</WorkToBuild>
		</statBases>
		<size>(7,7)</size>
		<costList>
			<KOTOR_AlloyDurasteel>500</KOTOR_AlloyDurasteel>
			<ComponentIndustrial>25</ComponentIndustrial>
		    <ComponentSpacer>5</ComponentSpacer>
		</costList>
		<comps>
			<li Class="CompProperties_Power">
				<compClass>CompPowerTrader</compClass>
				<basePowerConsumption>500</basePowerConsumption>
				<shortCircuitInRain>true</shortCircuitInRain>
			</li>
			<li Class="CompProperties_Flickable"/>
			<li Class="CompProperties_Breakdownable"/>
		</comps>
		<castEdgeShadows>false</castEdgeShadows>
		<staticSunShadowHeight>0</staticSunShadowHeight>
		<graphicData>
			<texPath>production_buildings/Fuel_Refinery/FuelRefinery</texPath>
			<graphicClass>Graphic_Multi</graphicClass>
			<shaderType>CutoutComplex</shaderType>
			<drawSize>(8,8)</drawSize>
			<shadowData>
				<volume>(2.22, 0.8, 0.62)</volume>
				<offset>(0, 0, -0.13)</offset>
			</shadowData>
			<damageData>
				<rect>(0.3,0.1,2.4,1.8)</rect>
			</damageData>
		</graphicData>
		<inspectorTabs>
			<li>ITab_Bills</li>
		</inspectorTabs>
		<uiOrder>765</uiOrder>
		<building>
			<spawnedConceptLearnOpportunity>BillsTab</spawnedConceptLearnOpportunity>
		</building>
		<recipes>
		  <li>Make_ChemfuelFromWood</li>
		  <li>Make_ChemfuelFromOrganics</li>
		</recipes>
		<fillPercent>0.5</fillPercent>
		<interactionCellOffset>(0,0,-4)</interactionCellOffset>
		<hasInteractionCell>true</hasInteractionCell>
		<terrainAffordanceNeeded>Heavy</terrainAffordanceNeeded>
		<designationCategory>KOTOR_BuildTab</designationCategory>
		<surfaceType>Item</surfaceType>
		<constructionSkillPrerequisite>8</constructionSkillPrerequisite>
		<placeWorkers>
			<li>PlaceWorker_PreventInteractionSpotOverlap</li>
		</placeWorkers>
		<researchPrerequisites>
			<li>KOTOR_Research_FuelProcessing</li>
		</researchPrerequisites>
	</ThingDef>
	
	<WorkGiverDef>
		<defName>kotor_fuelrefinery_WorkGiver</defName>
		<label>make things at Fuel Refinery</label>
		<giverClass>WorkGiver_DoBill</giverClass>
		<workType>Smithing</workType>
		<priorityInType>75</priorityInType>
		<fixedBillGiverDefs>
			<li>kotor_fuelrefinery</li>
		</fixedBillGiverDefs>
		<verb>work</verb>
		<gerund>working at</gerund>
		<requiredCapacities>
			<li>Manipulation</li>
		</requiredCapacities>
		<prioritizeSustains>true</prioritizeSustains>
	</WorkGiverDef>
	
</Defs>