<?xml version="1.0" encoding="utf-8" ?>
<Defs>

<ThingDef Class="KoltoTank.KoltoTankDef" Name="KoltoTankBase" ParentName="BuildingBase" Abstract="True">
		<defName>KoltoTankBase</defName>
		<label>KoltoTank</label>
		<description>It is a bioreactor. It draws energy from living life. Power output is proportional to body size of the creature contained. The amount of Nutrio to be injected into the living body is necessary.</description>
		<thingClass>KoltoTank.Building_KoltoTank</thingClass>
		<drawerType>MapMeshAndRealTime</drawerType>
		<altitudeLayer>Pawn</altitudeLayer>
		<passability>PassThroughOnly</passability>
		<pathCost>25</pathCost>
		<blockWind>true</blockWind>
		<fillPercent>0.8</fillPercent>
		<canOverlapZones>false</canOverlapZones>
		<statBases>
			<Flammability>0.2</Flammability>
		</statBases>
		<tickerType>Normal</tickerType>
		<designationCategory>Power</designationCategory>
		<hasInteractionCell>true</hasInteractionCell>
		<interactionCellOffset>(0,0,2)</interactionCellOffset>
		<defaultPlacingRot>South</defaultPlacingRot>		
		<inspectorTabs>
			<li>ITab_BiosculpterNutritionStorage</li>
		</inspectorTabs>
		<building>
			<ai_chillDestination>false</ai_chillDestination>
			<fixedStorageSettings>
				<priority>Critical</priority>
				<filter>
					<categories>
						<li>Foods</li>
					</categories>
				</filter>
			</fixedStorageSettings>
			<defaultStorageSettings>
				<priority>Critical</priority>
				<filter>
					<categories>
						<li>Foods</li>
					</categories>
					<disallowedThingDefs>
						<li>Chocolate</li>
						<li>Pemmican</li>
						<li>Kibble</li>
						<li>Hay</li>
					</disallowedThingDefs>
					<disallowedCategories>
						<li>FoodMeals</li>
						<li>AnimalProductRaw</li>
						<li>EggsFertilized</li>
					</disallowedCategories>
				</filter>
			</defaultStorageSettings>
		</building>
		<comps>
			<li Class="CompProperties_Forbiddable"/>
			<li Class="CompProperties_Flickable" />
			<li Class="CompProperties_Breakdownable"/>
		</comps>
		<terrainAffordanceNeeded>Medium</terrainAffordanceNeeded>
		<constructionSkillPrerequisite>8</constructionSkillPrerequisite>
		<destroyable>true</destroyable>
		<rotatable>false</rotatable>		
	</ThingDef>
	
<ThingDef Class="KoltoTank.KoltoTankDef" ParentName="KoltoTankBase">
    <defName>KoltoTank</defName>
    <label>Kolto Tank</label>
    <description>An immersion pod full of bioactive gel. It can perform a variety of biological alterations including age reversal and pleasure-giving.\n\nThe pod biotunes to its user at the end of a cycle. While biotuned, it cannot be used by anyone else, but cycles will complete 25% more quickly. Biotuning resets if the pod is unused for 80 days.\n\nThe pod consumess 200W of power while working, but only 50W on standby.</description>
    <containedPawnsSelectable>true</containedPawnsSelectable>
    <graphicData>
			<texPath>kolto_system/KoltoTank_Round_south</texPath>
			<graphicClass>Graphic_Multi</graphicClass>
			<drawSize>(3, 3)</drawSize>
			<drawRotated>false</drawRotated>
		</graphicData>
    <drawerType>MapMeshAndRealTime</drawerType>
    <drawGUIOverlay>true</drawGUIOverlay>
    <defaultPlacingRot>South</defaultPlacingRot>
    <researchPrerequisites>
		<li>KOTOR_Research_Kolto</li>
	</researchPrerequisites>
    <altitudeLayer>Pawn</altitudeLayer>
    <passability>PassThroughOnly</passability>
    <pathCost>42</pathCost>
    <blockWind>true</blockWind>
    <fillPercent>0.5</fillPercent>
    <canOverlapZones>false</canOverlapZones>
    <statBases>
      <MaxHitPoints>250</MaxHitPoints>
      <WorkToBuild>28000</WorkToBuild>
      <Mass>50</Mass>
      <Flammability>0.5</Flammability>
    </statBases>
    <size>(3,3)</size>
    <interactionCellOffset>(0,0,2)</interactionCellOffset>
    <hasInteractionCell>true</hasInteractionCell>
    <costList>
      <Steel>120</Steel>
      <ComponentIndustrial>4</ComponentIndustrial>
    </costList>
    <constructionSkillPrerequisite>8</constructionSkillPrerequisite>
    <building>
      <destroySound>BuildingDestroyed_Metal_Big</destroySound>
      <haulToContainerDuration>120</haulToContainerDuration>
      <uninstallWork>1800</uninstallWork>
    </building>
    <resourcesFractionWhenDeconstructed>0.25</resourcesFractionWhenDeconstructed>
    <designationCategory>Ideology</designationCategory>
    <uiOrder>2500</uiOrder>
    <minifiedDef>MinifiedThing</minifiedDef>
    <thingCategories>
      <li>BuildingsMisc</li>
    </thingCategories>
    <tickerType>Normal</tickerType>
    <inspectorTabs>
      <li>ITab_BiosculpterNutritionStorage</li>
    </inspectorTabs>
    <comps>
      <li Class="CompProperties_Flickable"/>
	   <li Class="CompProperties_Refuelable">
        <fuelConsumptionRate>22.0</fuelConsumptionRate>
        <fuelCapacity>75.0</fuelCapacity>
        <fuelFilter>
          <thingDefs>
            <li>KOTOR_kolto</li>
          </thingDefs>
        </fuelFilter>
        <showAllowAutoRefuelToggle>true</showAllowAutoRefuelToggle>
      </li>
	  <li Class="CompProperties_Power">
        <compClass>CompPowerTrader</compClass>
        <basePowerConsumption>200</basePowerConsumption>
        <idlePowerDraw>50</idlePowerDraw>
      </li>
	  <li Class="CompProperties_Glower">
				<glowRadius>4</glowRadius>
				<glowColor>(123,255,233,0)</glowColor>
			</li>
	  <li Class="KoltoTank.CompProperties_SecondLayer">
			<graphicData>
				<texPath>kolto_system/KoltoTank_Round_south_floor</texPath>
				<graphicClass>Graphic_Single</graphicClass>
				<drawSize>(3,3)</drawSize>
				<drawRotated>false</drawRotated>
			</graphicData>
			<offset>(0,0,0)</offset>
			<altitudeLayer>LayingPawn</altitudeLayer>
		</li>
    </comps>
		<innerDrawOffset>(0, 0, -0.25)</innerDrawOffset>
		<waterDrawCenter>(0, 0.25, 0.0)</waterDrawCenter>
		<waterDrawSize>(2, 2)</waterDrawSize>
		<bodySizeMin>0</bodySizeMin>
		<bodySizeMax>1.3</bodySizeMax>
    <placeWorkers>
      <li>PlaceWorker_PreventInteractionSpotOverlap</li>
    </placeWorkers>
  </ThingDef>
  
  
  
  
  <JobDef>
    <defName>EnterKoltoTank</defName>
    <driverClass>KoltoTank.JobDriver_EnterKoltoTank</driverClass>
    <reportString>entering Kolto tank.</reportString>
    <allowOpportunisticPrefix>true</allowOpportunisticPrefix>
  </JobDef>

  <JobDef>
    <defName>CarryToKoltoTank</defName>
    <driverClass>KoltoTank.JobDriver_CarryToKoltoTank</driverClass>
    <reportString>carrying TargetA to Kolto tank.</reportString>
    <casualInterruptible>false</casualInterruptible>
  </JobDef>

</Defs>  