﻿<?xml version="1.0" encoding="utf-8"?>
<ModMetaData>

	<!-- General Details ~~~~~~~~~~~~~~~~~~~~~~~~~~~~~~~~~~~~~~~~~~~~~~~~ -->
	<name>Star Wars KotOR Core</name>
	<description>This is a beta build of the upcoming KotOR Core mod. This is unfinished. Do not expect further support. This mod will be officially releasing in 1.5 only.</description>
	<author>MajesticMadman, guy762, and lee01richards</author>
	
	<!-- Technical Details ~~~~~~~~~~~~~~~~~~~~~~~~~~~~~~~~~~~~~~~~~~~~~~~~ -->
	<supportedVersions>
		<li>1.4</li>
	</supportedVersions>
	<packageId>MG.KnightsOfTheOuterRim</packageId>
	
	<!-- Requirements ~~~~~~~~~~~~~~~~~~~~~~~~~~~~~~~~~~~~~~~~~~~~~~~~ -->
	<modDependencies>
	<li>
		<packageId>OskarPotocki.VanillaFactionsExpanded.Core</packageId>
		<displayName>Vanilla Expanded Framework</displayName>
		<steamWorkshopUrl>steam://url/CommunityFilePage/2023507013</steamWorkshopUrl>
		<downloadUrl>https://github.com/Vanilla-Expanded/VanillaExpandedFramework</downloadUrl>
	  </li>
	  <li>
        <packageId>antaioz.modmedicinepatch</packageId>
        <displayName>Mod Medicine Patch</displayName>
        <steamWorkshopUrl>steam://url/CommunityFilePage/1430084631</steamWorkshopUrl>
    </li>
  </modDependencies>
  
  <loadAfter>
		<li>Ludeon.RimWorld</li>
		<li>Ludeon.RimWorld.Royalty</li>
		<li>Ludeon.RimWorld.Ideology</li>
		<li>Ludeon.RimWorld.Biotech</li>
		<li>antaioz.modmedicinepatch</li>
		<li>OskarPotocki.VanillaFactionsExpanded.Core</li>
		<li>smartkar.athenaframework</li>
		<li>Killathon.MechHumanlikes.AndroidTiersCore</li>
		<li>guy762.StarWarsXenotypes</li>
	</loadAfter>
	<loadBefore>
		<li>guy762.KotORWeapons</li>
		<li>guy762.KotORDroids</li>
		<li>guy762.KotORFactions</li>
	</loadBefore>
	
	<incompatibleWith>
	  <li>guy762.KotORWeapons</li>
	  <li>guy762.KotORGadgets</li>
	</incompatibleWith>
  
</ModMetaData>