<?xml version="1.0" encoding="utf-8" ?>
<Defs>

	<PawnKindDef Name="MandoClanBase" Abstract="True">
		<defaultFactionType>guy762_KotORFaction_MandoClan</defaultFactionType>
		<race>Human</race>
		<apparelIgnoreSeasons>true</apparelIgnoreSeasons>
		<minGenerationAge>16</minGenerationAge>
		<chemicalAddictionChance>0</chemicalAddictionChance>
		<backstoryCryptosleepCommonality>0</backstoryCryptosleepCommonality>
		<apparelAllowHeadgearChance>1.0</apparelAllowHeadgearChance>
		<invNutrition>1.5</invNutrition>
		<inventoryOptions>
			<skipChance>0.9</skipChance>
			<subOptionsChooseOne>
				<li>
					<thingDef>guy762_medpac</thingDef>
					<countRange>1~3</countRange>
				</li>
			</subOptionsChooseOne>
		</inventoryOptions>
		<biocodeWeaponChance>0.95</biocodeWeaponChance>
		<isFighter>true</isFighter>
		<requiredWorkTags>
		  <li>Violent</li>
		</requiredWorkTags>
		<disallowedTraits>
			<li>Wimp</li>
        </disallowedTraits>
		<apparelMoney>
			<min>12000</min>
			<max>12000</max>
		</apparelMoney>
		<apparelRequired Inherit="False">
			<li>guy762_Bodysuit</li>
		</apparelRequired>
		<apparelTags>
			<li>MNCFactionArmor</li>
		</apparelTags>
		<weaponMoney>
			<min>6000</min>
			<max>12000</max>
		</weaponMoney>
		<techHediffsChance>0.3</techHediffsChance>
		<techHediffsMoney>
			<min>12000</min>
			<max>20000</max>
		</techHediffsMoney>
		<techHediffsTags>
		  <li>Spacer</li>
		  <li>Advanced</li>
		  <li>AdvancedWeapon</li>
		</techHediffsTags>
		
		<initialWillRange>5~10</initialWillRange>
		<initialResistanceRange>10~20</initialResistanceRange>
		<apparelIgnorePollution MayRequire="Ludeon.RimWorld.Biotech">true</apparelIgnorePollution>
		
		<xenotypeSet>
		  <xenotypeChances>
			<Baseliner MayRequire="Ludeon.RimWorld.Biotech">0.25</Baseliner>
			<guy762_xenotype_aqualish MayRequire="guy762.StarWarsXenotypes">0.05</guy762_xenotype_aqualish> <!--1.00 total-->
			<guy762_xenotype_devaronian MayRequire="guy762.StarWarsXenotypes">0.05</guy762_xenotype_devaronian>
			<guy762_xenotype_duros MayRequire="guy762.StarWarsXenotypes">0.05</guy762_xenotype_duros>
			<guy762_xenotype_falleen MayRequire="guy762.StarWarsXenotypes">0.01</guy762_xenotype_falleen>
			<guy762_xenotype_feeorin MayRequire="guy762.StarWarsXenotypes">0.02</guy762_xenotype_feeorin>
			<guy762_xenotype_iridonian MayRequire="guy762.StarWarsXenotypes">0.05</guy762_xenotype_iridonian>
			<guy762_xenotype_nautolan MayRequire="guy762.StarWarsXenotypes">0.03</guy762_xenotype_nautolan>
			<guy762_xenotype_quarren MayRequire="guy762.StarWarsXenotypes">0.05</guy762_xenotype_quarren>
			<guy762_xenotype_rodian MayRequire="guy762.StarWarsXenotypes">0.10</guy762_xenotype_rodian>
			<guy762_xenotype_snivvian MayRequire="guy762.StarWarsXenotypes">0.01</guy762_xenotype_snivvian>
			<guy762_xenotype_sullustan MayRequire="guy762.StarWarsXenotypes">0.01</guy762_xenotype_sullustan>
			<guy762_xenotype_togruta MayRequire="guy762.StarWarsXenotypes">0.05</guy762_xenotype_togruta>
			<guy762_xenotype_twilek MayRequire="guy762.StarWarsXenotypes">0.15</guy762_xenotype_twilek>
			<guy762_xenotype_weequay MayRequire="guy762.StarWarsXenotypes">0.07</guy762_xenotype_weequay>
			<guy762_xenotype_zabrak MayRequire="guy762.StarWarsXenotypes">0.05</guy762_xenotype_zabrak>
			<guy762_xenotype_zeltron MayRequire="guy762.StarWarsXenotypes">0.01</guy762_xenotype_zeltron>
		  </xenotypeChances>
		</xenotypeSet>
	</PawnKindDef>
	
	<PawnKindDef Name="MandoClanBase_blue" Abstract="True" ParentName="MandoClanBase">
		<specificApparelRequirements>
			<li>
				<apparelLayer>OnSkin</apparelLayer>
				<color>(120,110,180)</color>
			</li>
			<li>
				<apparelLayer>Middle</apparelLayer>
				<color>(125,155,195)</color>
			</li>
			<li>
				<apparelLayer>Overhead</apparelLayer>
				<color>(125,155,195)</color>
			</li>
		</specificApparelRequirements>
		<inventoryOptions>
			<skipChance>0.25</skipChance>
			<subOptionsChooseOne>
				<li>
					<thingDef>guy762_medpac</thingDef>
					<countRange>1~3</countRange>
				</li>
				<li>
				  <thingDef>guy762_stim_battle</thingDef>
				  <countRange>0~1</countRange>
				</li>
			</subOptionsChooseOne>
		</inventoryOptions>
	</PawnKindDef>
	
	<PawnKindDef Name="MandoClanBase_red" Abstract="True" ParentName="MandoClanBase">
		<specificApparelRequirements>
			<li>
				<apparelLayer>OnSkin</apparelLayer>
				<color>(165,80,80)</color>
			</li>
			<li>
				<apparelLayer>Middle</apparelLayer>
				<color>(180,85,85)</color>
			</li>
			<li>
				<apparelLayer>Overhead</apparelLayer>
				<color>(180,85,85)</color>
			</li>
		</specificApparelRequirements>
		<inventoryOptions>
		  <skipChance>0.25</skipChance>
		  <subOptionsChooseOne>
			<li>
			  <thingDef>guy762_stim_hyperbattle</thingDef>
			  <countRange>0~1</countRange>
			</li>
			<li>
			  <thingDef>guy762_stim_con</thingDef>
			  <countRange>0~1</countRange>
			</li>
			<li>
			  <thingDef>guy762_stim_dex</thingDef>
			  <countRange>0~1</countRange>
			</li>
			<li>
				<thingDef>guy762_medpac_adv</thingDef>
				<countRange>1~3</countRange>
			</li>
		  </subOptionsChooseOne>
		</inventoryOptions>
	</PawnKindDef>
	
	<PawnKindDef Name="MandoClanBase_gold" Abstract="True" ParentName="MandoClanBase">
		<specificApparelRequirements>
			<li>
				<apparelLayer>OnSkin</apparelLayer>
				<color>(210,200,15)</color>
			</li>
			<li>
				<apparelLayer>Middle</apparelLayer>
				<color>(210,160,15)</color>
			</li>
			<li>
				<apparelLayer>Overhead</apparelLayer>
				<color>(210,160,15)</color>
			</li>
		</specificApparelRequirements>
		<inventoryOptions>
		  <skipChance>0.25</skipChance>
		  <subOptionsChooseOne>
			<li>
			  <thingDef>guy762_stim_echani</thingDef>
			  <countRange>0~1</countRange>
			</li>
			<li>
			  <thingDef>guy762_stim_hypercon</thingDef>
			  <countRange>0~1</countRange>
			</li>
			<li>
			  <thingDef>guy762_stim_hyperdex</thingDef>
			  <countRange>0~1</countRange>
			</li>
			<li>
				<thingDef>guy762_medpac_life</thingDef>
				<countRange>1~3</countRange>
			</li>
		  </subOptionsChooseOne>
		</inventoryOptions>
	</PawnKindDef>
	

			<!--troopers-->
	   
	<PawnKindDef ParentName="MandoClanBase_blue">
		<defName>MandoClan_trooper</defName>
		<label>Mandalorian trooper</label>
		<combatPower>100</combatPower>
		<maxGenerationAge>30</maxGenerationAge>
		<gearHealthRange>0.7~2.3</gearHealthRange>
		<itemQuality>Poor</itemQuality>
		<weaponTags>
			<li>MNC_trooper</li>
		</weaponTags>
		<apparelTags>
			<li>KotOREquipment_basic</li>
			<li>KotORUtility_weakgrenade</li>
		</apparelTags>
		<apparelRequired Inherit="False">
			<li>guy762_MandoArmor_battle</li>
			<li>guy762_Bodysuit_Dyeable</li>
		</apparelRequired>
		<apparelAllowHeadgearChance>0.5</apparelAllowHeadgearChance>
		<specificApparelRequirements>
			<li>
				<apparelLayer>OnSkin</apparelLayer>
				<color>(145,150,195)</color>
			</li>
		</specificApparelRequirements>
		<skills>
		<li>
			<skill>Shooting</skill>
			<range>7~11</range>
		</li>
		<li>
			<skill>Melee</skill>
			<range>0~7</range>
		</li>
		</skills>
		<disallowedTraits>
		  <li>Brawler</li>
		</disallowedTraits>
	</PawnKindDef>
	
	
			<!--scouts-->
	   	
	<PawnKindDef ParentName="MandoClanBase">
		<defName>MandoClan_scout</defName>
		<label>Mandalorian scout</label>
		<combatPower>80</combatPower>
		<maxGenerationAge>35</maxGenerationAge>
		<gearHealthRange>0.8~2.3</gearHealthRange>
		<itemQuality>Normal</itemQuality>
		<weaponTags>
			<li>MNC_scout</li>
		</weaponTags>
		<apparelRequired Inherit="False">
			<li>guy762_MidBattleArmor_mando</li>
		</apparelRequired>
		<specificApparelRequirements>
			<li>
				<apparelLayer>Middle</apparelLayer>
				<color>(125,155,195)</color>
			</li>
			<li>
				<apparelLayer>Overhead</apparelLayer>
				<color>(125,155,195)</color>
			</li>
		</specificApparelRequirements>
		<apparelAllowHeadgearChance>0.5</apparelAllowHeadgearChance>
		<apparelTags>
			<li>KotORStealthBelt_basic</li>
			<li>KotOREquipment_basic</li>
		</apparelTags>
		<skills>
		<li>
			<skill>Shooting</skill>
			<range>8~13</range>
		</li>
		<li>
			<skill>Melee</skill>
			<range>0~8</range>
		</li>
		</skills>
		<disallowedTraits>
		  <li>Brawler</li>
		</disallowedTraits>
	</PawnKindDef>	
	
	
			<!--warrior-->
	   	
	<PawnKindDef ParentName="MandoClanBase_blue">
		<defName>MandoClan_warrior</defName>
		<label>Mandalorian warrior</label>
		<combatPower>100</combatPower>
		<maxGenerationAge>35</maxGenerationAge>
		<gearHealthRange>0.9~2.3</gearHealthRange>
		<itemQuality>Good</itemQuality>
		<weaponTags>
			<li>KotORMelee_weak</li>
		</weaponTags>
		<apparelTags>
			<li>KotOREquipment_basic</li>
			<li>KotORShield_basic</li>
			<li>KotORShield_mando</li>
		</apparelTags>
		<apparelRequired Inherit="False">
			<li>guy762_MandoArmor_battle</li>
			<li>guy762_Bodysuit_Dyeable</li>
		</apparelRequired>
		<apparelAllowHeadgearChance>0.5</apparelAllowHeadgearChance>
		<specificApparelRequirements>
			<li>
				<apparelLayer>OnSkin</apparelLayer>
				<color>(145,150,195)</color>
			</li>
		</specificApparelRequirements>
		<skills>
		<li>
			<skill>Shooting</skill>
			<range>0~8</range>
		</li>
		<li>
			<skill>Melee</skill>
			<range>8~13</range>
		</li>
		</skills>
		<disallowedTraits>
		  <li>ShootingAccuracy</li>
		</disallowedTraits>
	</PawnKindDef>	
	
		
			<!--commando-->
			
	 <PawnKindDef ParentName="MandoClanBase_blue">
		<defName>MandoClan_commando</defName>
		<label>Mandalorian commando</label>
		<combatPower>175</combatPower>
		<maxGenerationAge>35</maxGenerationAge>
		<gearHealthRange>0.9~2.3</gearHealthRange>
		<itemQuality>Normal</itemQuality>
		<weaponTags>
			<li>MNC_commando</li>
		</weaponTags>
		<apparelTags>
			<li>BeltDefensePop</li>
			<li>KotOREquipment_adv</li>
			<li>MNC_jetpack_light</li>
			<li>KotORShield_basic</li>
			<li>KotORShield_mando</li>
			<li>KotORUtility_weakgrenade</li>
			<li>KotORUtility_utilitygrenade</li>
		</apparelTags>
		<apparelRequired>
			<li>guy762_MNCHelmet</li>
			<li>guy762_MandoArmor_assault</li>
		</apparelRequired>
		<skills>
		<li>
			<skill>Shooting</skill>
			<range>11~14</range>
		</li>
		<li>
			<skill>Melee</skill>
			<range>11~14</range>
		</li>
		</skills>
		<disallowedTraits>
		  <li>Brawler</li>
		</disallowedTraits>
		<techHediffsMoney>400~1200</techHediffsMoney>
		<techHediffsChance>2</techHediffsChance>
		<techHediffsTags>
			<li>Advanced</li>
			<li>AdvancedWeapon</li>
		</techHediffsTags>
	</PawnKindDef>
	
			
			<!--marauder-->
				
	<PawnKindDef ParentName="MandoClanBase_blue">
		<defName>MandoClan_marauder</defName>
		<label>Mandalorian marauder</label>
		<combatPower>175</combatPower>
		<maxGenerationAge>35</maxGenerationAge>
		<gearHealthRange>1~2.3</gearHealthRange>
		<itemQuality>Good</itemQuality>
		<weaponTags>
			<li>MNC_marauder</li>
		</weaponTags>
		<apparelTags>
			<li>KotOREquipment_adv</li>
			<li>KotORShield_mid</li>
			<li>KotORShield_mando</li>
			<li>MNC_jetpack_light</li>
		</apparelTags>
		<apparelRequired>
			<li>guy762_MNCHelmet</li>
			<li>guy762_MandoArmor_assault</li>
			<li>guy762_Jetpack_light</li>
		</apparelRequired>
		<skills>
		<li>
			<skill>Shooting</skill>
			<range>0~13</range>
		</li>
		<li>
			<skill>Melee</skill>
			<range>13~17</range>
		</li>
		</skills>
		<disallowedTraits>
		  <li>ShootingAccuracy</li>
		</disallowedTraits>
		<techHediffsMoney>400~1200</techHediffsMoney>
		<techHediffsChance>2</techHediffsChance>
		<techHediffsTags>
			<li>Advanced</li>
			<li>AdvancedWeapon</li>
		</techHediffsTags>
	</PawnKindDef>
	
		
			<!--heavy-->
				
	<PawnKindDef ParentName="MandoClanBase_blue">
		<defName>MandoClan_heavy</defName>
		<label>Mandalorian heavy</label>
		<combatPower>200</combatPower>
		<maxGenerationAge>35</maxGenerationAge>
		<gearHealthRange>0.9~2.3</gearHealthRange>
		<itemQuality>Normal</itemQuality>
		<weaponTags>
			<li>MNC_heavy</li>
			<li>GunSingleUse</li>
		</weaponTags>
		<apparelTags>
			<li>KotOREquipment_adv</li>
			<li>KotORShield_mid</li>
			<li>MNC_jetpack_light</li>
			<li>KotORUtility_stronggrenade</li>
			<li>KotORUtility_utilitygrenade</li>
		</apparelTags>
		<apparelRequired>
			<li>guy762_MNCHelmet</li>
			<li>guy762_MandoArmor_assault</li>
		</apparelRequired>
		<skills>
		<li>
			<skill>Shooting</skill>
			<range>12~15</range>
		</li>
		<li>
			<skill>Melee</skill>
			<range>0~12</range>
		</li>
		</skills>
		<disallowedTraits>
		  <li>Brawler</li>
		</disallowedTraits>
		<techHediffsMoney>400~1200</techHediffsMoney>
		<techHediffsChance>2</techHediffsChance>
		<techHediffsTags>
			<li>Advanced</li>
			<li>AdvancedWeapon</li>
		</techHediffsTags>
		<modExtensions>
			<li Class="BodyTypeForPawnKind.ModExtension_BodyTypesOfPawnKind">
			  <whitelist>
				<li>Hulk</li>
			  </whitelist>
			  <blacklist>
			  </blacklist>
			  <priority>
				<!--When violates the black/whitelist, selected from these-->
				<li>Hulk</li>
			  </priority>
			  <!--Align body gender to pawn's gender (default: True)-->
			  <checkGender>False</checkGender>
			</li>
		</modExtensions>
	</PawnKindDef>
	
	
	
		<!--sapper-->
	   	
	<PawnKindDef ParentName="MandoClanBase">
		<defName>MandoClan_sapper</defName>
		<label>Mandalorian saboteur</label>
		<combatPower>100</combatPower>
		<maxGenerationAge>35</maxGenerationAge>
		<gearHealthRange>1</gearHealthRange>
		<itemQuality>Good</itemQuality>
		
		<canBeSapper>true</canBeSapper>
		<isGoodBreacher>true</isGoodBreacher>
		
		<weaponTags>
			<li>MNC_sapper</li>
		</weaponTags>
		<apparelRequired Inherit="False">
			<li>guy762_MidBattleArmor_mando</li>
			<li>guy762_grenadebelt_sonic</li>
		</apparelRequired>
		<specificApparelRequirements>
			<li>
				<apparelLayer>Middle</apparelLayer>
				<color>(180,85,85)</color>
			</li>
			<li>
				<apparelLayer>Overhead</apparelLayer>
				<color>(180,85,85)</color>
			</li>
		</specificApparelRequirements>
		<apparelAllowHeadgearChance>1</apparelAllowHeadgearChance>
		<apparelTags>
			<li>KotORStealthBelt_adv</li>
			<li>KotOREquipment_adv</li>
			<li>MNC_jetpack_light</li>
		</apparelTags>
		<inventoryOptions>
		  <skipChance>0</skipChance>
		  <subOptionsChooseOne>
			<li>
			  <thingDef>guy762_stim_hyperdex</thingDef>
			  <countRange>1~2</countRange>
			</li>
		  </subOptionsChooseOne>
		</inventoryOptions>
		<skills>
			<li>
				<skill>Shooting</skill>
				<range>12~15</range>
			</li>
			<li>
				<skill>Melee</skill>
				<range>12~15</range>
			</li>
		</skills>
		<disallowedTraits>
		  <li>Brawler</li>
		</disallowedTraits>
	</PawnKindDef>	
	
		
			<!--rally master-->
			
	<PawnKindDef ParentName="MandoClanBase_red">
		<defName>MandoClan_rallymaster</defName>
		<label>Mandalorian rally master</label>
		<combatPower>250</combatPower>
		<maxPerGroup>2</maxPerGroup>
		<maxGenerationAge>35</maxGenerationAge>
		<gearHealthRange>1~2.3</gearHealthRange>
		<itemQuality>Good</itemQuality>
		<weaponTags>
			<li>MNC_commando</li>
			<li>MNC_heavy</li>
			<li>KotORSniper</li>
			<li>MNC_sniper</li>
		</weaponTags>
		<apparelTags>
			<li>KotOREquipment_adv</li>
			<li>KotORShield_mid</li>
			<li>KotORShield_mando</li>
			<li>KotORWristgun</li>
			<li>KotORUtility_utilitygrenade</li>
			<li>KotORUtility_stronggrenade</li>
		</apparelTags>
		<apparelRequired>
			<li>guy762_MNCHelmet</li>
			<li>guy762_MandoArmor_assault</li>
			<li>Apparel_PackBroadshield</li>
		</apparelRequired>
		<skills>
		<li>
			<skill>Shooting</skill>
			<range>12~16</range>
		</li>
		<li>
			<skill>Melee</skill>
			<range>12~16</range>
		</li>
		<li>
			<skill>Social</skill>
			<range>9~14</range>
		</li>
		<li>
			<skill>Intellectual</skill>
			<range>7~12</range>
		</li>
		</skills>
		<disallowedTraits>
		  <li>Brawler</li>
		  <li>CreepyBreathing</li>
		  <li>AnnoyingVoice</li>
		</disallowedTraits>
		<disallowedTraitsWithDegree>
		  <Industriousness>-2</Industriousness>
		  <Nerves>-2</Nerves>
		</disallowedTraitsWithDegree>
		<techHediffsMoney>400~1200</techHediffsMoney>
		<techHediffsChance>4</techHediffsChance>
		<techHediffsTags>
			<li>Advanced</li>
			<li>AdvancedWeapon</li>
		</techHediffsTags>
		<abilities>
			<li>MarksmanCommand</li>
		</abilities>
	</PawnKindDef>
	
		
			<!--champion-->
			
	<PawnKindDef ParentName="MandoClanBase_gold">
		<defName>MandoClan_champion</defName>
		<label>Mandalorian champion</label>
		<combatPower>1000</combatPower>
		<maxGenerationAge>40</maxGenerationAge>
		<gearHealthRange>1~2.3</gearHealthRange>
		<itemQuality>Excellent</itemQuality>
		<weaponMoney>99999</weaponMoney>
		<weaponTags>
			<li>MNC_champion</li>
			<li>MNC_commando</li>
			<li>MNC_heavy</li>
			<li>KotORMelee_strong</li>
		</weaponTags>
		<biocodeWeaponChance>1</biocodeWeaponChance>
		<apparelTags>
			<li>KotOREquipment_rare</li>
			<li>KotORWristgun</li>
			<li>KotORShield_strong</li>
			<li>KotORUtility_stronggrenade</li>
			<li>MNC_jetpack_mid</li>
		</apparelTags>
		<apparelRequired>
			<li>guy762_MNCHelmet</li>
			<li>guy762_MandoArmor_assault</li>
		</apparelRequired>
		<skills>
		<li>
			<skill>Shooting</skill>
			<range>16~20</range>
		</li>
		<li>
			<skill>Melee</skill>
			<range>16~20</range>
		</li>
		<li>
			<skill>Social</skill>
			<range>0~14</range>
		</li>
		<li>
			<skill>Intellectual</skill>
			<range>0~14</range>
		</li>
		</skills>
		<disallowedTraits>
		  <li>Brawler</li>
		</disallowedTraits>
		<techHediffsMoney>2000~4000</techHediffsMoney>
		<techHediffsChance>6</techHediffsChance>
		<techHediffsTags>
			<li>Advanced</li>
			<li>AdvancedWeapon</li>
		</techHediffsTags>
	</PawnKindDef>
	
									
		
			<!--field marshal-->
						
	<PawnKindDef ParentName="MandoClanBase_gold">
		<defName>MandoClan_fieldmarshal</defName>
		<label>Mandalorian field marshal</label>
		<combatPower>500</combatPower>
		<factionLeader>true</factionLeader>
		<maxPerGroup>1</maxPerGroup>
		<maxGenerationAge>40</maxGenerationAge>
		<gearHealthRange>1~2.3</gearHealthRange>
		<itemQuality>Excellent</itemQuality>
		<weaponMoney>999999</weaponMoney>
		<weaponTags>
			<li>MNC_commando</li>
			<li>MNC_heavy</li>
			<li>MNC_champion</li>
			<li>MNC_sniper</li>
		</weaponTags>
		<apparelTags>
			<li>KotOREquipment_rare</li>
			<li>KotORShield_strong</li>
			<li>KotORWristgun</li>
			<li>MNC_jetpack_mid</li>
		</apparelTags>
		<apparelRequired>
			<li>guy762_MNCHelmet</li>
			<li>guy762_MandoArmor_assault</li>
		</apparelRequired>
		<skills>
		<li>
			<skill>Shooting</skill>
			<range>16~20</range>
		</li>
		<li>
			<skill>Melee</skill>
			<range>16~20</range>
		</li>
		<li>
			<skill>Social</skill>
			<range>14~17</range>
		</li>
		<li>
			<skill>Intellectual</skill>
			<range>14~17</range>
		</li>
		</skills>
		<disallowedTraits>
		  <li>Brawler</li>
		  <li>CreepyBreathing</li>
		  <li>AnnoyingVoice</li>
		</disallowedTraits>
		<disallowedTraitsWithDegree>
		  <li>
			  <Industriousness>-1~-2</Industriousness>
			  <Nerves>-1~-2</Nerves>
		  </li>
		</disallowedTraitsWithDegree>
		<techHediffsMoney>2000~4000</techHediffsMoney>
		<techHediffsChance>6</techHediffsChance>
		<techHediffsTags>
			<li>Advanced</li>
			<li>AdvancedWeapon</li>
		</techHediffsTags>
		<abilities>
			<li>CombatCommand</li>
		</abilities>
	</PawnKindDef>
	
	
	
	
	
</Defs>
