﻿<?xml version="1.0" encoding="utf-8" ?>

<Defs>
  
		
	<PawnKindDef Name="Exchange_agent" ParentName="ExchangeBase">
		<defName>Exchange_agent</defName>
		<label>Exchange agent</label>
		<combatPower>50</combatPower>
		<maxGenerationAge>65</maxGenerationAge>
		<itemQuality>Normal</itemQuality>
		<apparelMoney>99999</apparelMoney>
		<apparelTags>
		  <li>IndustrialAdvanced</li>
		  <li>KotORHeadband_tech</li>
		  <li>SaV_ExchangeGadget</li>
		  <li>KotORShield_basic</li>
		</apparelTags>
		<apparelRequired>
		   <li>guy762_CombatSuit</li>
		   <li>guy762_Clothing_smuggler</li>	
		   <li>guy762_belt_exchange</li>	
		</apparelRequired>
		<specificApparelRequirements>
			<li>
				<apparelLayer>OnSkin</apparelLayer>
				<colorGenerator Class="ColorGenerator_Options">
				  <options>
					<li>
						<only>(130,130,135)</only> <!-- dark -->
					</li>
					<li>
						<only>(160,145,200)</only> <!-- lavender -->
					</li>
					<li>
						<only>(145,195,230)</only> <!-- cyan -->
					</li>
				  </options>
				</colorGenerator>
			</li>
			<li>
				<apparelLayer>Middle</apparelLayer>
				<stuff>KOTOR_FabricArmorweave</stuff>
			</li>
			<li>
				<apparelLayer>Shell</apparelLayer>
				<stuff>Synthread</stuff>
				<color>(62,62,62)</color>
			</li>
		</specificApparelRequirements>
		<apparelAllowHeadgearChance>1.5</apparelAllowHeadgearChance>
		<weaponMoney>99999</weaponMoney>
		<weaponTags>
		  <li>EXC_agent</li>
		</weaponTags>
		<skills>
			<li>
				<skill>Shooting</skill>
				<range>7~12</range>
			</li>
			<li>
				<skill>Crafting</skill>
				<range>8~12</range>
			</li>
			<li>
				<skill>Intellectual</skill>
				<range>12~18</range>
			</li>
		</skills>
		<disallowedTraits>
		  <li>Brawler</li>
		</disallowedTraits>
		<inventoryOptions>
			<skipChance>0</skipChance>
			<subOptionsChooseOne>
				<li>
					<thingDef>guy762_medpac_adv</thingDef>
					<countRange>1~3</countRange>
				</li>
			</subOptionsChooseOne>
		</inventoryOptions>
		
		<initialWillRange>0.5~2</initialWillRange>
		<initialResistanceRange>5~10</initialResistanceRange>
		<isFighter>true</isFighter>
		<apparelIgnoreSeasons>false</apparelIgnoreSeasons>
	  </PawnKindDef>
	
	<PawnKindDef Name="Exchange_hitman" ParentName="ExchangeBase">
		<defName>Exchange_hitman</defName>
		<label>Exchange hitman</label>
		<combatPower>100</combatPower>
		<minGenerationAge>18</minGenerationAge>
		<maxGenerationAge>45</maxGenerationAge>
		<itemQuality>Good</itemQuality>
		<apparelMoney>99999</apparelMoney>
		<apparelTags>
		  <li>IndustrialAdvanced</li>
		  <li>KotORHeadband_gasmask</li>
		  <li>SaV_ExchangeGadget</li>
		  <li>KotORShield_basic</li>
		</apparelTags>
		<apparelRequired>
		   <li>guy762_CombatSuit_cinnagar</li>
		   <li>guy762_Clothing_smuggler</li>
		</apparelRequired>
		<specificApparelRequirements>
			<li>
				<apparelLayer>OnSkin</apparelLayer>
				<colorGenerator Class="ColorGenerator_Options">
				  <options>
					<li>
						<only>(130,130,135)</only> <!-- dark -->
					</li>
					<li>
						<only>(160,145,200)</only> <!-- lavender -->
					</li>
					<li>
						<only>(145,195,230)</only> <!-- cyan -->
					</li>
				  </options>
				</colorGenerator>
			</li>
			<li>
				<apparelLayer>Middle</apparelLayer>
				<alternateTagChoices>
				  <li>
					<tag>SaV_apparel_exchange</tag>
					<chance>0.5</chance>
				  </li>
				</alternateTagChoices>
			</li>
			<li>
				<apparelLayer>Shell</apparelLayer>
				<stuff>Synthread</stuff>
				<color>(62,62,62)</color>
			</li>
		</specificApparelRequirements>
		<apparelAllowHeadgearChance>1.5</apparelAllowHeadgearChance>
		<weaponMoney>99999</weaponMoney>
		<weaponTags>
		  <li>SaV_assassin</li>
		  <li>EXC_hitman</li>
		</weaponTags>
		<skills>
			<li>
				<skill>Shooting</skill>
				<range>14~16</range>
			</li>
			<li>
				<skill>Melee</skill>
				<range>14~16</range>
			</li>
		</skills>
		<disallowedTraits>
		  <li>Brawler</li>
		</disallowedTraits>
		<inventoryOptions>
			<skipChance>0</skipChance>
			<subOptionsChooseOne>
				<li>
					<thingDef>guy762_medpac_adv</thingDef>
					<countRange>1~3</countRange>
				</li>
				<li>
				  <thingDef>guy762_stim_battle</thingDef>
				  <countRange>1~2</countRange>
				</li>
				<li>
				  <thingDef>guy762_stim_dex</thingDef>
				  <countRange>1~2</countRange>
				</li>
			</subOptionsChooseOne>
		</inventoryOptions>
		
		<initialWillRange>0.5~2</initialWillRange>
		<initialResistanceRange>5~10</initialResistanceRange>
		<isFighter>true</isFighter>
		<apparelIgnoreSeasons>false</apparelIgnoreSeasons>
	  </PawnKindDef>
	  
	  <PawnKindDef Name="Exchange_assassin" ParentName="ExchangeBase">
		<defName>Exchange_assassin</defName>
		<label>Exchange assassin</label>
		<combatPower>200</combatPower>
		<minGenerationAge>18</minGenerationAge>
		<maxGenerationAge>45</maxGenerationAge>
		<itemQuality>Excellent</itemQuality>
		<apparelMoney>99999</apparelMoney>
		<apparelTags>
		  <li>IndustrialAdvanced</li>
		  <li>KotORHeadband_gasmask</li>
		  <li>SaV_ExchangeGadget</li>
		  <li>SaV_apparel_excassassin</li>
		  <li>KotORShield_strong</li>
		</apparelTags>
		<apparelRequired>
		   <li>guy762_HvySuit_baragwin</li>
		   <li>guy762_Bodysuit</li>
		   <li>guy762_stealthbelt_exchange</li>	
		</apparelRequired>
		<specificApparelRequirements>
			<li>
				<apparelLayer>OnSkin</apparelLayer>
				<color>(220,195,255)</color>
			</li>
			<li>
				<apparelLayer>Shell</apparelLayer>
				<stuff>KOTOR_FabricArmorweave</stuff>
			</li>
		</specificApparelRequirements>
		<apparelAllowHeadgearChance>1.5</apparelAllowHeadgearChance>
		<weaponMoney>99999</weaponMoney>
		<weaponTags>
		  <li>EXC_assassin</li>
		</weaponTags>
		<techHediffsChance>0.5</techHediffsChance>
		<techHediffsMoney>99999</techHediffsMoney>
		<techHediffsTags>
		  <li>Advanced</li>
		  <li>AdvancedWeapon</li>
		</techHediffsTags>
		<skills>
			<li>
				<skill>Shooting</skill>
				<range>19~20</range>
			</li>
		</skills>
		<disallowedTraits>
		  <li>Brawler</li>
		</disallowedTraits>
		<inventoryOptions>
			<skipChance>0</skipChance>
			<subOptionsChooseOne>
				<li>
					<thingDef>guy762_medpac_life</thingDef>
					<countRange>1~3</countRange>
				</li>
				<li>
				  <thingDef>guy762_stim_hyperbattle</thingDef>
				  <countRange>1~2</countRange>
				</li>
				<li>
				  <thingDef>guy762_stim_hyperdex</thingDef>
				  <countRange>1~2</countRange>
				</li>
			</subOptionsChooseOne>
		</inventoryOptions>
		
		<initialWillRange>0.5~2</initialWillRange>
		<initialResistanceRange>5~10</initialResistanceRange>
		<isFighter>true</isFighter>
		<apparelIgnoreSeasons>false</apparelIgnoreSeasons>
	  </PawnKindDef>
	  
	  
	  
	  
	  
	  
	  
	  
	  <!--bounty hunters-->


	<PawnKindDef Name="Exchange_bountyhunter_light" ParentName="ExchangeBase">
		<defName>Exchange_bountyhunter_light</defName>
		<label>bounty hunter</label>
		<combatPower>125</combatPower>
		<maxGenerationAge>65</maxGenerationAge>
		<itemQuality>Normal</itemQuality>
		<apparelMoney>400~1500</apparelMoney>
		<apparelTags>
		  <li>Western</li>
		  <li>RoyalTier2</li>
		  <li>KotOREquipment_basic</li>
		  <li>KotORShield_mid</li>
		  <li>KotORUtility_utilitygrenade</li>
		  <li>KotORUtility_weakgrenade</li>
		  <li>KotORHeadband_combat</li>
		</apparelTags>
		<apparelRequired>
		   <li>Apparel_Duster</li>
		   <li>guy762_HvySuit</li>	
		   <li>guy762_Bodysuit_Dyeable</li>
		</apparelRequired>
		<specificApparelRequirements>
			<li>
				<apparelLayer>OnSkin</apparelLayer>
				<color>(70,60,80)</color>
			</li>
			<li>
				<apparelLayer>Middle</apparelLayer>
				<stuff>Plasteel</stuff>
				<alternateTagChoices>
				  <li>
					<tag>SaV_apparel_bountyhunterlight</tag>
					<chance>0.5</chance>
				  </li>
				</alternateTagChoices>
			</li>
			<li>
				<apparelLayer>Shell</apparelLayer>
				<stuff>KOTOR_FabricArmorweave</stuff>
			</li>
			<li>
				<bodyPartGroup>UpperHead</bodyPartGroup>
				<stuff>Synthread</stuff>
				<color>(62,62,62)</color>
			</li>
		</specificApparelRequirements>
		<apparelAllowHeadgearChance>0.5</apparelAllowHeadgearChance>
		<weaponMoney>400~2100</weaponMoney>
		<weaponTags>
		  <li>SaV_bountyhunter</li>
		  <li>KotORRanged_basicrifle</li>
		</weaponTags>
		<inventoryOptions>
		  <skipChance>0.25</skipChance>
		  <subOptionsChooseOne>
			<li>
				<thingDef>guy762_medpac</thingDef>
				<countRange>1~3</countRange>
			</li>
			<li>
			  <thingDef>guy762_stim_battle</thingDef>
			  <countRange>0~1</countRange>
			</li>
		  </subOptionsChooseOne>
		</inventoryOptions>
		
		<skills>
		  <li>
			<skill>Shooting</skill>
			<range>6~12</range>
		  </li>
		</skills>
		<initialWillRange>0.5~2</initialWillRange>
		<initialResistanceRange>5~10</initialResistanceRange>
		<isFighter>true</isFighter>
		<apparelIgnoreSeasons>false</apparelIgnoreSeasons>
	  </PawnKindDef>
	  
	  
	  
	  <PawnKindDef Name="Exchange_bountyhunter_mid" ParentName="ExchangeBase">
		<defName>Exchange_bountyhunter_mid</defName>
		<label>veteran bounty hunter</label>
		<combatPower>175</combatPower>
		<minGenerationAge>20</minGenerationAge>
		<maxGenerationAge>65</maxGenerationAge>
		<itemQuality>Good</itemQuality>
		<apparelMoney>1000~5000</apparelMoney>
		<apparelTags>
		  <li>KotOREquipment_adv</li>
		  <li>KotORStealthBelt_basic</li>
		  <li>KotORShield_mid</li>
		  <li>KotORUtility_utilitygrenade</li>
		  <li>KotORUtility_stronggrenade</li>
		  <li>KotORHeadband_combat</li>
		  <li>KotORHeadband_gasmask</li>
		</apparelTags>
		<apparelRequired>
		   <li>Apparel_Bandolier</li>
		   <li>guy762_LgtBattleArmor_power</li>
		</apparelRequired>
		<specificApparelRequirements>
			<li>
				<apparelLayer>Middle</apparelLayer>
				<alternateTagChoices>
				  <li>
					<tag>SaV_apparel_bountyhuntermid</tag>
					<chance>0.5</chance>
				  </li>
				</alternateTagChoices>
			</li>
			<li>
				<apparelLayer>Shell</apparelLayer>
				<stuff>KOTOR_FabricArmorweave</stuff>
				<color>(250,250,250)</color>
			</li>
		</specificApparelRequirements>
		<apparelAllowHeadgearChance>0.5</apparelAllowHeadgearChance>
		<weaponMoney>1000~5000</weaponMoney>
		<weaponTags>
		  <li>SaV_bountyhunter_mid</li>
		</weaponTags>
		<inventoryOptions>
		  <skipChance>0.125</skipChance>
		  <subOptionsChooseOne>
			<li>
			  <thingDef>guy762_stim_hyperbattle</thingDef>
			  <countRange>0~1</countRange>
			</li>
			<li>
			  <thingDef>guy762_stim_con</thingDef>
			  <countRange>0~1</countRange>
			</li>
			<li>
			  <thingDef>guy762_stim_dex</thingDef>
			  <countRange>0~1</countRange>
			</li>
			<li>
				<thingDef>guy762_medpac_adv</thingDef>
				<countRange>1~3</countRange>
			</li>
		  </subOptionsChooseOne>
		</inventoryOptions>
		
		<skills>
		  <li>
			<skill>Shooting</skill>
			<range>8~14</range>
		  </li>
		  <li>
			<skill>Melee</skill>
			<range>5~10</range>
		  </li>
		</skills>
		<initialWillRange>0.5~2</initialWillRange>
		<initialResistanceRange>5~10</initialResistanceRange>
		<isFighter>true</isFighter>
		<apparelIgnoreSeasons>false</apparelIgnoreSeasons>
	  </PawnKindDef>
	
	  
	  
	  <PawnKindDef Name="Exchange_bountyhunter_heavy" ParentName="ExchangeBase">
		<defName>Exchange_bountyhunter_heavy</defName>
		<label>elite bounty hunter</label>
		<combatPower>250</combatPower>
		<minGenerationAge>22</minGenerationAge>
		<maxGenerationAge>65</maxGenerationAge>
		<itemQuality>Excellent</itemQuality>
		<apparelMoney>5000~15000</apparelMoney>
		<apparelTags>
		  <li>SaV_jetpack</li>
		  <li>KotOREquipment_adv</li>
		  <li>KotORStealthBelt_adv</li>
		  <li>KotORShield_strong</li>
		  <li>KotORUtility_utilitygrenade</li>
		  <li>KotORUtility_stronggrenade</li>
		  <li>KotORHeadband_combat</li>
		  <li>KotORHeadband_gasmask</li>
		  <li>RoyalTier3</li>
		</apparelTags>
		<apparelRequired>
		   <li>Apparel_Bandolier</li>
		   <li>guy762_HvyArmor_flex</li>	
		   <li>guy762_Bodysuit_Dyeable</li>
		</apparelRequired>
		<specificApparelRequirements>
			<li>
				<apparelLayer>Middle</apparelLayer>
				<alternateTagChoices>
				  <li>
					<tag>SaV_apparel_bountyhunterstrong</tag>
					<chance>0.5</chance>
				  </li>
				</alternateTagChoices>
			</li>
			<li>
				<apparelLayer>Shell</apparelLayer>
				<stuff>KOTOR_FabricArmorweave</stuff>
				<color>(250,250,250)</color>
			</li>
		</specificApparelRequirements>
		<apparelAllowHeadgearChance>0.5</apparelAllowHeadgearChance>
		<weaponMoney>5000~15000</weaponMoney>
		<weaponTags>
		  <li>SaV_bountyhunter_hvy</li>
		</weaponTags>
		<inventoryOptions>
		  <skipChance>0.05</skipChance>
		  <subOptionsChooseOne>
			 <li>
			  <thingDef>guy762_stim_echani</thingDef>
			  <countRange>0~1</countRange>
			</li>
			<li>
			  <thingDef>guy762_stim_hypercon</thingDef>
			  <countRange>0~1</countRange>
			</li>
			<li>
			  <thingDef>guy762_stim_hyperdex</thingDef>
			  <countRange>0~1</countRange>
			</li>
			<li>
				<thingDef>guy762_medpac_life</thingDef>
				<countRange>1~3</countRange>
			</li>
		  </subOptionsChooseOne>
		</inventoryOptions>
		
		<skills>
		  <li>
			<skill>Shooting</skill>
			<range>10~16</range>
		  </li>
		  <li>
			<skill>Melee</skill>
			<range>8~12</range>
		  </li>
		</skills>
		<initialWillRange>0.5~2</initialWillRange>
		<initialResistanceRange>5~10</initialResistanceRange>
		<isFighter>true</isFighter>
		<apparelIgnoreSeasons>false</apparelIgnoreSeasons>
	  </PawnKindDef>
	  
	  <PawnKindDef Name="Exchange_bountyhunter_star" ParentName="ExchangeBase">
		<defName>Exchange_bountyhunter_star</defName>
		<label>star bounty hunter</label>
		<combatPower>2500</combatPower>
		<minGenerationAge>24</minGenerationAge>
		<maxGenerationAge>65</maxGenerationAge>
		<itemQuality>Legendary</itemQuality>
		<apparelMoney>9999999</apparelMoney>
		<apparelTags>
		  <li>SaV_jetpack</li>
		  <li>MNC_jetpack_mid</li>
		  <li>KotOREquipment_rare</li>
		  <li>KotORWristgun</li>
		  <li>KotORShield_strong</li>
		  <li>KotORShield_hapan</li>
		  <li>KotORStealthBelt_rare</li>
		  <li>KotORUtility_stronggrenade</li>
		  <li>KotORHeadband_combat</li>
		  <li>KotORHeadband_gasmask</li>
		  <li>RoyalTier3</li>
		</apparelTags>
		<apparelRequired>
		   <li>Apparel_Bandolier</li>
		   <li>guy762_HvyArmor_matrix</li>	
		   <li>guy762_Bodysuit_Dyeable</li>
		</apparelRequired>
		<specificApparelRequirements>
			<li>
				<apparelLayer>Middle</apparelLayer>
				<alternateTagChoices>
				  <li>
					<tag>SaV_apparel_starbountyhunter</tag>
					<chance>0.5</chance>
				  </li>
				</alternateTagChoices>
			</li>
			<li>
				<apparelLayer>Shell</apparelLayer>
				<stuff>KOTOR_FabricArmorweave</stuff>
				<color>(250,250,250)</color>
			</li>
		</specificApparelRequirements>
		<apparelAllowHeadgearChance>1</apparelAllowHeadgearChance>
		<weaponMoney>9999999</weaponMoney>
		<weaponTags>
		  <li>SaV_bountyhunter_star</li>
		</weaponTags>
		<biocodeWeaponChance>1</biocodeWeaponChance>
		<inventoryOptions>
		  <skipChance>0</skipChance>
		  <subOptionsChooseOne>
			 <li>
			  <thingDef>guy762_stim_echani</thingDef>
			  <countRange>1~2</countRange>
			</li>
			<li>
			  <thingDef>guy762_stim_hypercon</thingDef>
			  <countRange>1~2</countRange>
			</li>
			<li>
			  <thingDef>guy762_stim_hyperdex</thingDef>
			  <countRange>1~2</countRange>
			</li>
			<li>
				<thingDef>guy762_medpac_life</thingDef>
				<countRange>3~6</countRange>
			</li>
		  </subOptionsChooseOne>
		</inventoryOptions>
		<skills>
		  <li>
			<skill>Shooting</skill>
			<range>19~20</range>
		  </li>
		  <li>
			<skill>Melee</skill>
			<range>19~20</range>
		  </li>
		  <li>
			<skill>Social</skill>
			<range>12~18</range>
		  </li>
		</skills>
		<techHediffsTags>
		  <li>Advanced</li>
		  <li>AdvancedWeapon</li>
		</techHediffsTags>
		<techHediffsMoney>9999999</techHediffsMoney>
		<initialWillRange>0.5~2</initialWillRange>
		<initialResistanceRange>5~10</initialResistanceRange>
		<isFighter>true</isFighter>
		<apparelIgnoreSeasons>false</apparelIgnoreSeasons>
	  </PawnKindDef>
	
	



	
		<!--mandalorians-->

	
	<PawnKindDef Name="Exchange_mando_merc" ParentName="ExchangeBase">
		<defName>Exchange_mando_merc</defName>
		<label>Mandalorian mercenary</label>
		<combatPower>150</combatPower>
		<minGenerationAge>25</minGenerationAge>
		<maxGenerationAge>55</maxGenerationAge>
		<itemQuality>Normal</itemQuality>
		<gearHealthRange>0.7~2.3</gearHealthRange>
		<weaponMoney>800~2800</weaponMoney>
		<weaponTags>
			<li>MNC_trooper</li>
			<li>MNC_scout</li>
		</weaponTags>
		<apparelMoney>400~1000</apparelMoney>
		<ignoreIdeoApparelColors>true</ignoreIdeoApparelColors>
		<apparelIgnoreSeasons>true</apparelIgnoreSeasons>
		<apparelAllowHeadgearChance>1.0</apparelAllowHeadgearChance>
		<apparelTags>
			<li>KotORShield_basic</li>
			<li>KotORUtility_weakgrenade</li>
			<li>KotORUtility_utilitygrenade</li>
		</apparelTags>
		<apparelRequired Inherit="False">
			<li>guy762_MNCHelmet</li>
			<li>guy762_Bodysuit</li>
			<li>guy762_MandoArmor_assault</li>
		</apparelRequired>
		<specificApparelRequirements>
			<li>
				<apparelLayer>OnSkin</apparelLayer>
				<color>(120,110,180)</color>
			</li>
			<li>
				<apparelLayer>Middle</apparelLayer>
				<color>(125,155,195)</color>
			</li>
			<li>
				<apparelLayer>Overhead</apparelLayer>
				<color>(125,155,195)</color>
			</li>
		</specificApparelRequirements>
		<inventoryOptions>
			<skipChance>0.25</skipChance>
			<subOptionsChooseOne>
				<li>
					<thingDef>guy762_medpac</thingDef>
					<countRange>1~3</countRange>
				</li>
				<li>
				  <thingDef>guy762_stim_battle</thingDef>
				  <countRange>0~1</countRange>
				</li>
			</subOptionsChooseOne>
		</inventoryOptions>
		<isFighter>true</isFighter>
		<techHediffsMoney>50~800</techHediffsMoney>
		<techHediffsTags>
			<li>Simple</li>
			<li>Advanced</li>
		</techHediffsTags>
		<techHediffsChance>0.5</techHediffsChance>
		<skills>
			<li>
				<skill>Shooting</skill>
				<range>7~11</range>
			</li>
			<li>
				<skill>Melee</skill>
				<range>7~11</range>
			</li>
		</skills>
		<initialWillRange>5~10</initialWillRange>
		<initialResistanceRange>10~20</initialResistanceRange>
	</PawnKindDef>
	
	<PawnKindDef Name="Exchange_mando_boss" ParentName="ExchangeBase">
		<defName>Exchange_mando_boss</defName>
		<label>Mandalorian merc boss</label>
		<combatPower>200</combatPower>
		<maxPerGroup>2</maxPerGroup>
		<minGenerationAge>30</minGenerationAge>
		<maxGenerationAge>55</maxGenerationAge>
		<itemQuality>Good</itemQuality>
		<gearHealthRange>1.8~7</gearHealthRange>
		<weaponMoney>2250~3250</weaponMoney>
		<weaponTags>
			<li>MNC_commando</li>
			<li>MNC_heavy</li>
			<li>KotORSniper</li>
		</weaponTags>
		<apparelMoney>2250~3250</apparelMoney>
		<ignoreIdeoApparelColors>true</ignoreIdeoApparelColors>
		<apparelIgnoreSeasons>true</apparelIgnoreSeasons>
		<apparelAllowHeadgearChance>1.0</apparelAllowHeadgearChance>
		<apparelTags>
			<li>KotORWristgun</li>
			<li>MNC_jetpack_light</li>
			<li>KotORShield_mando</li>
			<li>KotORUtility_utilitygrenade</li>
			<li>KotORUtility_stronggrenade</li>
		</apparelTags>
		<apparelRequired Inherit="False">
			<li>guy762_MNCHelmet</li>
			<li>guy762_Bodysuit</li>
			<li>guy762_MandoArmor_assault</li>
		</apparelRequired>
		<specificApparelRequirements>
			<li>
				<apparelLayer>OnSkin</apparelLayer>
				<color>(165,80,80)</color>
			</li>
			<li>
				<apparelLayer>Middle</apparelLayer>
				<color>(180,85,85)</color>
			</li>
			<li>
				<apparelLayer>Overhead</apparelLayer>
				<color>(180,85,85)</color>
			</li>
		</specificApparelRequirements>
		<inventoryOptions>
		  <skipChance>0.25</skipChance>
		  <subOptionsChooseOne>
			<li>
			  <thingDef>guy762_stim_hyperbattle</thingDef>
			  <countRange>0~1</countRange>
			</li>
			<li>
			  <thingDef>guy762_stim_con</thingDef>
			  <countRange>0~1</countRange>
			</li>
			<li>
			  <thingDef>guy762_stim_dex</thingDef>
			  <countRange>0~1</countRange>
			</li>
			<li>
				<thingDef>guy762_medpac_adv</thingDef>
				<countRange>1~3</countRange>
			</li>
		  </subOptionsChooseOne>
		</inventoryOptions>
		<isFighter>true</isFighter>
		<techHediffsMoney>400~1200</techHediffsMoney>
		<techHediffsChance>4</techHediffsChance>
		<techHediffsTags>
			<li>Advanced</li>
			<li>AdvancedWeapon</li>
		</techHediffsTags>
		<skills>
			<li>
				<skill>Shooting</skill>
				<range>7~11</range>
			</li>
			<li>
				<skill>Melee</skill>
				<range>7~11</range>
			</li>
			<li>
				<skill>Social</skill>
				<range>9~14</range>
			</li>
		</skills>
		<initialWillRange>5~10</initialWillRange>
		<initialResistanceRange>10~20</initialResistanceRange>
		<abilities>
			<li>MarksmanCommand</li>
		</abilities>
	</PawnKindDef>
	
	
			<!--trandoshans-->
	
	
	<PawnKindDef Name="Exchange_trando_thug" ParentName="MercTrando_grunt">
		<defName>Exchange_trando_thug</defName>
		<label>Trandoshan thug</label>
		<defaultFactionType>guy762_KotORFaction_Exchange</defaultFactionType>
		<combatPower>80</combatPower>
		<minGenerationAge>18</minGenerationAge>
		<maxGenerationAge>55</maxGenerationAge>
	  </PawnKindDef>
	
	<PawnKindDef Name="Exchange_trando_vet" ParentName="MercTrando_veteran">
		<defName>Exchange_trando_vet</defName>
		<label>Trandoshan veteran</label>
		<defaultFactionType>guy762_KotORFaction_Exchange</defaultFactionType>
		<combatPower>350</combatPower>
		<factionLeader>false</factionLeader>
	  </PawnKindDef> 
	


			<!--wookiees-->


	<PawnKindDef Name="Exchange_wookiee_scoundrel" ParentName="ExchangeBase">
		<defName>Exchange_wookiee_scoundrel</defName>
		<label>Wookiee scoundrel</label>
		<combatPower>150</combatPower>
		<minGenerationAge>100</minGenerationAge>
		<maxGenerationAge>350</maxGenerationAge>
		<xenotypeSet>
			<xenotypeChances>
				<guy762_xenotype_wookiee>999</guy762_xenotype_wookiee>
			</xenotypeChances>
			<warnIfTotalAbove1>false</warnIfTotalAbove1>
		</xenotypeSet>
		<useFactionXenotypes>false</useFactionXenotypes>
		<gearHealthRange>1.8~7</gearHealthRange>
		<itemQuality>Good</itemQuality>
		<apparelMoney>2250~3250</apparelMoney>
		<apparelTags Inherit="False">
		  <li>BeltDefensePop</li>
		  <li>KotORShield_mid</li>
		  <li>KotORShield_strong</li>
		  <li>KotORUtility_weakgrenade</li>
		  <li>KotORUtility_utilitygrenade</li>
		  <li>KotORUtility_stronggrenade</li>
		  <li>Apparel_Yttakin</li>
		</apparelTags>
		<specificApparelRequirements>
			<li>
				<apparelLayer>Middle</apparelLayer>
				<stuff>KOTOR_FabricArmorweave</stuff>
			</li>
			<li>
				<apparelLayer>Shell</apparelLayer>
				<stuff>KOTOR_FabricArmorweave</stuff>
				<color>(250,250,250)</color>
			</li>
		</specificApparelRequirements>
		<apparelAllowHeadgearChance>0</apparelAllowHeadgearChance>
		<weaponMoney>2250~9999</weaponMoney>
		<weaponTags>
		  <li>SaV_commando</li>
		  <li>SaV_heavy</li>
		  <li>KotORBowcaster</li>
		  <li>GunSingleUse</li>
		</weaponTags>
		<techHediffsChance>2</techHediffsChance>
		<techHediffsMoney>400~1200</techHediffsMoney>
		<techHediffsTags>
		  <li>Advanced</li>
		  <li>AdvancedWeapon</li>
		</techHediffsTags>
		<inventoryOptions>
		  <skipChance>0.05</skipChance>
		  <subOptionsChooseOne>
			<li>
			  <thingDef>guy762_stim_hyperbattle</thingDef>
			  <countRange>0~1</countRange>
			</li>
			<li>
			  <thingDef>guy762_stim_hypercon</thingDef>
			  <countRange>0~1</countRange>
			</li>
			<li>
			  <thingDef>guy762_stim_hyperdex</thingDef>
			  <countRange>0~1</countRange>
			</li>
			<li>
				<thingDef>guy762_medpac_life</thingDef>
				<countRange>1~3</countRange>
			</li>
		  </subOptionsChooseOne>
		</inventoryOptions>
		<skills>
			<li>
				<skill>Shooting</skill>
				<range>12~15</range>
			</li>
		</skills>
		<disallowedTraits>
		  <li>Brawler</li>
		</disallowedTraits>
		
		<initialWillRange>0.5~2</initialWillRange>
		<initialResistanceRange>5~10</initialResistanceRange>
		<isFighter>true</isFighter>
		<apparelIgnoreSeasons>true</apparelIgnoreSeasons>
	</PawnKindDef>
	
	<PawnKindDef Name="Exchange_wookiee_marauder" ParentName="ExchangeBase">
		<defName>Exchange_wookiee_marauder</defName>
		<label>Wookiee marauder</label>
		<combatPower>150</combatPower>
		<minGenerationAge>100</minGenerationAge>
		<maxGenerationAge>350</maxGenerationAge>
		<xenotypeSet>
			<xenotypeChances>
				<guy762_xenotype_wookiee>999</guy762_xenotype_wookiee>
			</xenotypeChances>
			<warnIfTotalAbove1>false</warnIfTotalAbove1>
		</xenotypeSet>
		<useFactionXenotypes>false</useFactionXenotypes>
		<gearHealthRange>1.8~7</gearHealthRange>
		<itemQuality>Good</itemQuality>
		<apparelMoney>2250~3250</apparelMoney>
		<apparelTags Inherit="False">
		  <li>KotORShield_mid</li>
		  <li>KotORShield_strong</li>
		  <li>Apparel_Yttakin</li>
		</apparelTags>
		<specificApparelRequirements>
			<li>
				<apparelLayer>Middle</apparelLayer>
				<stuff>KOTOR_FabricArmorweave</stuff>
			</li>
			<li>
				<apparelLayer>Shell</apparelLayer>
				<stuff>KOTOR_FabricArmorweave</stuff>
				<color>(250,250,250)</color>
			</li>
		</specificApparelRequirements>
		<apparelAllowHeadgearChance>0</apparelAllowHeadgearChance>
		<weaponMoney>2250~9999</weaponMoney>
		<weaponTags>
		  <li>SaV_wookieebrawler</li>
		</weaponTags>
		<techHediffsChance>2</techHediffsChance>
		<techHediffsMoney>400~1200</techHediffsMoney>
		<techHediffsTags>
		  <li>Advanced</li>
		  <li>AdvancedWeapon</li>
		</techHediffsTags>
		<inventoryOptions>
		  <skipChance>0.05</skipChance>
		  <subOptionsChooseOne>
			<li>
			  <thingDef>guy762_stim_hyperstr</thingDef>
			  <countRange>0~1</countRange>
			</li>
			<li>
			  <thingDef>guy762_stim_hypercon</thingDef>
			  <countRange>0~1</countRange>
			</li>
			<li>
			  <thingDef>guy762_stim_hyperdex</thingDef>
			  <countRange>0~1</countRange>
			</li>
			<li>
				<thingDef>guy762_medpac_life</thingDef>
				<countRange>1~3</countRange>
			</li>
		  </subOptionsChooseOne>
		</inventoryOptions>
		<skills>
			<li>
				<skill>Melee</skill>
				<range>12~15</range>
			</li>
		</skills>
		
		<initialWillRange>0.5~2</initialWillRange>
		<initialResistanceRange>5~10</initialResistanceRange>
		<isFighter>true</isFighter>
		<apparelIgnoreSeasons>true</apparelIgnoreSeasons>
	</PawnKindDef>
	
	
	<!--echani-->


	<PawnKindDef Name="Exchange_echani_light" ParentName="ExchangeBase">
		<defName>Exchange_echani_light</defName>
		<label>Echani warrior</label>
		<combatPower>100</combatPower>
		<minGenerationAge>18</minGenerationAge>
		<maxGenerationAge>55</maxGenerationAge>
		<xenotypeSet>
			<xenotypeChances>
				<guy762_xenotype_echani>999</guy762_xenotype_echani>
			</xenotypeChances>
			<warnIfTotalAbove1>false</warnIfTotalAbove1>
		</xenotypeSet>
		<useFactionXenotypes>false</useFactionXenotypes>
		<gearHealthRange>1.8~7</gearHealthRange>
		<itemQuality>Good</itemQuality>
		<apparelMoney>9999</apparelMoney>
		<apparelTags Inherit="False">
		  <li>KotORShield_echani</li>
		  <li>KotORHeadband_melee</li>
		  <li>KotOREquipment_basic</li>
		</apparelTags>
		<apparelRequired>
		   <li>guy762_CombatSuit_echani</li>	
		   <li>guy762_Bodysuit_Dyeable</li>
		</apparelRequired>
		<specificApparelRequirements>
			<li>
				<apparelLayer>OnSkin</apparelLayer>
				<color>(70,60,80)</color>
			</li>
		</specificApparelRequirements>
		<inventoryOptions>
		  <skipChance>0.125</skipChance>
		  <subOptionsChooseOne>
			<li>
			  <thingDef>guy762_stim_echani</thingDef>
			  <countRange>0~1</countRange>
			</li>
			<li>
			  <thingDef>guy762_stim_con</thingDef>
			  <countRange>0~1</countRange>
			</li>
			<li>
			  <thingDef>guy762_stim_dex</thingDef>
			  <countRange>0~1</countRange>
			</li>
			<li>
				<thingDef>guy762_medpac_adv</thingDef>
				<countRange>1~3</countRange>
			</li>
		  </subOptionsChooseOne>
		</inventoryOptions>
		<skills>
		  <li>
			<skill>Melee</skill>
			<range>12~16</range>
		  </li>
		</skills>
		<apparelAllowHeadgearChance>1</apparelAllowHeadgearChance>
		<weaponMoney>9999</weaponMoney>
		<weaponTags>
		  <li>SaV_echani</li>
		</weaponTags>
		
		<initialWillRange>0.5~2</initialWillRange>
		<initialResistanceRange>5~10</initialResistanceRange>
		<isFighter>true</isFighter>
		<apparelIgnoreSeasons>false</apparelIgnoreSeasons>
		<disallowedTraits>
		  <li>Wimp</li>
		</disallowedTraits>
	</PawnKindDef>
	
	<PawnKindDef Name="Exchange_echani_mid" ParentName="ExchangeBase">
		<defName>Exchange_echani_mid</defName>
		<label>Echani sentinel</label>
		<combatPower>150</combatPower>
		<minGenerationAge>18</minGenerationAge>
		<maxGenerationAge>55</maxGenerationAge>
		<xenotypeSet>
			<xenotypeChances>
				<guy762_xenotype_echani>999</guy762_xenotype_echani>
			</xenotypeChances>
			<warnIfTotalAbove1>false</warnIfTotalAbove1>
		</xenotypeSet>
		<useFactionXenotypes>false</useFactionXenotypes>
		<gearHealthRange>1.8~7</gearHealthRange>
		<itemQuality>Good</itemQuality>
		<apparelMoney>9999</apparelMoney>
		<apparelTags Inherit="False">
		  <li>KotORShield_echani</li>
		  <li>KotORHeadband_melee</li>
		  <li>KotOREquipment_adv</li>
		</apparelTags>
		<apparelRequired>
		   <li>guy762_MilSuit_echani</li>	
		   <li>guy762_Bodysuit_Dyeable</li>
		</apparelRequired>
		<specificApparelRequirements>
			<li>
				<apparelLayer>OnSkin</apparelLayer>
				<color>(70,60,80)</color>
			</li>
		</specificApparelRequirements>
		<inventoryOptions>
		  <skipChance>0.125</skipChance>
		  <subOptionsChooseOne>
			<li>
			  <thingDef>guy762_stim_echani</thingDef>
			  <countRange>1~2</countRange>
			</li>
			<li>
			  <thingDef>guy762_stim_hypercon</thingDef>
			  <countRange>0~1</countRange>
			</li>
			<li>
			  <thingDef>guy762_stim_hyperdex</thingDef>
			  <countRange>0~1</countRange>
			</li>
			<li>
				<thingDef>guy762_medpac_adv</thingDef>
				<countRange>1~3</countRange>
			</li>
		  </subOptionsChooseOne>
		</inventoryOptions>
		<skills>
		  <li>
			<skill>Melee</skill>
			<range>14~18</range>
		  </li>
		</skills>
		<apparelAllowHeadgearChance>1</apparelAllowHeadgearChance>
		<weaponMoney>9999</weaponMoney>
		<weaponTags>
		  <li>SaV_echani</li>
		  <li>SaV_echaniheavy</li>
		</weaponTags>
		
		<initialWillRange>0.5~2</initialWillRange>
		<initialResistanceRange>5~10</initialResistanceRange>
		<isFighter>true</isFighter>
		<apparelIgnoreSeasons>false</apparelIgnoreSeasons>
		<disallowedTraits>
		  <li>Wimp</li>
		</disallowedTraits>
	</PawnKindDef>
	
	<PawnKindDef Name="Exchange_echani_heavy" ParentName="ExchangeBase">
		<defName>Exchange_echani_heavy</defName>
		<label>Echani bodyguard</label>
		<combatPower>250</combatPower>
		<minGenerationAge>18</minGenerationAge>
		<maxGenerationAge>55</maxGenerationAge>
		<xenotypeSet>
			<xenotypeChances>
				<guy762_xenotype_echani>999</guy762_xenotype_echani>
			</xenotypeChances>
			<warnIfTotalAbove1>false</warnIfTotalAbove1>
		</xenotypeSet>
		<useFactionXenotypes>false</useFactionXenotypes>
		<gearHealthRange>1.8~7</gearHealthRange>
		<itemQuality>Excellent</itemQuality>
		<apparelMoney>9999</apparelMoney>
		<apparelTags Inherit="False">
		  <li>KotORShield_echani</li>
		  <li>KotORHeadband_melee</li>
		  <li>KotOREquipment_adv</li>
		</apparelTags>
		<apparelRequired>
		   <li>guy762_HvyArmor_echani</li>	
		   <li>guy762_Bodysuit_Dyeable</li>
		</apparelRequired>
		<specificApparelRequirements>
			<li>
				<apparelLayer>OnSkin</apparelLayer>
				<color>(100,100,100)</color>
			</li>
		</specificApparelRequirements>
		<inventoryOptions>
		  <skipChance>0.125</skipChance>
		  <subOptionsChooseOne>
			<li>
			  <thingDef>guy762_stim_echani</thingDef>
			  <countRange>2~3</countRange>
			</li>
			<li>
			  <thingDef>guy762_stim_hypercon</thingDef>
			  <countRange>0~1</countRange>
			</li>
			<li>
			  <thingDef>guy762_stim_hyperdex</thingDef>
			  <countRange>0~1</countRange>
			</li>
			<li>
				<thingDef>guy762_medpac_life</thingDef>
				<countRange>1~3</countRange>
			</li>
		  </subOptionsChooseOne>
		</inventoryOptions>
		<skills>
		  <li>
			<skill>Melee</skill>
			<range>16~20</range>
		  </li>
		</skills>
		<apparelAllowHeadgearChance>1</apparelAllowHeadgearChance>
		<weaponMoney>9999</weaponMoney>
		<weaponTags>
		  <li>SaV_echaniheavy</li>
		</weaponTags>
		
		<initialWillRange>0.5~2</initialWillRange>
		<initialResistanceRange>5~10</initialResistanceRange>
		<isFighter>true</isFighter>
		<apparelIgnoreSeasons>false</apparelIgnoreSeasons>
		<disallowedTraits>
		  <li>Wimp</li>
		</disallowedTraits>
	</PawnKindDef>
	  
	  
	  
	  
	  
	  
	  
	  
		<!--unknown regions exiles-->	  
	  
	  
	  
	  
	  <PawnKindDef Name="Exchange_chiss" ParentName="ExchangeBase">
		<defName>Exchange_chiss</defName>
		<label>Chiss commando</label>
		<combatPower>300</combatPower>
		<minGenerationAge>25</minGenerationAge>
		<maxGenerationAge>65</maxGenerationAge>
		<xenotypeSet>
			<xenotypeChances>
				<guy762_xenotype_chiss>999</guy762_xenotype_chiss>
			</xenotypeChances>
			<warnIfTotalAbove1>false</warnIfTotalAbove1>
		</xenotypeSet>
		<useFactionXenotypes>false</useFactionXenotypes>
		<gearHealthRange>1.8~7</gearHealthRange>
		<itemQuality>Excellent</itemQuality>
		<apparelMoney>99999</apparelMoney>
		<apparelTags Inherit="False">
		  <li>KotORHeadband_combat</li>
		  <li>KotORHeadband_gasmask</li>
		  <li>KotORStealthBelt_adv</li>
		  <li>KotORShield_strong</li>
		</apparelTags>
		<apparelRequired>
		   <li>guy762_MilSuit_bastion</li>	
		   <li>guy762_Bodysuit</li>
		</apparelRequired>
		<specificApparelRequirements>
			<li>
				<apparelLayer>OnSkin</apparelLayer>
				<color>(145,195,230)</color>
			</li>
		</specificApparelRequirements>
		<inventoryOptions>
		  <skipChance>0.05</skipChance>
		  <subOptionsChooseOne>
			<li>
			  <thingDef>guy762_stim_hyperbattle</thingDef>
			  <countRange>0~1</countRange>
			</li>
			<li>
			  <thingDef>guy762_stim_con</thingDef>
			  <countRange>0~1</countRange>
			</li>
			<li>
			  <thingDef>guy762_stim_dex</thingDef>
			  <countRange>0~1</countRange>
			</li>
			<li>
				<thingDef>guy762_medpac_life</thingDef>
				<countRange>1~3</countRange>
			</li>
		  </subOptionsChooseOne>
		</inventoryOptions>
		<skills>
		  <li>
			<skill>Shooting</skill>
			<range>12~18</range>
		  </li>
		  <li>
			<skill>Melee</skill>
			<range>12~18</range>
		  </li>
		  <li>
			<skill>Intellectual</skill>
			<range>12~18</range>
		  </li>
		</skills>
		<apparelAllowHeadgearChance>1</apparelAllowHeadgearChance>
		<weaponMoney>999999</weaponMoney>
		<weaponTags>
		  <li>Chiss_charric</li>
		</weaponTags>
		<biocodeWeaponChance>1</biocodeWeaponChance>
		<initialWillRange>0.5~2</initialWillRange>
		<initialResistanceRange>5~10</initialResistanceRange>
		<isFighter>true</isFighter>
		<apparelIgnoreSeasons>false</apparelIgnoreSeasons>
		<disallowedTraits>
		  <li>Wimp</li>
		</disallowedTraits>
	</PawnKindDef>
	
	
	
	
	
	<PawnKindDef Name="Exchange_nagai_melee" ParentName="ExchangeBase">
		<defName>Exchange_nagai_melee</defName>
		<label>Nagai warrior</label>
		<combatPower>225</combatPower>
		<minGenerationAge>21</minGenerationAge>
		<maxGenerationAge>55</maxGenerationAge>
		<xenotypeSet>
			<xenotypeChances>
				<guy762_xenotype_nagai>999</guy762_xenotype_nagai>
			</xenotypeChances>
			<warnIfTotalAbove1>false</warnIfTotalAbove1>
		</xenotypeSet>
		<useFactionXenotypes>false</useFactionXenotypes>
		<gearHealthRange>1.8~7</gearHealthRange>
		<itemQuality>Excellent</itemQuality>
		<apparelMoney>99999</apparelMoney>
		<apparelTags Inherit="False">
		  <li>SaV_apparel_nagai</li>
		  <li>KotORShield_strong</li>
		  <li>KotORHeadband_combat</li>
		  <li>KotORHeadband_gasmask</li>
		  <li>KotORStealthBelt_adv</li>
		</apparelTags>
		<apparelRequired>
		   <li>guy762_CombatSuit_electromesh</li>	
		   <li>guy762_Bodysuit</li>
		   <li>guy762_glove_nagai</li>
		</apparelRequired>
		<specificApparelRequirements>
			<li>
				<apparelLayer>OnSkin</apparelLayer>
				<color>(220,195,255)</color>
			</li>
		</specificApparelRequirements>
		<inventoryOptions>
		  <skipChance>0.05</skipChance>
		  <subOptionsChooseOne>
			<li>
			  <thingDef>guy762_stim_hyperstr</thingDef>
			  <countRange>0~1</countRange>
			</li>
			<li>
			  <thingDef>guy762_stim_hypercon</thingDef>
			  <countRange>0~1</countRange>
			</li>
			<li>
			  <thingDef>guy762_stim_hyperdex</thingDef>
			  <countRange>0~1</countRange>
			</li>
			<li>
				<thingDef>guy762_medpac_life</thingDef>
				<countRange>1~3</countRange>
			</li>
		  </subOptionsChooseOne>
		</inventoryOptions>
		<skills>
		  <li>
			<skill>Melee</skill>
			<range>16~20</range>
		  </li>
		</skills>
		<apparelAllowHeadgearChance>1</apparelAllowHeadgearChance>
		<weaponMoney>99999</weaponMoney>
		<weaponTags>
		  <li>SaV_nagai</li>
		</weaponTags>
		
		<initialWillRange>0.5~2</initialWillRange>
		<initialResistanceRange>5~10</initialResistanceRange>
		<isFighter>true</isFighter>
		<apparelIgnoreSeasons>false</apparelIgnoreSeasons>
		<disallowedTraits>
		  <li>Wimp</li>
		</disallowedTraits>
	</PawnKindDef>
	
	<PawnKindDef Name="Exchange_nagai_ranged" ParentName="ExchangeBase">
		<defName>Exchange_nagai_ranged</defName>
		<label>Nagai commando</label>
		<combatPower>225</combatPower>
		<minGenerationAge>21</minGenerationAge>
		<maxGenerationAge>55</maxGenerationAge>
		<xenotypeSet>
			<xenotypeChances>
				<guy762_xenotype_nagai>999</guy762_xenotype_nagai>
			</xenotypeChances>
			<warnIfTotalAbove1>false</warnIfTotalAbove1>
		</xenotypeSet>
		<useFactionXenotypes>false</useFactionXenotypes>
		<gearHealthRange>1.8~7</gearHealthRange>
		<itemQuality>Excellent</itemQuality>
		<apparelMoney>99999</apparelMoney>
		<apparelTags Inherit="False">
		  <li>SaV_apparel_nagai</li>
		  <li>KotORShield_strong</li>
		  <li>KotORHeadband_combat</li>
		  <li>KotORHeadband_gasmask</li>
		  <li>KotORStealthBelt_adv</li>
		</apparelTags>
		<apparelRequired>
		   <li>guy762_LgtBattleArmor_electromesh</li>
		   <li>guy762_glove_nagai</li>
		</apparelRequired>
		<inventoryOptions>
		  <skipChance>0.05</skipChance>
		  <subOptionsChooseOne>
			<li>
			  <thingDef>guy762_stim_hyperbattle</thingDef>
			  <countRange>0~1</countRange>
			</li>
			<li>
			  <thingDef>guy762_stim_hypercon</thingDef>
			  <countRange>0~1</countRange>
			</li>
			<li>
			  <thingDef>guy762_stim_hyperdex</thingDef>
			  <countRange>0~1</countRange>
			</li>
			<li>
				<thingDef>guy762_medpac_life</thingDef>
				<countRange>1~3</countRange>
			</li>
		  </subOptionsChooseOne>
		</inventoryOptions>
		<skills>
		  <li>
			<skill>Shooting</skill>
			<range>12~18</range>
		  </li>
		  <li>
			<skill>Melee</skill>
			<range>12~18</range>
		  </li>
		</skills>
		<apparelAllowHeadgearChance>1</apparelAllowHeadgearChance>
		<weaponMoney>99999</weaponMoney>
		<weaponTags>
		  <li>SaV_nagaigun</li>
		</weaponTags>
		
		<initialWillRange>0.5~2</initialWillRange>
		<initialResistanceRange>5~10</initialResistanceRange>
		<isFighter>true</isFighter>
		<apparelIgnoreSeasons>false</apparelIgnoreSeasons>
		<disallowedTraits>
		  <li>Wimp</li>
		</disallowedTraits>
	</PawnKindDef>
	
	
	
	
	
	
	  <!--droids-->
	  
	<PawnKindDef Name="Exchange_wardroid_DevWeak" ParentName="KotORDroidBad_DevWD_weak" MayRequire="guy762.KotORDroids">
		<defName>Exchange_wardroid_DevWeak</defName>
		<defaultFactionType>guy762_KotORFaction_Exchange</defaultFactionType>
	</PawnKindDef>
	  
	  <PawnKindDef Name="Exchange_meleedroid_DevStrong" ParentName="KotORDroidBad_DevWD_strong" MayRequire="guy762.KotORDroids">
		<defName>Exchange_meleedroid_DevStrong</defName>
		<defaultFactionType>guy762_KotORFaction_Exchange</defaultFactionType>
		<label>bodyguard droid</label>
		<race>guy762_DroidRace_DevAD</race>
		<useFactionXenotypes>false</useFactionXenotypes>
		<combatPower>250</combatPower>
		<itemQuality>Good</itemQuality>
		<apparelMoney>7500~12500</apparelMoney>
		<apparelTags Inherit="False">
		  <li>KotORDroidArmorT2_gladiator</li>
		  <li>KotORDroidUpgrade_combat</li>
		  <li>SaV_DroidShield_gladiator</li>
		  <li>KotORDroidWeapon_battledroid</li>
		</apparelTags>
		<apparelRequired Inherit="False">
		   <li>Apparel_Cape</li>
		   <li>guy762_DroidArmorMid_impact</li>
		</apparelRequired>
		<specificApparelRequirements Inherit="False">
			<li>
				<apparelLayer>OnSkin</apparelLayer>
				<alternateTagChoices>
				  <li>
					<tag>KotORDroidArmorT2_gladiator</tag>
					<chance>0.45</chance>
				  </li>
				</alternateTagChoices>
			</li>
			<li>
				<apparelLayer>Shell</apparelLayer>
				<stuff>KOTOR_FabricArmorweave</stuff>
			</li>
		</specificApparelRequirements>
		<apparelAllowHeadgearChance>1</apparelAllowHeadgearChance>
		<weaponMoney>2500~5000</weaponMoney>
		<weaponTags Inherit="False">
		  <li>KotORWeapon_electrostaff</li>
		</weaponTags>
	  </PawnKindDef>
	  
	  
	  <PawnKindDef Name="Exchange_asndroid_KX12APD" ParentName="KotORDroidBad_KX12APD" MayRequire="guy762.KotORDroids">
		<defName>Exchange_asndroid_KX12APD</defName>
		<defaultFactionType>guy762_KotORFaction_Exchange</defaultFactionType>
	  </PawnKindDef>
	  
	  
	  
	<PawnKindDef Name="Exchange_asndroid_hk" ParentName="ExchangeBase" MayRequire="guy762.KotORDroids">
		<defName>Exchange_asndroid_hk</defName>
		<label>HK-50 unit</label>
		<race>guy762_DroidRace_HK50series</race>
		<useFactionXenotypes>false</useFactionXenotypes>
		<invNutrition>0</invNutrition>
		<combatPower>1000</combatPower>
		<itemQuality>Excellent</itemQuality>
		<apparelMoney>10000~25000</apparelMoney>
		<apparelTags Inherit="False">
		  <li>KotORDroidArmorT2</li>
		  <li>KotORDroidUpgrade_hacking</li>
		  <li>KotORDroidUpgrade_combat</li>
		  <li>KotORDroidShield_strong</li>
		  <li>KotORDroidWeapon_asndroid</li>
		  <li>KotORUtility_stronggrenade</li>
		</apparelTags>
		<apparelAllowHeadgearChance>1</apparelAllowHeadgearChance>
		<weaponMoney>5000~25000</weaponMoney>
		<weaponTags>
		  <li>SaV_bountyhunter_hvy</li>
		  <li>SaV_heavy</li>
		  <li>KotORSniper</li>
		</weaponTags>
		
		<inventoryOptions Inherit="False"/>
		
		<initialWillRange>0.5~2</initialWillRange>
		<initialResistanceRange>5~10</initialResistanceRange>
		<isFighter>true</isFighter>
		<apparelIgnoreSeasons>false</apparelIgnoreSeasons>
		<chemicalAddictionChance>0</chemicalAddictionChance>
		<combatEnhancingDrugsChance>0</combatEnhancingDrugsChance>
		<combatEnhancingDrugsCount Inherit="False"/>
		<forcedTraits>
			<ATR_FeelingsTowardOrganics>4</ATR_FeelingsTowardOrganics>
			<ShootingAccuracy>-1</ShootingAccuracy>
			<Psychopath>0</Psychopath>
			<Bloodlust>0</Bloodlust>
			<Asexual>0</Asexual>
		</forcedTraits>
	  </PawnKindDef>  
	  
	  
	  
	  
	  
	  
	  
	  
	  
	  
	  
	  
	  
	  
	  
	  
	  
	  
	  
	  <!--rouge jedi-->
	
	
	<!--PawnKindDef MayRequire="VanillaExpanded.VPsycastsE" Name="Exchange_darkjedi" ParentName="ExchangeBase">
		<defName>Exchange_darkjedi</defName>
		<label>dark jedi</label>
		<combatPower>2500</combatPower>
		<minGenerationAge>30</minGenerationAge>
		<maxGenerationAge>55</maxGenerationAge>
		<gearHealthRange>1.8~7</gearHealthRange>
		<itemQuality>Excellent</itemQuality>
		<apparelMoney>5000~15000</apparelMoney>
		<apparelTags>
		  <li>Pirate</li>
		  <li>IndustrialAdvanced</li>
		  <li>SaV_apparel_darkjedi</li>
		  <li>KotORShield_strong</li>
		  <li>KotOREquipment_jedi</li>
		</apparelTags>
		<apparelRequired>
			<li>guy762_JediTunic_formal</li>
		</apparelRequired>
		<specificApparelRequirements>
			<li>
				<apparelLayer>OnSkin</apparelLayer>
				<color>(65,60,60)</color>
			</li>
			<li>
				<apparelLayer>Shell</apparelLayer>
				<color>(75,75,75)</color>
			</li>
		</specificApparelRequirements>
		<apparelAllowHeadgearChance>0.25</apparelAllowHeadgearChance>
		<weaponMoney>99999</weaponMoney>
		<weaponTags>
		  <li>SaV_darkjedisaber</li>
		</weaponTags>
		<biocodeWeaponChance>999</biocodeWeaponChance>
		<techHediffsChance>2</techHediffsChance>
		<techHediffsMoney>2000~4000</techHediffsMoney>
		<techHediffsTags>
		  <li>Advanced</li>
		  <li>AdvancedWeapon</li>
		</techHediffsTags>
		<inventoryOptions>
		  <skipChance>0.9</skipChance>
		  <subOptionsChooseOne>
			<li>
			  <thingDef>Luciferium</thingDef>
			  <countRange>1~4</countRange>
			</li>
			<li>
			  <thingDef>guy762_medpac_life</thingDef>
			  <countRange>1~4</countRange>
			</li>
		  </subOptionsChooseOne>
		</inventoryOptions>
		<skills>
			<li>
				<skill>Melee</skill>
				<range>15~18</range>
			</li>
		</skills>
		<initialWillRange>0.5~2</initialWillRange>
		<initialResistanceRange>5~10</initialResistanceRange>
		<isFighter>true</isFighter>
		<apparelIgnoreSeasons>false</apparelIgnoreSeasons>
		<modExtensions>
			<li Class="VanillaPsycastsExpanded.PawnKindAbilityExtension_Psycasts">
				<implantDef>VPE_PsycastAbilityImplant</implantDef>
				<initialLevel>1</initialLevel>
				<statUpgradePoints>12~20</statUpgradePoints>
				<unlockedPaths>
				   <VPE_Nightstalker>1~4|2~12</VPE_Nightstalker>
				   <VPE_Skipmaster>1~4|2~12</VPE_Skipmaster>
				   <VPE_Warlord>1~4|2~10</VPE_Warlord>
				   <VPE_Staticlord>1~4|2~10</VPE_Staticlord>
				</unlockedPaths>
			</li>
		</modExtensions>
	</PawnKindDef-->
	  
	  
	  
	  
	
	
	
	
	
	
	
	



 </Defs>
