﻿<?xml version="1.0" encoding="utf-8" ?>

<Defs>
	
	<PawnKindDef Name="MilitiaBase" Abstract="True">
		<race>Human</race>
		<defaultFactionType>guy762_KotORFaction_Militia</defaultFactionType>
		<nameMaker>guy762_PawnNamer_Bf2</nameMaker>
		<chemicalAddictionChance>0.125</chemicalAddictionChance>
		<backstoryCryptosleepCommonality>0.05</backstoryCryptosleepCommonality>
		<invNutrition>1</invNutrition>
		<biocodeWeaponChance>0.05</biocodeWeaponChance>
		<backstoryFilters>
		  <li>
			<categories>
			  <li>Offworld</li>
			  <li>Outlander</li>
			</categories>
		  </li>
		</backstoryFilters>
		<!--apparelTags>
		  <li>KotORHeadband_gasmask</li>
		</apparelTags-->
		<combatEnhancingDrugsChance>0.05</combatEnhancingDrugsChance>
		<combatEnhancingDrugsCount>
		  <min>0</min>
		  <max>1</max>
		</combatEnhancingDrugsCount>
		<allowOldAgeInjuries>True</allowOldAgeInjuries>
		<requiredWorkTags>
		  <li>Violent</li>
		</requiredWorkTags>
		<inventoryOptions>
		  <subOptionsChooseOne>
			<li>
				<thingDef>guy762_KotORcredits</thingDef>
				<countRange>0~100</countRange>
			</li>
		  </subOptionsChooseOne>
		</inventoryOptions>
	  </PawnKindDef>
	
	<PawnKindDef Name="PM_scout" ParentName="MilitiaBase">
		<defName>PM_scout</defName>
		<label>militia scout</label>
		<combatPower>50</combatPower>
		<maxGenerationAge>50</maxGenerationAge>
		<gearHealthRange>0.7~2.3</gearHealthRange>
		<itemQuality>Normal</itemQuality>
		<apparelMoney>400~1000</apparelMoney>
		<apparelTags>
		  <li>KotORHeadband_combat</li>
		  <li>KotOREquipment_basic</li>
		</apparelTags>
		<apparelRequired>
		   <li>guy762_CombatSuit</li>	
		   <li>guy762_Bodysuit_Dyeable</li>
		</apparelRequired>
		<specificApparelRequirements>
			<li>
				<apparelLayer>OnSkin</apparelLayer>
				<color>(70,60,80)</color>
			</li>
			<li>
				<apparelLayer>Middle</apparelLayer>
				<stuff>KOTOR_FabricArmorweave</stuff>
				<color>(185,130,75)</color>
			</li>
		</specificApparelRequirements>
		<apparelAllowHeadgearChance>0.5</apparelAllowHeadgearChance>
		<weaponMoney>400~2100</weaponMoney>
		<weaponTags>
		  <li>PM_rifle</li>
		</weaponTags>
		<inventoryOptions>
		  <skipChance>0.9</skipChance>
		  <subOptionsChooseOne>
			<li>
				<thingDef>guy762_medpac</thingDef>
				<countRange>1~2</countRange>
			</li>
		  </subOptionsChooseOne>
		</inventoryOptions>
		<biocodeWeaponChance>0</biocodeWeaponChance>
		<skills>
		  <li>
			<skill>Shooting</skill>
			<range>5~10</range>
		  </li>
		  <li>
			<skill>Melee</skill>
			<range>4~8</range>
		  </li>
		</skills>
		<initialWillRange>0.5~2</initialWillRange>
		<initialResistanceRange>5~10</initialResistanceRange>
		<isFighter>true</isFighter>
		<allowOldAgeInjuries>False</allowOldAgeInjuries>
		<apparelIgnoreSeasons>false</apparelIgnoreSeasons>
	  </PawnKindDef>
	  
	  <PawnKindDef Name="PM_cop" ParentName="MilitiaBase">
		<defName>PM_cop</defName>
		<label>civil security officer</label>
		<combatPower>50</combatPower>
		<maxGenerationAge>50</maxGenerationAge>
		<xenotypeSet>
			<xenotypeChances Inherit="False">
				<Baseliner>0.5</Baseliner>
				<guy762_xenotype_duros>0.2</guy762_xenotype_duros>
				<guy762_xenotype_twilek>0.1</guy762_xenotype_twilek>
				<guy762_xenotype_zabrak>0.2</guy762_xenotype_zabrak>
			</xenotypeChances>
			<warnIfTotalAbove1>false</warnIfTotalAbove1>
		</xenotypeSet>
		<useFactionXenotypes>false</useFactionXenotypes>
		<itemQuality>Good</itemQuality>
		<apparelMoney>9999</apparelMoney>
		<apparelTags>
		  <li>KotOREquipment_basic</li>
		</apparelTags>
		<apparelRequired>
		   <li>guy762_RepArmor_TSF</li>	
		   <li>guy762_RepHelmet_TSF</li>
		</apparelRequired>
		<apparelAllowHeadgearChance>0.75</apparelAllowHeadgearChance>
		<weaponMoney>100~600</weaponMoney>
		<weaponTags>
		  <li>PM_closerange</li>
		  <li>KotORStunBaton</li>
		</weaponTags>
		<biocodeWeaponChance>0.75</biocodeWeaponChance>
		<skills>
		  <li>
			<skill>Shooting</skill>
			<range>4~8</range>
		  </li>
		  <li>
			<skill>Melee</skill>
			<range>4~8</range>
		  </li>
		</skills>
		<initialWillRange>0.5~2</initialWillRange>
		<initialResistanceRange>5~10</initialResistanceRange>
		<isFighter>true</isFighter>
		<allowOldAgeInjuries>False</allowOldAgeInjuries>
		<apparelIgnoreSeasons>false</apparelIgnoreSeasons>
	  </PawnKindDef>
	  
	  <PawnKindDef Name="PM_trooper" ParentName="MilitiaBase">
		<defName>PM_trooper</defName>
		<label>militia trooper</label>
		<combatPower>40</combatPower>
		<maxGenerationAge>50</maxGenerationAge>
		<gearHealthRange>0.7~2.3</gearHealthRange>
		<itemQuality>Poor</itemQuality>
		<apparelMoney>400~1000</apparelMoney>
		<apparelTags>
		  <li>KotORUtility_weakgrenade</li>
		  <li>PM_apparel_helmet</li>
		</apparelTags>
		<apparelRequired>
		   <li>guy762_MilSuit_militia</li>	
		   <li>guy762_Clothing_scumII</li>
		</apparelRequired>
		<specificApparelRequirements>
			<li>
				<apparelLayer>OnSkin</apparelLayer>
				<color>(160,150,105)</color> <!--rebel 140,0,0--><!--rebel 105,105,105-->
			</li>
		</specificApparelRequirements>
		<apparelAllowHeadgearChance>0.75</apparelAllowHeadgearChance>
		<weaponMoney>400~2100</weaponMoney>
		<weaponTags>
		  <li>PM_rifle</li>
		  <li>PM_closerange</li>
		</weaponTags>
		<inventoryOptions>
		  <skipChance>0.9</skipChance>
		  <subOptionsChooseOne>
			<li>
				<thingDef>guy762_medpac</thingDef>
				<countRange>1~3</countRange>
			</li>
		  </subOptionsChooseOne>
		</inventoryOptions>
		<biocodeWeaponChance>0.1</biocodeWeaponChance>
		<skills>
		  <li>
			<skill>Shooting</skill>
			<range>4~8</range>
		  </li>
		  <li>
			<skill>Melee</skill>
			<range>0~8</range>
		  </li>
		</skills>
		<initialWillRange>0.5~2</initialWillRange>
		<initialResistanceRange>5~10</initialResistanceRange>
		<isFighter>true</isFighter>
		<allowOldAgeInjuries>True</allowOldAgeInjuries>
		<apparelIgnoreSeasons>false</apparelIgnoreSeasons>
	  </PawnKindDef>
	  
	  
	  
	   <PawnKindDef Name="PM_heavy" ParentName="MilitiaBase">
		<defName>PM_heavy</defName>
		<label>militia heavy</label>
		<combatPower>75</combatPower>
		<maxGenerationAge>50</maxGenerationAge>
		<gearHealthRange>0.7~2.3</gearHealthRange>
		<itemQuality>Good</itemQuality>
		<apparelMoney>400~1000</apparelMoney>
		<apparelTags>
		  <li>KotORUtility_utilitygrenade</li>
		  <li>KotORHeadband_combat</li>
		  <li>KotORHeadband_sapper</li>
		  <li>KotOREquipment_adv</li>
		</apparelTags>
		<apparelRequired>
		   <li>guy762_LgtBattleArmor</li>
		   <li>guy762_HelmetMilitary</li>
		</apparelRequired>
		<specificApparelRequirements>
			<li>
				<apparelLayer>OnSkin</apparelLayer>
				<stuff>KOTOR_FabricArmorweave</stuff>
				<color>(190,155,120)</color>
			</li>
			<li>
				<apparelLayer>Overhead</apparelLayer>
				<stuff>KOTOR_AlloyDurasteel</stuff>
				<color>(180,185,185)</color>
			</li>
		</specificApparelRequirements>
		<apparelAllowHeadgearChance>1</apparelAllowHeadgearChance>
		<weaponMoney>400~2100</weaponMoney>
		<weaponTags>
		  <li>PM_closerange</li>
		  <li>PM_heavy</li>
		  <li>KotORMelee_mid</li>
		</weaponTags>
		<combatEnhancingDrugsChance>0.25</combatEnhancingDrugsChance>
		<combatEnhancingDrugsCount>
		  <min>0</min>
		  <max>2</max>
		</combatEnhancingDrugsCount>
		<inventoryOptions>
		  <skipChance>0.5</skipChance>
		  <subOptionsChooseOne>
			<li>
				<thingDef>guy762_medpac_adv</thingDef>
				<countRange>1~3</countRange>
			</li>
		  </subOptionsChooseOne>
		</inventoryOptions>
		<biocodeWeaponChance>0.4</biocodeWeaponChance>
		<skills>
		  <li>
			<skill>Shooting</skill>
			<range>10~14</range>
		  </li>
		  <li>
			<skill>Melee</skill>
			<range>6~12</range>
		  </li>
		</skills>
		<initialWillRange>0.5~2</initialWillRange>
		<initialResistanceRange>5~10</initialResistanceRange>
		<isFighter>true</isFighter>
		<allowOldAgeInjuries>False</allowOldAgeInjuries>
		<apparelIgnoreSeasons>false</apparelIgnoreSeasons>
		<modExtensions>
			<li Class="BodyTypeForPawnKind.ModExtension_BodyTypesOfPawnKind">
			  <whitelist>
				<li>Hulk</li>
			  </whitelist>
			  <blacklist>
			  </blacklist>
			  <priority>
				<!--When violates the black/whitelist, selected from these-->
				<li>Hulk</li>
			  </priority>
			  <!--Align body gender to pawn's gender (default: True)-->
			  <checkGender>False</checkGender>
			</li>
		</modExtensions>
	  </PawnKindDef>
	  
	  <PawnKindDef Name="PM_veteran" ParentName="MilitiaBase">
		<defName>PM_veteran</defName>
		<label>Republic veteran</label>
		<combatPower>50</combatPower>
		<maxPerGroup>3</maxPerGroup>
		<minGenerationAge>66</minGenerationAge>
		<gearHealthRange>0.7~2.3</gearHealthRange>
		<itemQuality>Excellent</itemQuality>
		<apparelMoney>1000~9999</apparelMoney>
		<apparelTags>
		  <li>KotOREquipment_adv</li>
		  <li>KotORShield_basic</li>
		</apparelTags>
		<apparelRequired>
		   <li>guy762_LgtBattleArmor_bronzium</li>
		   <li>guy762_HelmetMilitary_OldRepublic</li>
		   <li>Apparel_Duster</li>
		</apparelRequired>
		<specificApparelRequirements>
			<li>
				<apparelLayer>Shell</apparelLayer>
				<stuff>KOTOR_FabricArmorweave</stuff>
				<color>(185,130,75)</color>
			</li>
		</specificApparelRequirements>
		<apparelAllowHeadgearChance>1</apparelAllowHeadgearChance>
		<weaponMoney>1000~19999</weaponMoney>
		<weaponTags>
		  <li>PM_veteran</li>
		</weaponTags>
		<combatEnhancingDrugsChance>0</combatEnhancingDrugsChance>
		<inventoryOptions>
		  <skipChance>0.5</skipChance>
		  <subOptionsChooseOne>
			<li>
				<thingDef>guy762_medpac_life</thingDef>
				<countRange>1~3</countRange>
			</li>
		  </subOptionsChooseOne>
		</inventoryOptions>
		<biocodeWeaponChance>0.4</biocodeWeaponChance>
		<skills>
		  <li>
			<skill>Shooting</skill>
			<range>6~14</range>
		  </li>
		</skills>
		<initialWillRange>0.5~2</initialWillRange>
		<initialResistanceRange>5~10</initialResistanceRange>
		<isFighter>true</isFighter>
		<allowOldAgeInjuries>False</allowOldAgeInjuries>
		<apparelIgnoreSeasons>false</apparelIgnoreSeasons>
	  </PawnKindDef>
	  
	  
	  
	  
	  
	  
	  
	  
	  
	  
	  <!--droids-->
	  
	  
	  <PawnKindDef Name="PM_protocoldroid_GE3PD" ParentName="KotORDroidGood_GE3PD" MayRequire="guy762.KotORDroids">
		<defName>PM_protocoldroid_GE3PD</defName>
		<defaultFactionType>guy762_KotORFaction_Militia</defaultFactionType>
		<trader>true</trader>
	  </PawnKindDef>
	  
	  <PawnKindDef Name="PM_utilitydroid_3C" ParentName="KotORDroidGood_3C" MayRequire="guy762.KotORDroids">
		<defName>PM_utilitydroid_3C</defName>
		<defaultFactionType>guy762_KotORFaction_Militia</defaultFactionType>
	  </PawnKindDef>
	  
	  <PawnKindDef Name="PM_utilitydroid_R8009" ParentName="KotORDroidGood_R8009" MayRequire="guy762.KotORDroids">
		<defName>PM_utilitydroid_R8009</defName>
		<defaultFactionType>guy762_KotORFaction_Militia</defaultFactionType>
	  </PawnKindDef>
	  
	  <PawnKindDef Name="PM_miningdroid_KM1MD" ParentName="KotORDroidBad_KM1MD" MayRequire="guy762.KotORDroids">
		<defName>PM_miningdroid_KM1MD</defName>
		<defaultFactionType>guy762_KotORFaction_Militia</defaultFactionType>
	  </PawnKindDef>
	  
	  <PawnKindDef Name="PM_protocoldroid_GE3LD" ParentName="KotORDroidGood_GE3LD" MayRequire="guy762.KotORDroids">
		<defName>PM_protocoldroid_GE3LD</defName>
		<defaultFactionType>guy762_KotORFaction_Militia</defaultFactionType>
	  </PawnKindDef>
	  
	  <PawnKindDef Name="PM_wardroid_SentWD" ParentName="KotORDroidBad_SentWD" MayRequire="guy762.KotORDroids">
		<defName>PM_wardroid_SentWD</defName>
		<defaultFactionType>guy762_KotORFaction_Militia</defaultFactionType>
		<!--skinColorOverride>(160,170,165)</skinColorOverride-->
	  </PawnKindDef>
	  
	  
	  
	  
	  
	  <!--settlers-->
	  
	  
	  <PawnKindDef Name="PM_civilian" ParentName="KotORCiv_prole">
		<defName>PM_civilian</defName>
		<label>settler</label>
		<defaultFactionType>guy762_KotORFaction_Militia</defaultFactionType>
		<useFactionXenotypes>true</useFactionXenotypes>
		<combatPower>45</combatPower>
		<weaponTags>
		  <li>KotORWeapon_civilian</li>
		</weaponTags>
		<weaponMoney>60~120</weaponMoney>
	  </PawnKindDef>
	  
	  <PawnKindDef Name="PM_hunter" ParentName="KotORCiv_hunter">
		<defName>PM_hunter</defName>
		<label>settler</label>
		<defaultFactionType>guy762_KotORFaction_Militia</defaultFactionType>
		<useFactionXenotypes>true</useFactionXenotypes>
	  </PawnKindDef>
	
	
	  
	  

	


 </Defs>
