﻿<?xml version="1.0" encoding="utf-8" ?>

<Defs>
	
	<PawnKindDef Name="KotORCivilian_Base" Abstract="True">
		<race>Human</race>
		<!--defaultFactionType>guy762_KotORFaction_Militia</defaultFactionType-->
		<backstoryCryptosleepCommonality>0.05</backstoryCryptosleepCommonality>
		<invNutrition>2.55</invNutrition>
		<biocodeWeaponChance>0.05</biocodeWeaponChance>
		<backstoryFilters>
		  <li>
			<categories>
			  <li>Offworld</li>
			  <li>Outlander</li>
			</categories>
		  </li>
		</backstoryFilters>
		<!--apparelTags>
		  <li>KotORHeadband_gasmask</li>
		</apparelTags-->
		
		<chemicalAddictionChance>0.125</chemicalAddictionChance>
		<combatEnhancingDrugsChance>0.05</combatEnhancingDrugsChance>
		<combatEnhancingDrugsCount>
		  <min>0</min>
		  <max>1</max>
		</combatEnhancingDrugsCount>
		
		<allowOldAgeInjuries>True</allowOldAgeInjuries>
		<inventoryOptions>
		  <subOptionsChooseOne>
			<li>
				<thingDef>guy762_KotORcredits</thingDef>
				<countRange>0~100</countRange>
			</li>
		  </subOptionsChooseOne>
		</inventoryOptions>
	  </PawnKindDef>
	  
	  
	  
	  
	  
	  <PawnKindDef ParentName="KotORCivilian_Base" Name="KotORCivilian_FullXenoBase" Abstract="True">
		<xenotypeSet>            <!--full list minus special ones-->
		  <xenotypeChances>
			<Baseliner MayRequire="Ludeon.RimWorld.Biotech">0.00</Baseliner>
			<guy762_xenotype_aqualish MayRequire="guy762.StarWarsXenotypes">0.03</guy762_xenotype_aqualish>
			<guy762_xenotype_arkanian MayRequire="guy762.StarWarsXenotypes">0.03</guy762_xenotype_arkanian>
			<guy762_xenotype_bith MayRequire="guy762.StarWarsXenotypes">0.03</guy762_xenotype_bith>
			<guy762_xenotype_bothan MayRequire="guy762.StarWarsXenotypes">0.03</guy762_xenotype_bothan>
			<guy762_xenotype_cathar MayRequire="guy762.StarWarsXenotypes">0.03</guy762_xenotype_cathar>
			<guy762_xenotype_chadrafan MayRequire="guy762.StarWarsXenotypes">0.03</guy762_xenotype_chadrafan>
			<guy762_xenotype_devaronian MayRequire="guy762.StarWarsXenotypes">0.03</guy762_xenotype_devaronian>
			<guy762_xenotype_duros MayRequire="guy762.StarWarsXenotypes">0.03</guy762_xenotype_duros>
			<guy762_xenotype_echani MayRequire="guy762.StarWarsXenotypes">0.03</guy762_xenotype_echani>
			<guy762_xenotype_falleen MayRequire="guy762.StarWarsXenotypes">0.03</guy762_xenotype_falleen>
			<guy762_xenotype_feeorin MayRequire="guy762.StarWarsXenotypes">0.03</guy762_xenotype_feeorin>
			<guy762_xenotype_iridonian MayRequire="guy762.StarWarsXenotypes">0.03</guy762_xenotype_iridonian>
			<guy762_xenotype_klatoonian MayRequire="guy762.StarWarsXenotypes">0.03</guy762_xenotype_klatoonian>
			<guy762_xenotype_kubaz MayRequire="guy762.StarWarsXenotypes">0.03</guy762_xenotype_kubaz>
			<guy762_xenotype_lasat MayRequire="guy762.StarWarsXenotypes">0.03</guy762_xenotype_lasat>
			<guy762_xenotype_mimbanese MayRequire="guy762.StarWarsXenotypes">0.03</guy762_xenotype_mimbanese>
			<guy762_xenotype_miraluka MayRequire="guy762.StarWarsXenotypes">0.03</guy762_xenotype_miraluka>
			<guy762_xenotype_mirialan MayRequire="guy762.StarWarsXenotypes">0.03</guy762_xenotype_mirialan>
			<guy762_xenotype_nautolan MayRequire="guy762.StarWarsXenotypes">0.03</guy762_xenotype_nautolan>
			<guy762_xenotype_nemoidian MayRequire="guy762.StarWarsXenotypes">0.03</guy762_xenotype_nemoidian>
			<guy762_xenotype_nikto MayRequire="guy762.StarWarsXenotypes">0.03</guy762_xenotype_nikto>
			<guy762_xenotype_quarren MayRequire="guy762.StarWarsXenotypes">0.03</guy762_xenotype_quarren>
			<guy762_xenotype_rodian MayRequire="guy762.StarWarsXenotypes">0.03</guy762_xenotype_rodian>
			<guy762_xenotype_snivvian MayRequire="guy762.StarWarsXenotypes">0.03</guy762_xenotype_snivvian>
			<guy762_xenotype_sullustan MayRequire="guy762.StarWarsXenotypes">0.03</guy762_xenotype_sullustan>
			<guy762_xenotype_togruta MayRequire="guy762.StarWarsXenotypes">0.03</guy762_xenotype_togruta>
			<guy762_xenotype_trandoshan MayRequire="guy762.StarWarsXenotypes">0.03</guy762_xenotype_trandoshan>
			<guy762_xenotype_twilek MayRequire="guy762.StarWarsXenotypes">0.03</guy762_xenotype_twilek>
			<guy762_xenotype_umbaran MayRequire="guy762.StarWarsXenotypes">0.03</guy762_xenotype_umbaran>
			<guy762_xenotype_weequay MayRequire="guy762.StarWarsXenotypes">0.03</guy762_xenotype_weequay>
			<guy762_xenotype_zabrak MayRequire="guy762.StarWarsXenotypes">0.03</guy762_xenotype_zabrak>
			<guy762_xenotype_zeltron MayRequire="guy762.StarWarsXenotypes">0.03</guy762_xenotype_zeltron>
			<guy762_xenotype_zygerrian MayRequire="guy762.StarWarsXenotypes">0.03</guy762_xenotype_zygerrian>
		  </xenotypeChances>
		</xenotypeSet>
	  </PawnKindDef>
	  
	  
	  
	  
	  
	  
	  
	  
	  
	  
	  
	  
	  
	  
	  <PawnKindDef Name="KotORCiv_prole" ParentName="KotORCivilian_Base">
		<defName>KotORCiv_prole</defName>
		<label>civilian</label>
		<combatPower>25</combatPower>
		<itemQuality>Poor</itemQuality>
		<isFighter>false</isFighter>
		<gearHealthRange>0.2~2.0</gearHealthRange>
		<apparelMoney>10~100</apparelMoney>
		<apparelTags Inherit="False">
		  <li>KotORClothing_civilian_prole</li>
		  <li>IndustrialBasic</li>
		  <li>IndustrialAdvanced</li>
		</apparelTags>
		<apparelAllowHeadgearChance>0.4</apparelAllowHeadgearChance>
		<techHediffsChance>0.06</techHediffsChance>
		<techHediffsMoney>50~600</techHediffsMoney>
		<techHediffsTags>
		  <li>Poor</li>
		</techHediffsTags>
		<initialWillRange>0~1</initialWillRange>
		<initialResistanceRange>10~17</initialResistanceRange>
	  </PawnKindDef>
	  
	  <PawnKindDef Name="KotORCiv_mid" ParentName="KotORCivilian_FullXenoBase">
		<defName>KotORCiv_mid</defName>
		<label>civilian</label>
		<combatPower>25</combatPower>
		<itemQuality>Normal</itemQuality>
		<isFighter>false</isFighter>
		<apparelMoney>200~400</apparelMoney>
		<apparelTags Inherit="False">
		  <li>KotORClothing_civilian_mid</li>
		  <li>IndustrialBasic</li>
		  <li>IndustrialAdvanced</li>
		</apparelTags>
		<apparelAllowHeadgearChance>0.4</apparelAllowHeadgearChance>
		<techHediffsChance>0.06</techHediffsChance>
		<techHediffsMoney>50~600</techHediffsMoney>
		<techHediffsTags>
		  <li>Poor</li>
		  <li>Simple</li>
		  <li>ImplantEmpireCommon</li>
		</techHediffsTags>
		<initialWillRange>0~1</initialWillRange>
		<initialResistanceRange>10~17</initialResistanceRange>
	  </PawnKindDef>
	  
	  
	  <PawnKindDef Name="KotORCiv_hunter" ParentName="KotORCiv_prole">
		<defName>KotORCiv_hunter</defName>
		<label>hunter</label>
		<combatPower>65</combatPower>
		<weaponTags Inherit="False">
		  <li>KotORWeapon_civhunter</li>
		</weaponTags>
		<weaponMoney>100~300</weaponMoney>
		<apparelRequired>
		  <li>Apparel_Tailcap</li>
		</apparelRequired>
		<skills>
		  <li>
			<skill>Animals</skill>
			<range>4~12</range>
		  </li>
		</skills>
	  </PawnKindDef>
	  
	  
	  
	  <PawnKindDef Name="KotORCiv_spacer" ParentName="KotORCivilian_Base">
		<defName>KotORCiv_spacer</defName>
		<label>spacer</label>
		<combatPower>50</combatPower>
		<minGenerationAge>18</minGenerationAge>
		<maxGenerationAge>75</maxGenerationAge>
		<xenotypeSet>
			<xenotypeChances Inherit="False">
				<Baseliner>0.3</Baseliner>
				<guy762_xenotype_duros>0.3</guy762_xenotype_duros>
				<guy762_xenotype_sullustan>0.3</guy762_xenotype_sullustan>
				<guy762_xenotype_rodian>0.07</guy762_xenotype_rodian>
				<guy762_xenotype_twilek>0.01</guy762_xenotype_twilek>
				<guy762_xenotype_devaronian>0.01</guy762_xenotype_devaronian>
				<guy762_xenotype_zabrak>0.01</guy762_xenotype_zabrak>
			</xenotypeChances>
			<warnIfTotalAbove1>false</warnIfTotalAbove1>
		</xenotypeSet>
		<useFactionXenotypes>false</useFactionXenotypes>
		<gearHealthRange>1.8~7</gearHealthRange>
		<itemQuality>Normal</itemQuality>
		<apparelMoney>9999</apparelMoney>
		<apparelTags Inherit="False">
		  <li>KotORShield_basic</li>
		  <li>KotOREquipment_tech</li>
		  <li>KotORHeadband_tech</li>
		  <li>KotORApparel_pilothelmet</li>
		</apparelTags>
		<apparelRequired>
			<li>guy762_Bodysuit_Dyeable</li>
			<li>guy762_FlightVest</li>
		</apparelRequired>
		<specificApparelRequirements>
			<li>
				<apparelLayer>OnSkin</apparelLayer>
				<colorGenerator Class="ColorGenerator_Options">
				  <options>
					<li>
					  <only>(255,250,245)</only> <!--white flight suit-->
					</li>
					<li>
					  <only>(200,50,40)</only> <!-- red flight suit -->
					</li>
					<li>
						<only>(240,210,70)</only> <!-- yellow flight suit -->
					</li>
					<li>
						<only>(240,95,35)</only> <!-- orange flight suit -->
					</li>
				  </options>
				</colorGenerator>
			</li>
			<li>
				<apparelLayer>Middle</apparelLayer>
				<color>(255,250,245)</color>
			</li>
		</specificApparelRequirements>
		<skills>
		  <li>
			<skill>Shooting</skill>
			<range>4~12</range>
		  </li>
		  <li>
			<skill>Intellectual</skill>
			<range>10~16</range>
		</li>
		</skills>
		<apparelAllowHeadgearChance>0.35</apparelAllowHeadgearChance>
		<weaponMoney>100~1000</weaponMoney>
		<weaponTags>
		  <li>PM_spacer</li>
		</weaponTags>
		<biocodeWeaponChance>0.6</biocodeWeaponChance>
		<inventoryOptions>
		  <subOptionsChooseOne>
			<li>
				<thingDef>guy762_KotORcredits</thingDef>
				<countRange>0~1000</countRange>
			</li>
		  </subOptionsChooseOne>
		</inventoryOptions>
		<initialWillRange>0.5~2</initialWillRange>
		<initialResistanceRange>5~10</initialResistanceRange>
		<isFighter>false</isFighter>
		<apparelIgnoreSeasons>false</apparelIgnoreSeasons>
	</PawnKindDef>
	
	
	
	<PawnKindDef Name="KotORCiv_smuggler" ParentName="KotORCivilian_Base">
		<defName>KotORCiv_smuggler</defName>
		<label>smuggler</label>
		<trader>true</trader>
		<combatPower>50</combatPower>
		<minGenerationAge>18</minGenerationAge>
		<maxGenerationAge>75</maxGenerationAge>
		<xenotypeSet>
			<xenotypeChances Inherit="False">
				<Baseliner>0.3</Baseliner>
				<guy762_xenotype_duros>0.1</guy762_xenotype_duros>
				<guy762_xenotype_rodian>0.1</guy762_xenotype_rodian>
				<guy762_xenotype_twilek>0.2</guy762_xenotype_twilek>
				<guy762_xenotype_devaronian>0.15</guy762_xenotype_devaronian>
				<guy762_xenotype_zabrak>0.15</guy762_xenotype_zabrak>
			</xenotypeChances>
			<warnIfTotalAbove1>false</warnIfTotalAbove1>
		</xenotypeSet>
		<useFactionXenotypes>false</useFactionXenotypes>
		<gearHealthRange>1.8~7</gearHealthRange>
		<itemQuality>Normal</itemQuality>
		<apparelMoney>9999</apparelMoney>
		<apparelTags Inherit="False">
		  <li>KotORShield_basic</li>
		  <li>KotORHeadband_combat</li>
		  <li>KotORHeadband_tech</li>
		  <li>KotOREquipment_tech</li>
		  <li>KotORUtility_weakgrenade</li>
		  <li>KotORClothing_smuggler</li>
		</apparelTags>
		<apparelRequired>
			<li>Apparel_Jacket</li>
		</apparelRequired>
		<skills>
		  <li>
			<skill>Shooting</skill>
			<range>8~16</range>
		  </li>
		  <li>
			<skill>Social</skill>
			<range>8~14</range>
		  </li>
		  <li>
			<skill>Intellectual</skill>
			<range>6~12</range>
		  </li>
		</skills>
		<apparelAllowHeadgearChance>0.15</apparelAllowHeadgearChance>
		<weaponMoney>100~5000</weaponMoney>
		<weaponTags>
		  <li>SaV_smuggler</li>
		</weaponTags>
		<biocodeWeaponChance>0.6</biocodeWeaponChance>
		<inventoryOptions>
		  <subOptionsChooseOne>
			<li>
				<thingDef>guy762_KotORcredits</thingDef>
				<countRange>0~1000</countRange>
			</li>
		  </subOptionsChooseOne>
		</inventoryOptions>
		<initialWillRange>0.5~2</initialWillRange>
		<initialResistanceRange>5~10</initialResistanceRange>
		<isFighter>true</isFighter>
		<apparelIgnoreSeasons>false</apparelIgnoreSeasons>
	</PawnKindDef>
	

	


 </Defs>
