﻿<?xml version="1.0" encoding="utf-8" ?>

<Defs>

  <PawnKindDef Name="ExchangeBase" Abstract="True">
    <race>Human</race>
	<defaultFactionType>guy762_KotORFaction_Exchange</defaultFactionType>
    <chemicalAddictionChance>0.35</chemicalAddictionChance>
    <backstoryCryptosleepCommonality>0.05</backstoryCryptosleepCommonality>
    <invNutrition>0.75</invNutrition>
    <biocodeWeaponChance>0.95</biocodeWeaponChance>
	<!--apparelTags>
	  <li>KotORHeadband_gasmask</li>
    </apparelTags-->
	<allowOldAgeInjuries>False</allowOldAgeInjuries>
    <requiredWorkTags>
      <li>Violent</li>
    </requiredWorkTags>
	
	<inventoryOptions>
      <subOptionsChooseOne>
        <li>
			<thingDef>guy762_KotORcredits</thingDef>
			<countRange>0~300</countRange>
		</li>
      </subOptionsChooseOne>
    </inventoryOptions>
	
	<xenotypeSet>
      <xenotypeChances>
		<Baseliner MayRequire="Ludeon.RimWorld.Biotech">0.20</Baseliner>
		<guy762_xenotype_aqualish MayRequire="guy762.StarWarsXenotypes">0.05</guy762_xenotype_aqualish>
		<guy762_xenotype_bith MayRequire="guy762.StarWarsXenotypes">0.02</guy762_xenotype_bith>
		<guy762_xenotype_cathar MayRequire="guy762.StarWarsXenotypes">0.01</guy762_xenotype_cathar>
		<guy762_xenotype_devaronian MayRequire="guy762.StarWarsXenotypes">0.05</guy762_xenotype_devaronian>
		<guy762_xenotype_duros MayRequire="guy762.StarWarsXenotypes">0.10</guy762_xenotype_duros>
		<guy762_xenotype_falleen MayRequire="guy762.StarWarsXenotypes">0.01</guy762_xenotype_falleen> <!--1.00 total-->
		<guy762_xenotype_iridonian MayRequire="guy762.StarWarsXenotypes">0.02</guy762_xenotype_iridonian>
		<guy762_xenotype_klatoonian MayRequire="guy762.StarWarsXenotypes">0.01</guy762_xenotype_klatoonian>
		<guy762_xenotype_nautolan MayRequire="guy762.StarWarsXenotypes">0.03</guy762_xenotype_nautolan>
		<guy762_xenotype_nikto MayRequire="guy762.StarWarsXenotypes">0.02</guy762_xenotype_nikto>
		<guy762_xenotype_quarren MayRequire="guy762.StarWarsXenotypes">0.03</guy762_xenotype_quarren>
		<guy762_xenotype_rodian MayRequire="guy762.StarWarsXenotypes">0.10</guy762_xenotype_rodian>
		<guy762_xenotype_snivvian MayRequire="guy762.StarWarsXenotypes">0.01</guy762_xenotype_snivvian>
		<guy762_xenotype_sullustan MayRequire="guy762.StarWarsXenotypes">0.02</guy762_xenotype_sullustan>
		<guy762_xenotype_togruta MayRequire="guy762.StarWarsXenotypes">0.05</guy762_xenotype_togruta>
		<guy762_xenotype_trandoshan MayRequire="guy762.StarWarsXenotypes">0.01</guy762_xenotype_trandoshan>
		<guy762_xenotype_twilek MayRequire="guy762.StarWarsXenotypes">0.14</guy762_xenotype_twilek>
		<guy762_xenotype_weequay MayRequire="guy762.StarWarsXenotypes">0.05</guy762_xenotype_weequay>
		<guy762_xenotype_zabrak MayRequire="guy762.StarWarsXenotypes">0.07</guy762_xenotype_zabrak>
		<guy762_xenotype_zeltron MayRequire="guy762.StarWarsXenotypes">0.01</guy762_xenotype_zeltron>
      </xenotypeChances>
    </xenotypeSet>
  </PawnKindDef>
  
  
			<!--low level thugs-->
			
  <PawnKindDef Name="Exchange_thug" ParentName="ExchangeBase">
    <defName>Exchange_thug</defName>
	<label>underworld thug</label>
    <combatPower>35</combatPower>
    <invNutrition>0</invNutrition>
    <gearHealthRange>0.2~0.6</gearHealthRange>
    <itemQuality>Poor</itemQuality>
    <apparelMoney>90~280</apparelMoney>
    <apparelAllowHeadgearChance>0.8</apparelAllowHeadgearChance>
    <apparelTags>
	  <li>Pirate</li>
	  <li>KotORClothing_civilian_prole</li>
    </apparelTags>
    <weaponMoney>200~2100</weaponMoney>
    <weaponTags>
	  <li>SaV_thug</li>
    </weaponTags>
    <techHediffsMoney>50~150</techHediffsMoney>
    <techHediffsTags>
      <li>Poor</li>
    </techHediffsTags>
    <techHediffsChance>0.15</techHediffsChance>
	<biocodeWeaponChance>0.1</biocodeWeaponChance>
    <initialWillRange>0.2~1.6</initialWillRange>
    <initialResistanceRange>3~7</initialResistanceRange>
	<isFighter>true</isFighter>
	<apparelIgnoreSeasons>false</apparelIgnoreSeasons>
  </PawnKindDef>
  

			<!--grunt soldiers-->
				
  <PawnKindDef Name="Exchange_soldier" ParentName="ExchangeBase">
    <defName>Exchange_soldier</defName>
	<label>underworld soldier</label>
    <combatPower>50</combatPower>
    <maxGenerationAge>35</maxGenerationAge>
    <gearHealthRange>0.7~2.3</gearHealthRange>
    <apparelMoney>400~1000</apparelMoney>
    <apparelTags>
      <li>Pirate</li>
	  <li>IndustrialAdvanced</li>
      <li>IndustrialMilitaryBasic</li>
	  <li>SaV_apparel_lightmerc</li>
    </apparelTags>
    <apparelRequired>
	   <li>guy762_CombatSuit</li>	
	   <li>guy762_Bodysuit_Dyeable</li>
    </apparelRequired>
	<specificApparelRequirements>
		<li>
			<apparelLayer>OnSkin</apparelLayer>
			<color>(70,60,80)</color>
		</li>
		<li>
			<apparelLayer>Middle</apparelLayer>
			<stuff>KOTOR_FabricArmorweave</stuff>
			<color>(185,130,75)</color>
		</li>
	</specificApparelRequirements>
    <apparelAllowHeadgearChance>1.2</apparelAllowHeadgearChance>
    <weaponMoney>255~2100</weaponMoney>
    <weaponTags>
	  <li>SaV_soldier</li>
    </weaponTags>
    <techHediffsChance>0.04</techHediffsChance>
    <techHediffsMoney>50~800</techHediffsMoney>
    <techHediffsTags>
      <li>Poor</li>
      <li>Simple</li>
    </techHediffsTags>
	<skills>
		<li>
			<skill>Shooting</skill>
			<range>5~10</range>
		</li>
		<li>
			<skill>Melee</skill>
			<range>0~5</range>
		</li>
	</skills>
    <inventoryOptions>
      <skipChance>0.9</skipChance>
      <subOptionsChooseOne>
        <li>
          <thingDef>WakeUp</thingDef>
          <countRange>1~4</countRange>
        </li>
      </subOptionsChooseOne>
    </inventoryOptions>
    <biocodeWeaponChance>0.2</biocodeWeaponChance>
    <initialWillRange>0.5~2</initialWillRange>
    <initialResistanceRange>5~10</initialResistanceRange>
	<isFighter>true</isFighter>
	<disallowedTraits>
      <li>Brawler</li>
    </disallowedTraits>
	<apparelIgnoreSeasons>false</apparelIgnoreSeasons>
  </PawnKindDef>
  

            <!--brawler-->

  <PawnKindDef Name="Exchange_brawler" ParentName="ExchangeBase">
    <defName>Exchange_brawler</defName>
	<label>underworld brawler</label>
    <combatPower>50</combatPower>
    <maxGenerationAge>35</maxGenerationAge>
    <gearHealthRange>0.7~2.3</gearHealthRange>
    <itemQuality>Normal</itemQuality>
    <apparelMoney>400~1000</apparelMoney>
    <apparelTags>
      <li>Pirate</li>
      <li>MedievalMilitary</li>
	  <li>IndustrialAdvanced</li>
      <li>IndustrialMilitaryBasic</li>
      <li>SaV_apparel_lightmerc</li>
    </apparelTags>
    <apparelRequired>
	   <li>guy762_HvySuit</li>	
	   <li>guy762_Bodysuit_Dyeable</li>
    </apparelRequired>
	<specificApparelRequirements>
		<li>
			<apparelLayer>OnSkin</apparelLayer>
			<color>(70,60,80)</color>
		</li>
		<li>
			<apparelLayer>Middle</apparelLayer>
			<stuff>Plasteel</stuff>
		</li>
	</specificApparelRequirements>
    <apparelAllowHeadgearChance>0.8</apparelAllowHeadgearChance>
    <weaponMoney>255~680</weaponMoney>
    <weaponTags>
      <li>KotORMelee_weak</li>
	  <li>SaV_brawler</li>
    </weaponTags>
    <techHediffsChance>0.04</techHediffsChance>
    <techHediffsMoney>50~800</techHediffsMoney>
    <techHediffsTags>
      <li>Poor</li>
      <li>Simple</li>
    </techHediffsTags>
	<skills>
		<li>
			<skill>Shooting</skill>
			<range>0~5</range>
		</li>
		<li>
			<skill>Melee</skill>
			<range>5~13</range>
		</li>
	</skills>
    <inventoryOptions>
      <skipChance>0.1</skipChance>
      <subOptionsChooseOne>
        <li>
		  <thingDef>guy762_stim_str</thingDef>
		  <countRange>0~1</countRange>
		</li>
		<li>
		  <thingDef>guy762_stim_con</thingDef>
		  <countRange>0~1</countRange>
		</li>
		<li>
		  <thingDef>guy762_stim_dex</thingDef>
		  <countRange>0~1</countRange>
		</li>
      </subOptionsChooseOne>
    </inventoryOptions>
    <biocodeWeaponChance>0.2</biocodeWeaponChance>
    <initialWillRange>0.5~2</initialWillRange>
    <initialResistanceRange>5~10</initialResistanceRange>
	<isFighter>true</isFighter>
	<disallowedTraits>
      <li>Wimp</li>
	  <li>ShootingAccuracy</li>
    </disallowedTraits>
	<apparelIgnoreSeasons>false</apparelIgnoreSeasons>
  </PawnKindDef>
  

            <!--copied from merc faction-->

  <PawnKindDef Name="Exchange_merc" ParentName="KotORMerc_merc">
    <defName>Exchange_merc</defName>
	<label>underworld mercenary</label>
	<defaultFactionType>guy762_KotORFaction_Exchange</defaultFactionType>
  </PawnKindDef>
  
  <PawnKindDef Name="Exchange_warrior" ParentName="KotORMerc_warrior">
    <defName>Exchange_warrior</defName>
	<label>underworld warrior</label>
	<defaultFactionType>guy762_KotORFaction_Exchange</defaultFactionType>
  </PawnKindDef>
  
  <PawnKindDef Name="Exchange_commando" ParentName="KotORMerc_commando">
    <defName>Exchange_commando</defName>
	<label>underworld commando</label>
	<defaultFactionType>guy762_KotORFaction_Exchange</defaultFactionType>
  </PawnKindDef>
  
  <PawnKindDef Name="Exchange_demo" ParentName="KotORMerc_demo">
    <defName>Exchange_demo</defName>
	<label>underworld demolisher</label>
	<defaultFactionType>guy762_KotORFaction_Exchange</defaultFactionType>
  </PawnKindDef>
  
  <PawnKindDef Name="Exchange_sapper" ParentName="KotORMerc_sapper">
    <defName>Exchange_sapper</defName>
	<label>underworld saboteur</label>
	<defaultFactionType>guy762_KotORFaction_Exchange</defaultFactionType>
  </PawnKindDef>
  
  <PawnKindDef Name="Exchange_elite" ParentName="KotORMerc_elite">
    <defName>Exchange_elite</defName>
	<label>underworld elite</label>
	<defaultFactionType>guy762_KotORFaction_Exchange</defaultFactionType>
  </PawnKindDef>
  
  <PawnKindDef Name="Exchange_gangboss" ParentName="KotORMerc_gangboss">
    <defName>Exchange_gangboss</defName>
	<label>underworld boss</label>
	<defaultFactionType>guy762_KotORFaction_Exchange</defaultFactionType>
	<factionLeader>false</factionLeader>
  </PawnKindDef> 
  

  


  
  
            <!--Heavy-->
				
  <PawnKindDef Name="Exchange_heavy" ParentName="ExchangeBase">
    <defName>Exchange_heavy</defName>
	<label>underworld heavy</label>
    <canBeSapper>true</canBeSapper>
	<combatPower>100</combatPower>
    <maxGenerationAge>55</maxGenerationAge>
    <gearHealthRange>1.8~7</gearHealthRange>
    <itemQuality>Good</itemQuality>
    <apparelMoney>4250~6250</apparelMoney>
    <apparelTags>
	  <li>BeltDefensePop</li>
	  <li>KotORShield_mid</li>
	  <li>KotORUtility_sapper</li>
	  <li>KotORUtility_stronggrenade</li>
	  <li>KotORHeadband_combat</li>
	  <li>KotOREquipment_adv</li>
    </apparelTags>
	<apparelRequired>
		<li>guy762_Bodysuit_Dyeable</li>
		<li>guy762_HvyArmor</li>
		<li>guy762_HelmetHeavyBattle</li>
	</apparelRequired>
	<specificApparelRequirements>
		<li>
			<apparelLayer>OnSkin</apparelLayer>
			<color>(120,110,65)</color>
		</li>
		<li>
			<apparelLayer>Middle</apparelLayer>
			<stuff>KOTOR_AlloyDurasteel</stuff>
			<color>(180,185,185)</color>
		</li>
		<li>
			<apparelLayer>Overhead</apparelLayer>
			<stuff>KOTOR_AlloyDurasteel</stuff>
			<color>(180,185,185)</color>
		</li>
	</specificApparelRequirements>
    <apparelAllowHeadgearChance>1.5</apparelAllowHeadgearChance>
    <weaponMoney>2250~3250</weaponMoney>
    <weaponTags>
	  <!--li>MechanoidGunHeavy</li>
	  <li>MechanoidGunBreach</li-->
      <li>GunSingleUse</li>
	  <li>SaV_heavy</li>
    </weaponTags>
    <techHediffsChance>2</techHediffsChance>
    <techHediffsMoney>400~1200</techHediffsMoney>
    <techHediffsTags>
      <li>Advanced</li>
	  <li>AdvancedWeapon</li>
    </techHediffsTags>
    <inventoryOptions>
      <skipChance>0.125</skipChance>
      <subOptionsChooseOne>
        <li>
		  <thingDef>guy762_stim_hyperbattle</thingDef>
		  <countRange>0~1</countRange>
		</li>
		<li>
		  <thingDef>guy762_stim_con</thingDef>
		  <countRange>0~1</countRange>
		</li>
		<li>
		  <thingDef>guy762_stim_dex</thingDef>
		  <countRange>0~1</countRange>
		</li>
		<li>
			<thingDef>guy762_medpac_adv</thingDef>
			<countRange>1~3</countRange>
		</li>
		<!--li>
			<thingDef>credits</thingDef>
			<countRange>10~300</countRange>
		</li-->
      </subOptionsChooseOne>
    </inventoryOptions>
	<skills>
		<li>
			<skill>Shooting</skill>
			<range>12~17</range>
		</li>
	</skills>
	<disallowedTraits>
      <li>Brawler</li>
	  <li>Wimp</li>
    </disallowedTraits>
    <biocodeWeaponChance>0.7</biocodeWeaponChance>
    <initialWillRange>0.5~2</initialWillRange>
    <initialResistanceRange>5~10</initialResistanceRange>
	<isFighter>true</isFighter>
	<apparelIgnoreSeasons>false</apparelIgnoreSeasons>
  </PawnKindDef>
  

            <!--leadership-->
  
  
  
  
  
  <PawnKindDef Name="Exchange_crimelord" ParentName="ExchangeBase">
    <defName>Exchange_crimelord</defName>
	<label>crime lord</label>
	<factionLeader>true</factionLeader>
	<xenotypeSet>
      <xenotypeChances>
		<guy762_xenotype_arkanian MayRequire="Ludeon.RimWorld.Biotech">0.15</guy762_xenotype_arkanian>
		<guy762_xenotype_nemoidian MayRequire="Ludeon.RimWorld.Biotech">0.15</guy762_xenotype_nemoidian>
		<guy762_xenotype_falleen MayRequire="Ludeon.RimWorld.Biotech">0.15</guy762_xenotype_falleen>
      </xenotypeChances>
    </xenotypeSet>
    <combatPower>300</combatPower>
    <minGenerationAge>30</minGenerationAge>
	<maxGenerationAge>75</maxGenerationAge>
    <gearHealthRange>10</gearHealthRange>
    <itemQuality>Masterwork</itemQuality>
    <apparelMoney>5000~15000</apparelMoney>
    <apparelTags>
      <li>IndustrialMilitaryBasic</li>
      <li>IndustrialMilitaryAdvanced</li>
	  <li>SaV_apparel_crimelord</li>
	  <li>Royal</li>
	  <li>KotORShield_strong</li>
	  <li>KotORShield_hapan</li>
    </apparelTags>
    <apparelAllowHeadgearChance>0.35</apparelAllowHeadgearChance>
	<specificApparelRequirements>
      <li>
        <bodyPartGroup>UpperHead</bodyPartGroup>
        <requiredTag>RoyalTier2</requiredTag>
      </li>
    </specificApparelRequirements>
    <weaponMoney>12000~99999</weaponMoney>
    <weaponTags>
	  <li>SaV_crimelord</li>
    </weaponTags>
    <techHediffsChance>4</techHediffsChance>
    <techHediffsMoney>2000~4000</techHediffsMoney>
    <techHediffsTags>
      <li>Advanced</li>
	  <li>ImplantEmpireRoyal</li>
      <li>ImplantEmpireCommon</li>
    </techHediffsTags>
	<techHediffsDisallowTags>
      <li>PainCauser</li>
    </techHediffsDisallowTags>
    <inventoryOptions>
      <skipChance>0.9</skipChance>
      <subOptionsChooseOne>
        <li>
          <thingDef>Luciferium</thingDef>
          <countRange>1~4</countRange>
        </li>
		<!--li>
			<thingDef>credits</thingDef>
			<countRange>10~300</countRange>
		</li-->
      </subOptionsChooseOne>
    </inventoryOptions>
	<skills>
		<li>
			<skill>Shooting</skill>
			<range>8~16</range>
		</li>
		<li>
			<skill>Social</skill>
			<range>14~20</range>
		</li>
		<li>
			<skill>Intellectual</skill>
			<range>12~18</range>
		</li>
	</skills>
	<disallowedTraits>
	  <li>Brawler</li>
	  <li>CreepyBreathing</li>
	  <li>AnnoyingVoice</li>
	</disallowedTraits>
    
    <initialWillRange>0.5~2</initialWillRange>
    <initialResistanceRange>5~10</initialResistanceRange>
	<allowOldAgeInjuries>True</allowOldAgeInjuries>
	<isFighter>true</isFighter>
	<apparelIgnoreSeasons>false</apparelIgnoreSeasons>
  </PawnKindDef>


 </Defs>
