<?xml version="1.0" encoding="UTF-8"?>
<Defs>

	<PawnKindDef Name="KotORRepFleet_Base" Abstract="True">
		<defaultFactionType>guy762_KotORFaction_OldRepublic</defaultFactionType>
		<race>Human</race>
		<nameMaker>guy762_PawnNamer_Bf2</nameMaker>
		
		<backstoryCryptosleepCommonality>0.08</backstoryCryptosleepCommonality>
		<backstoryFiltersOverride>
		  <li>
			<categories>
			  <li>Offworld</li>
			  <li>ImperialFighter</li>
			</categories>
		  </li>
		</backstoryFiltersOverride>
		
		<chemicalAddictionChance>0.1</chemicalAddictionChance>
		<!--combatEnhancingDrugsChance>0.15</combatEnhancingDrugsChance>
		<combatEnhancingDrugsCount>0~2</combatEnhancingDrugsCount-->
		<invNutrition>2</invNutrition>
		
		<apparelAllowHeadgearChance>0.5</apparelAllowHeadgearChance>
		<apparelMoney>4000~5000</apparelMoney>
		
		<techHediffsTags>
		  <li>Spacer</li>
		  <li>Advanced</li>
		  <li>AdvancedWeapon</li>
		</techHediffsTags>
		
		<requiredWorkTags>
			<li>Violent</li>
		</requiredWorkTags>
	  </PawnKindDef>
	  
	  
	  <PawnKindDef Name="KotORJedi_Base" ParentName="KotORRepFleet_Base" Abstract="True">
		<maxGenerationAge>55</maxGenerationAge>
		<backstoryFiltersOverride>
		  <li>
			<categories>
			  <li>Offworld</li>
			  <li>Outlander</li>
			  <li>ImperialCommon</li>
			  <li>ImperialFighter</li>
			</categories>
		  </li>
		</backstoryFiltersOverride>
		
		<chemicalAddictionChance>0</chemicalAddictionChance>
		<combatEnhancingDrugsChance>0</combatEnhancingDrugsChance>
		<combatEnhancingDrugsCount>0</combatEnhancingDrugsCount>
		
		<apparelAllowHeadgearChance>0.5</apparelAllowHeadgearChance>
		<apparelMoney>4000~5000</apparelMoney>
		<inventoryOptions>
			<skipChance>0.1</skipChance>
			<subOptionsChooseOne>
				<li>
					<thingDef>KOTOR_SpacerMedKit</thingDef>
					<countRange>1~3</countRange>
				</li>
				<li>
				  <thingDef>guy762_medpac_life</thingDef>
				  <countRange>1~2</countRange>
				</li>
			</subOptionsChooseOne>
		</inventoryOptions>
		
		<biocodeWeaponChance>1</biocodeWeaponChance>
		<techHediffsChance>0.25</techHediffsChance>
		<techHediffsTags>
		  <li>Spacer</li>
		  <li>Advanced</li>
		</techHediffsTags>
		<requiredWorkTags>
			<li>Violent</li>
		</requiredWorkTags>
		<disallowedTraitsWithDegree>
			<li>
			  <PsychicSensitivity>-1~-2</PsychicSensitivity>
			</li>
		</disallowedTraitsWithDegree>
	  </PawnKindDef>
	  
	  <PawnKindDef Name="KotORJedi_XenoList" ParentName="KotORJedi_Base" Abstract="True">
		<xenotypeSet>            <!--full list minus special ones-->
		  <xenotypeChances>
			<Baseliner MayRequire="Ludeon.RimWorld.Biotech">0.03</Baseliner>
			<guy762_xenotype_aqualish MayRequire="guy762.StarWarsXenotypes">0.03</guy762_xenotype_aqualish>
			<guy762_xenotype_arkanian MayRequire="guy762.StarWarsXenotypes">0.03</guy762_xenotype_arkanian>
			<guy762_xenotype_bith MayRequire="guy762.StarWarsXenotypes">0.03</guy762_xenotype_bith>
			<guy762_xenotype_bothan MayRequire="guy762.StarWarsXenotypes">0.03</guy762_xenotype_bothan>
			<guy762_xenotype_cathar MayRequire="guy762.StarWarsXenotypes">0.03</guy762_xenotype_cathar>
			<guy762_xenotype_chadrafan MayRequire="guy762.StarWarsXenotypes">0.03</guy762_xenotype_chadrafan>
			<guy762_xenotype_devaronian MayRequire="guy762.StarWarsXenotypes">0.03</guy762_xenotype_devaronian>
			<guy762_xenotype_duros MayRequire="guy762.StarWarsXenotypes">0.03</guy762_xenotype_duros>
			<guy762_xenotype_echani MayRequire="guy762.StarWarsXenotypes">0.03</guy762_xenotype_echani>
			<guy762_xenotype_falleen MayRequire="guy762.StarWarsXenotypes">0.03</guy762_xenotype_falleen>
			<guy762_xenotype_feeorin MayRequire="guy762.StarWarsXenotypes">0.03</guy762_xenotype_feeorin>
			<guy762_xenotype_iridonian MayRequire="guy762.StarWarsXenotypes">0.03</guy762_xenotype_iridonian>
			<guy762_xenotype_klatoonian MayRequire="guy762.StarWarsXenotypes">0.03</guy762_xenotype_klatoonian>
			<guy762_xenotype_kubaz MayRequire="guy762.StarWarsXenotypes">0.03</guy762_xenotype_kubaz>
			<guy762_xenotype_lasat MayRequire="guy762.StarWarsXenotypes">0.03</guy762_xenotype_lasat>
			<guy762_xenotype_mimbanese MayRequire="guy762.StarWarsXenotypes">0.03</guy762_xenotype_mimbanese>
			<guy762_xenotype_miraluka MayRequire="guy762.StarWarsXenotypes">0.03</guy762_xenotype_miraluka>
			<guy762_xenotype_mirialan MayRequire="guy762.StarWarsXenotypes">0.03</guy762_xenotype_mirialan>
			<guy762_xenotype_nautolan MayRequire="guy762.StarWarsXenotypes">0.03</guy762_xenotype_nautolan>
			<guy762_xenotype_nemoidian MayRequire="guy762.StarWarsXenotypes">0.03</guy762_xenotype_nemoidian>
			<guy762_xenotype_nikto MayRequire="guy762.StarWarsXenotypes">0.03</guy762_xenotype_nikto>
			<guy762_xenotype_quarren MayRequire="guy762.StarWarsXenotypes">0.03</guy762_xenotype_quarren>
			<guy762_xenotype_rodian MayRequire="guy762.StarWarsXenotypes">0.03</guy762_xenotype_rodian>
			<guy762_xenotype_snivvian MayRequire="guy762.StarWarsXenotypes">0.03</guy762_xenotype_snivvian>
			<guy762_xenotype_sullustan MayRequire="guy762.StarWarsXenotypes">0.03</guy762_xenotype_sullustan>
			<guy762_xenotype_togruta MayRequire="guy762.StarWarsXenotypes">0.03</guy762_xenotype_togruta>
			<guy762_xenotype_trandoshan MayRequire="guy762.StarWarsXenotypes">0.03</guy762_xenotype_trandoshan>
			<guy762_xenotype_twilek MayRequire="guy762.StarWarsXenotypes">0.03</guy762_xenotype_twilek>
			<guy762_xenotype_umbaran MayRequire="guy762.StarWarsXenotypes">0.03</guy762_xenotype_umbaran>
			<guy762_xenotype_weequay MayRequire="guy762.StarWarsXenotypes">0.03</guy762_xenotype_weequay>
			<guy762_xenotype_zabrak MayRequire="guy762.StarWarsXenotypes">0.03</guy762_xenotype_zabrak>
			<guy762_xenotype_zeltron MayRequire="guy762.StarWarsXenotypes">0.03</guy762_xenotype_zeltron>
			<guy762_xenotype_zygerrian MayRequire="guy762.StarWarsXenotypes">0.03</guy762_xenotype_zygerrian>
		  </xenotypeChances>
		</xenotypeSet>
	  </PawnKindDef>
	  
	  
	  
	  
	  
	  
	  		<!--droids-->  
	  
	  
	  
	  <PawnKindDef Name="RepFleet_droid_MPDMkI" ParentName="KotORDroidBad_MPDMkI">
		<defName>RepFleet_droid_MPDMkI</defName>
		<defaultFactionType>guy762_KotORFaction_OldRepublic</defaultFactionType>
		<specificApparelRequirements Inherit="False" />
		<itemQuality>Good</itemQuality>
	  </PawnKindDef>
	  
	  <PawnKindDef Name="RepFleet_droid_SentWD" ParentName="KotORDroidBad_SentWD" MayRequire="guy762.KotORDroids">
		<defName>RepFleet_droid_SentWD</defName>
		<defaultFactionType>guy762_KotORFaction_OldRepublic</defaultFactionType>
		<specificApparelRequirements Inherit="False" />
		<itemQuality>Good</itemQuality>
		<!--skinColorOverride>(125,125,130)</skinColorOverride-->
	  </PawnKindDef>
	  
	  <PawnKindDef Name="RepFleet_droid_ADMkIV" ParentName="KotORDroidBad_ADMkIV" MayRequire="guy762.KotORDroids">
		<defName>RepFleet_droid_ADMkIV</defName>
		<defaultFactionType>guy762_KotORFaction_OldRepublic</defaultFactionType>
		<maxPerGroup>2</maxPerGroup>
		<specificApparelRequirements Inherit="False" />
		<itemQuality>Good</itemQuality>
		<apparelTags>
		  <li>KotORDroidWeapon_wardroid</li>
		  <li>KotORLgtCannon_flame</li>
		</apparelTags>
	  </PawnKindDef>
	  
	  
	  
	  
	  
	    <!--troopers-->
		  
		  
	<PawnKindDef Name="RepFleet_soldier" ParentName="KotORRepFleet_Base">
		<defName>RepFleet_soldier</defName>
		<label>Republic soldier</label>
		<combatPower>75</combatPower>
		<minGenerationAge>16</minGenerationAge>
		<maxGenerationAge>40</maxGenerationAge>
		<itemQuality>Normal</itemQuality>
		
		<apparelMoney>1500~5500</apparelMoney>
		<apparelAllowHeadgearChance>1</apparelAllowHeadgearChance>
		<apparelTags>
		  <li>KotORUtility_weakgrenade</li>
		  <li>KotOREquipment_basic</li>
		  <li>KotORShield_basic</li>
		  <li>KotORHeadband_gasmask</li>
		</apparelTags>
		<apparelRequired>
			<li>guy762_RepHelmet_fleet</li>
			<li>guy762_RepArmor_trooper</li>
		</apparelRequired>
		<biocodeWeaponChance>0.75</biocodeWeaponChance>
		<weaponMoney>1000~2500</weaponMoney>
		<weaponTags>
		  <li>OR_soldier</li>
		</weaponTags>
		
		<techHediffsChance>0.25</techHediffsChance>
		<techHediffsMoney>
			<min>1200</min>
			<max>2400</max>
		</techHediffsMoney>
		
		<skills>
			<li>
				<skill>Shooting</skill>
				<range>8~14</range>
			</li>
			<li>
				<skill>Melee</skill>
				<range>6~8</range>
			</li>
		</skills>
		
		<inventoryOptions>
			<skipChance>0.05</skipChance>
			<subOptionsChooseOne>
				<li>
					<thingDef>guy762_medpac</thingDef>
					<countRange>1~3</countRange>
				</li>
				<li>
				  <thingDef>guy762_stim_battle</thingDef>
				  <countRange>0~1</countRange>
				</li>
			</subOptionsChooseOne>
		</inventoryOptions>
		
		<disallowedTraits>
		  <li>Brawler</li>
		</disallowedTraits>
		<initialWillRange>0.5~2</initialWillRange>
		<initialResistanceRange>5~10</initialResistanceRange>
		<isFighter>true</isFighter>
		<apparelIgnoreSeasons>true</apparelIgnoreSeasons>
	  </PawnKindDef>
	  
	  
	  
	  
	  <PawnKindDef Name="RepFleet_medic" ParentName="KotORRepFleet_Base">
		<defName>RepFleet_medic</defName>
		<label>Republic field medic</label>
		<combatPower>50</combatPower>
		<maxPerGroup>3</maxPerGroup>
		<minGenerationAge>20</minGenerationAge>
		<maxGenerationAge>40</maxGenerationAge>
		<itemQuality>Good</itemQuality>
		
		<apparelMoney>7500~10000</apparelMoney>
		<apparelAllowHeadgearChance>1</apparelAllowHeadgearChance>
		<apparelTags>
		  <li>KotORShield_basic</li>
		  <li>KotORUtility_medic</li>
		  <li>OR_apparel_medic</li>
		</apparelTags>
		<apparelRequired>
			<li>guy762_RepArmor_medic</li>
			<li>Apparel_PackBroadshield</li>
			<li>Apparel_Bandolier</li>
		</apparelRequired>
		<specificApparelRequirements>
			<li>
				<apparelLayer>Shell</apparelLayer>
				<stuff>KOTOR_FabricArmorweave</stuff>
				<color>(100,185,250)</color>
			</li>
		</specificApparelRequirements>
		<biocodeWeaponChance>0.75</biocodeWeaponChance>
		<weaponMoney>1000~2500</weaponMoney>
		<weaponTags>
		  <li>OR_fleettrooper</li>
		</weaponTags>
		
		<techHediffsChance>0.25</techHediffsChance>
		<techHediffsMoney>
			<min>1200</min>
			<max>2400</max>
		</techHediffsMoney>
		
		<skills>
			<li>
				<skill>Shooting</skill>
				<range>6~8</range>
			</li>
			<li>
				<skill>Melee</skill>
				<range>6~8</range>
			</li>
			<li>
				<skill>Medicine</skill>
				<range>10~14</range>
			</li>
		</skills>
		
		<inventoryOptions>
			<skipChance>0</skipChance>
			<subOptionsChooseOne>
				<li>
					<thingDef>guy762_medpac_adv</thingDef>
					<countRange>3~6</countRange>
				</li>
				<li>
					<thingDef>guy762_medpac_life</thingDef>
					<countRange>1~3</countRange>
				</li>
				<li>
					<thingDef>KOTOR_SpacerMedKit</thingDef>
					<countRange>3~4</countRange>
				</li>
			</subOptionsChooseOne>
		</inventoryOptions>
		
		<disallowedTraits>
		  <li>Brawler</li>
		</disallowedTraits>
		<initialWillRange>0.5~2</initialWillRange>
		<initialResistanceRange>5~10</initialResistanceRange>
		<isFighter>true</isFighter>
		<apparelIgnoreSeasons>true</apparelIgnoreSeasons>
	  </PawnKindDef>
	  
	  
	  
	  <PawnKindDef Name="RepFleet_hvysoldier" ParentName="KotORRepFleet_Base">
		<defName>RepFleet_hvysoldier</defName>
		<label>Republic heavy soldier</label>
		<combatPower>125</combatPower>
		<maxPerGroup>12</maxPerGroup>
		<minGenerationAge>18</minGenerationAge>
		<maxGenerationAge>40</maxGenerationAge>
		<itemQuality>Normal</itemQuality>
		
		<apparelMoney>1500~5500</apparelMoney>
		<apparelAllowHeadgearChance>1</apparelAllowHeadgearChance>
		<apparelTags>
		  <li>KotORUtility_weakgrenade</li>
		  <li>KotORUtility_utilitygrenade</li>
		  <li>KotORUtility_stronggrenade</li>
		  <li>guy762PatchedTag_Bandolier</li>
		  <li>KotORHeadband_gasmask</li>
		</apparelTags>
		<apparelRequired>
			<li>guy762_RepHelmet_fleet</li>
			<li>guy762_RepArmor_trooper</li>
		</apparelRequired>
		<specificApparelRequirements>
			<li>
				<apparelLayer>Shell</apparelLayer>
				<stuff>KOTOR_FabricArmorweave</stuff>
				<color>(250,250,250)</color>
			</li>
		</specificApparelRequirements>
		<biocodeWeaponChance>0.75</biocodeWeaponChance>
		<weaponMoney>1000~2500</weaponMoney>
		<weaponTags>
		  <li>OR_heavy</li>
		  <li>GunSingleUse</li>
		</weaponTags>
		
		<techHediffsChance>0.25</techHediffsChance>
		<techHediffsMoney>
			<min>1200</min>
			<max>2400</max>
		</techHediffsMoney>
		
		<skills>
			<li>
				<skill>Shooting</skill>
				<range>12~14</range>
			</li>
			<li>
				<skill>Melee</skill>
				<range>6~8</range>
			</li>
		</skills>
		
		<inventoryOptions>
			<skipChance>0.05</skipChance>
			<subOptionsChooseOne>
				<li>
				  <thingDef>guy762_stim_battle</thingDef>
				  <countRange>0~1</countRange>
				</li>
				<li>
				  <thingDef>guy762_stim_dex</thingDef>
				  <countRange>0~1</countRange>
				</li>
			</subOptionsChooseOne>
		</inventoryOptions>
		
		<disallowedTraits>
		  <li>Brawler</li>
		</disallowedTraits>
		<initialWillRange>0.5~2</initialWillRange>
		<initialResistanceRange>5~10</initialResistanceRange>
		<isFighter>true</isFighter>
		<apparelIgnoreSeasons>true</apparelIgnoreSeasons>
		<modExtensions>
			<li Class="BodyTypeForPawnKind.ModExtension_BodyTypesOfPawnKind">
			  <whitelist>
				<li>Hulk</li>
			  </whitelist>
			  <blacklist>
			  </blacklist>
			  <priority>
				<!--When violates the black/whitelist, selected from these-->
				<li>Hulk</li>
			  </priority>
			  <!--Align body gender to pawn's gender (default: True)-->
			  <checkGender>False</checkGender>
			</li>
		</modExtensions>
	  </PawnKindDef>
	  
	  
	  
	  
	  
			<!--commandos-->
	  
	  
	  
	  
	  <PawnKindDef Name="RepFleet_commando" ParentName="KotORRepFleet_Base">
		<defName>RepFleet_commando</defName>
		<label>Republic commando</label>
		<combatPower>125</combatPower>
		<maxPerGroup>4</maxPerGroup>
		<minGenerationAge>23</minGenerationAge>
		<maxGenerationAge>35</maxGenerationAge>
		<itemQuality>Excellent</itemQuality>
		
		<apparelMoney>10000~12500</apparelMoney>
		<apparelAllowHeadgearChance>1</apparelAllowHeadgearChance>
		<apparelTags>
		  <li>KotORUtility_utilitygrenade</li>
		  <li>KotORUtility_stronggrenade</li>
		  <li>KotORShield_strong</li>
		  <li>SaV_jetpack</li>
		  <li>KotOREquipment_adv</li>
		</apparelTags>
		<apparelRequired>
			<li>guy762_HelmetHeavyBattle_repcom</li>
			<li>guy762_HvyArmor_repcom</li>
			<li>guy762_Bodysuit</li>
		</apparelRequired>
		<specificApparelRequirements>
			<li>
				<apparelLayer>OnSkin</apparelLayer>
				<color>(100,100,100)</color>
			</li>
		</specificApparelRequirements>
		<biocodeWeaponChance>0.75</biocodeWeaponChance>
		<weaponMoney>1000~35000</weaponMoney>
		<weaponTags>
		  <li>OR_commando</li>
		</weaponTags>
		
		<techHediffsChance>0.95</techHediffsChance>
		<techHediffsMoney>
			<min>2400</min>
			<max>4800</max>
		</techHediffsMoney>
		
		<skills>
			<li>
				<skill>Shooting</skill>
				<range>14~16</range>
			</li>
			<li>
				<skill>Melee</skill>
				<range>12~14</range>
			</li>
			<li>
				<skill>Construction</skill>
				<range>6~8</range>
			</li>
			<li>
				<skill>Medicine</skill>
				<range>6~8</range>
			</li>
			<li>
				<skill>Intellectual</skill>
				<range>8~10</range>
			</li>
		</skills>
		
		<inventoryOptions>
			<skipChance>0</skipChance>
			<subOptionsChooseOne>
				<li>
				  <thingDef>guy762_stim_hyperbattle</thingDef>
				  <countRange>1~2</countRange>
				</li>
				<li>
				  <thingDef>guy762_stim_hyperdex</thingDef>
				  <countRange>0~1</countRange>
				</li>
				<li>
					<thingDef>guy762_medpac_life</thingDef>
					<countRange>2~4</countRange>
				</li>
			</subOptionsChooseOne>
		</inventoryOptions>
		
		<disallowedTraits>
		  <li>Brawler</li>
		</disallowedTraits>
		<initialWillRange>0.5~2</initialWillRange>
		<initialResistanceRange>5~10</initialResistanceRange>
		<isFighter>true</isFighter>
		<apparelIgnoreSeasons>true</apparelIgnoreSeasons>
	  </PawnKindDef>
	  
	  
	  
	  <PawnKindDef Name="RepFleet_saboteur" ParentName="KotORRepFleet_Base">
		<defName>RepFleet_saboteur</defName>
		<label>Republic saboteur</label>
		<combatPower>125</combatPower>
		<maxPerGroup>4</maxPerGroup>
		<minGenerationAge>23</minGenerationAge>
		<maxGenerationAge>35</maxGenerationAge>
		<itemQuality>Excellent</itemQuality>
		
		<canBeSapper>true</canBeSapper>
		<isGoodBreacher>true</isGoodBreacher>
		
		<apparelMoney>10000~12500</apparelMoney>
		<apparelAllowHeadgearChance>1</apparelAllowHeadgearChance>
		<apparelTags>
		  <li>KotORShield_strong</li>
		  <li>KotOREquipment_adv</li>
		  <li>OR_equipment_saboteur</li>
		</apparelTags>
		<apparelRequired>
			<li>guy762_HelmetHeavyBattle_repcom</li>
			<li>guy762_HvyArmor_repcom</li>
			<li>guy762_Bodysuit</li>
		</apparelRequired>
		<specificApparelRequirements>
			<li>
				<apparelLayer>OnSkin</apparelLayer>
				<color>(100,100,100)</color>
			</li>
			<li>
				<apparelLayer>Belt</apparelLayer>
				<requiredTag>OR_equipment_saboteur</requiredTag>
			</li>
		</specificApparelRequirements>
		<biocodeWeaponChance>0.95</biocodeWeaponChance>
		<weaponMoney>1000~10000</weaponMoney>
		<weaponTags>
		  <li>OR_saboteur</li>
		</weaponTags>
		
		<techHediffsChance>0.75</techHediffsChance>
		<techHediffsMoney>
			<min>2400</min>
			<max>4800</max>
		</techHediffsMoney>
		
		<skills>
			<li>
				<skill>Shooting</skill>
				<range>14~16</range>
			</li>
			<li>
				<skill>Melee</skill>
				<range>12~14</range>
			</li>
			<li>
				<skill>Construction</skill>
				<range>6~8</range>
			</li>
			<li>
				<skill>Medicine</skill>
				<range>6~8</range>
			</li>
			<li>
				<skill>Intellectual</skill>
				<range>8~10</range>
			</li>
		</skills>
		
		<inventoryOptions>
			<skipChance>0</skipChance>
			<subOptionsChooseOne>
				<li>
				  <thingDef>guy762_stim_hyperbattle</thingDef>
				  <countRange>1~2</countRange>
				</li>
				<li>
				  <thingDef>guy762_stim_hyperdex</thingDef>
				  <countRange>0~1</countRange>
				</li>
				<li>
					<thingDef>guy762_medpac_life</thingDef>
					<countRange>2~4</countRange>
				</li>
			</subOptionsChooseOne>
		</inventoryOptions>
		
		<disallowedTraits>
		  <li>Brawler</li>
		</disallowedTraits>
		<initialWillRange>0.5~2</initialWillRange>
		<initialResistanceRange>5~10</initialResistanceRange>
		<isFighter>true</isFighter>
		<apparelIgnoreSeasons>true</apparelIgnoreSeasons>
	  </PawnKindDef>
	  
	  
	  
			<!--jedi-->
	  
	  
	<PawnKindDef Name="RepFleet_jediguardian" ParentName="KotORJedi_XenoList">
      <defName>RepFleet_jediguardian</defName>
      <label>Jedi guardian</label>
      <combatPower>200</combatPower>
	  <maxPerGroup>1</maxPerGroup>
	  <minGenerationAge>23</minGenerationAge>
	  
      <weaponMoney>99999</weaponMoney>
      <techHediffsMoney>1000~4000</techHediffsMoney>
	  <itemQuality>Good</itemQuality>
      <apparelTags>
		<li>KotORShield_mid</li>
		<li>KotOREquipment_jedi</li>
		<li>KotORHeadband_jedi</li>
	  </apparelTags>
	  <specificApparelRequirements>
		  <li>
			<apparelLayer>OnSkin</apparelLayer>
			<requiredTag>OR_jeditunic_light</requiredTag>
			<color>(195,60,35)</color>
		  </li>
	  </specificApparelRequirements>
      <weaponTags Inherit="False">
		<li>OR_jediguardian</li>
      </weaponTags>
	  <skills>
		<li>
			<skill>Melee</skill>
			<range>14~16</range>
		</li>
		<li>
			<skill>Medicine</skill>
			<range>6~10</range>
		</li>
	  </skills>

      <initialWillRange>6~8</initialWillRange>
      <initialResistanceRange>30~46</initialResistanceRange>
	  <modExtensions>
         <li Class="VanillaPsycastsExpanded.PawnKindAbilityExtension_Psycasts">
            <implantDef>VPE_PsycastAbilityImplant</implantDef>
            <initialLevel>6</initialLevel>
            <statUpgradePoints>1</statUpgradePoints>
            <unlockedPaths>
				<VPE_LightSide>1~2|1~2</VPE_LightSide>
				<VPE_Force>1~4|1~5</VPE_Force>	
				<VPE_Telekinesis>1~3|1~3</VPE_Telekinesis>		   
            </unlockedPaths>
         </li>
		 <li Class="AddGeneForPK.PKAdditionalGenes">
          <geneSets>
            <li>
              <isXenogene>true</isXenogene>
              <chance>1</chance>
              <geneDefs>
                <li>Force_Sensitive</li>
              </geneDefs>
            </li>
          </geneSets>
		</li>
      </modExtensions>
   </PawnKindDef>
   
   
   
   
   
   
   <PawnKindDef Name="RepFleet_jedisentinel" ParentName="KotORJedi_XenoList">
      <defName>RepFleet_jedisentinel</defName>
      <label>Jedi sentinel</label>
      <combatPower>200</combatPower>
	  <maxPerGroup>1</maxPerGroup>
	  <minGenerationAge>23</minGenerationAge>
	  
      <weaponMoney>99999</weaponMoney>
      <techHediffsMoney>1000~4000</techHediffsMoney>
	  <itemQuality>Good</itemQuality>
      <apparelTags>
		<li>KotORShield_mid</li>
		<li>KotOREquipment_jedi</li>
		<li>KotORHeadband_jedi</li>
	  </apparelTags>
	  <specificApparelRequirements>
		  <li>
			<apparelLayer>OnSkin</apparelLayer>
			<requiredTag>OR_jeditunic_formal</requiredTag>
			<color>(70,90,125)</color>
		  </li>
	  </specificApparelRequirements>
      <weaponTags Inherit="False">
		<li>OR_jedisentinel</li>
      </weaponTags>
	  <skills>
		<li>
			<skill>Melee</skill>
			<range>12~16</range>
		</li>
		<li>
			<skill>Medicine</skill>
			<range>8~12</range>
		</li>
		<li>
			<skill>Social</skill>
			<range>6~12</range>
		</li>
		<li>
			<skill>Intellectual</skill>
			<range>6~12</range>
		</li>
	  </skills>

      <initialWillRange>6~8</initialWillRange>
      <initialResistanceRange>30~46</initialResistanceRange>
	  <modExtensions>
         <li Class="VanillaPsycastsExpanded.PawnKindAbilityExtension_Psycasts">
            <implantDef>VPE_PsycastAbilityImplant</implantDef>
            <initialLevel>6</initialLevel>
            <statUpgradePoints>1</statUpgradePoints>
            <unlockedPaths>
				<VPE_LightSide>1~3|1~3</VPE_LightSide>
				<VPE_Force>1~3|1~3</VPE_Force>	
				<VPE_Telekinesis>1~3|1~3</VPE_Telekinesis>			   
            </unlockedPaths>
         </li>
		 <li Class="AddGeneForPK.PKAdditionalGenes">
          <geneSets>
            <li>
              <isXenogene>true</isXenogene>
              <chance>1</chance>
              <geneDefs>
                <li>Force_Sensitive</li>
              </geneDefs>
            </li>
          </geneSets>
		</li>
      </modExtensions>
   </PawnKindDef>
   
   
   
   
   
   
   
   <PawnKindDef Name="RepFleet_jediconsular" ParentName="KotORJedi_XenoList">
      <defName>RepFleet_jediconsular</defName>
      <label>Jedi consular</label>
      <combatPower>200</combatPower>
	  <maxPerGroup>1</maxPerGroup>
	  <minGenerationAge>23</minGenerationAge>
	  
      <weaponMoney>99999</weaponMoney>
      <techHediffsMoney>1000~4000</techHediffsMoney>
	  <itemQuality>Good</itemQuality>
      <apparelTags>
		<li>KotOREquipment_jedi</li>
		<li>KotORHeadband_jedi</li>
	  </apparelTags>
	  <specificApparelRequirements>
		  <li>
			<apparelLayer>OnSkin</apparelLayer>
			<requiredTag>OR_jeditunic_light</requiredTag>
			<color>(120,75,55)</color>
		  </li>
	  </specificApparelRequirements>
      <weaponTags Inherit="False">
		<li>OR_jediconsular</li>
      </weaponTags>
	  <skills>
		<li>
			<skill>Melee</skill>
			<range>10~12</range>
		</li>
		<li>
			<skill>Medicine</skill>
			<range>10~16</range>
		</li>
		<li>
			<skill>Social</skill>
			<range>10~16</range>
		</li>
		<li>
			<skill>Intellectual</skill>
			<range>10~16</range>
		</li>
	  </skills>

      <initialWillRange>6~8</initialWillRange>
      <initialResistanceRange>30~46</initialResistanceRange>
	  <modExtensions>
         <li Class="VanillaPsycastsExpanded.PawnKindAbilityExtension_Psycasts">
            <implantDef>VPE_PsycastAbilityImplant</implantDef>
            <initialLevel>6</initialLevel>
            <statUpgradePoints>1</statUpgradePoints>
            <unlockedPaths>
				<VPE_LightSide>1~4|1~4</VPE_LightSide>
				<VPE_Force>1~2|1~2</VPE_Force>	
				<VPE_Telekinesis>1~4|1~3</VPE_Telekinesis>
            </unlockedPaths>
         </li>
		 <li Class="AddGeneForPK.PKAdditionalGenes">
          <geneSets>
            <li>
              <isXenogene>true</isXenogene>
              <chance>1</chance>
              <geneDefs>
                <li>Force_Sensitive</li>
              </geneDefs>
            </li>
          </geneSets>
		</li>
      </modExtensions>
   </PawnKindDef>

   
</Defs>
