<?xml version="1.0" encoding="UTF-8"?>
<Defs>

	<PawnKindDef Name="KotORSithRem_Base" Abstract="True">
		<defaultFactionType>guy762_KotORFaction_SithRemnant</defaultFactionType>
		<race>Human</race>
		
		<backstoryCryptosleepCommonality>0.08</backstoryCryptosleepCommonality>
		<backstoryFiltersOverride>
		  <li>
			<categories>
			  <li>Pirate</li>
			  <li>Offworld</li>
			  <li>Outlander</li>
			  <li>ImperialFighter</li>
			  <li>Madman</li>
			</categories>
		  </li>
		</backstoryFiltersOverride>
		
		<chemicalAddictionChance>0.1</chemicalAddictionChance>
		<!--combatEnhancingDrugsChance>0.15</combatEnhancingDrugsChance>
		<combatEnhancingDrugsCount>0~2</combatEnhancingDrugsCount-->
		<invNutrition>0.75</invNutrition>
		
		<apparelAllowHeadgearChance>0.5</apparelAllowHeadgearChance>
		<apparelMoney>4000~5000</apparelMoney>
		
		<techHediffsTags>
		  <li>Spacer</li>
		  <li>Advanced</li>
		  <li>AdvancedWeapon</li>
		</techHediffsTags>
		
		<disallowedTraits>
		  <li>BodyPurist</li>
		  <li>Wimp</li>
		</disallowedTraits>
		<!--disallowedTraitsWithDegree>
		  <li>
			<PsychicSensitivity>-1~-2</PsychicSensitivity>
		  </li>
		</disallowedTraitsWithDegree-->
		<requiredWorkTags>
			<li>Violent</li>
		</requiredWorkTags>
	  </PawnKindDef>
	  
	  
	  
	  
	  
	  
	  		<!--droids-->  
	  
	  
	  
	  <PawnKindDef Name="SithRem_droid_MPDMkI" ParentName="KotORDroidBad_MPDMkI">
		<defName>SithRem_droid_MPDMkI</defName>
		<defaultFactionType>guy762_KotORFaction_SithRemnant</defaultFactionType>
		<specificApparelRequirements Inherit="False" />
		<gearHealthRange>0.5~1</gearHealthRange>
		<itemQuality>Poor</itemQuality>
	  </PawnKindDef>
	  
	  <PawnKindDef Name="SithRem_droid_SentWD" ParentName="KotORDroidBad_SentWD" MayRequire="guy762.KotORDroids">
		<defName>SithRem_droid_SentWD</defName>
		<defaultFactionType>guy762_KotORFaction_SithRemnant</defaultFactionType>
		<specificApparelRequirements Inherit="False" />
		<gearHealthRange>0.5~1</gearHealthRange>
		<itemQuality>Poor</itemQuality>
		<!--skinColorOverride>(125,125,130)</skinColorOverride-->
	  </PawnKindDef>
	  
	  <PawnKindDef Name="SithRem_droid_ADMkI" ParentName="KotORDroidBad_ADMkI" MayRequire="guy762.KotORDroids">
		<defName>SithRem_droid_ADMkI</defName>
		<defaultFactionType>guy762_KotORFaction_SithRemnant</defaultFactionType>
		<maxPerGroup>4</maxPerGroup>
		<specificApparelRequirements Inherit="False" />
		<gearHealthRange>0.5~1</gearHealthRange>
		<itemQuality>Poor</itemQuality>
	  </PawnKindDef>
	  
	  <PawnKindDef Name="SithRem_droid_ADMkIV" ParentName="KotORDroidBad_ADMkIV" MayRequire="guy762.KotORDroids">
		<defName>SithRem_droid_ADMkIV</defName>
		<defaultFactionType>guy762_KotORFaction_SithRemnant</defaultFactionType>
		<maxPerGroup>2</maxPerGroup>
		<label>heavy assault droid</label>
		<race>guy762_DroidRace_ADMkIV_sith</race>
		<specificApparelRequirements Inherit="False" />
		<gearHealthRange>0.5~1</gearHealthRange>
		<itemQuality>Poor</itemQuality>
		<apparelTags>
		  <li>KotORDroidWeapon_wardroid</li>
		  <li>KotORLgtCannon_flame</li>
		</apparelTags>
	  </PawnKindDef>
	  
	  
	  
	  <!--officers-->
		  
		  
	<PawnKindDef Name="SithRem_ensign" ParentName="KotORSithRem_Base">
		<defName>SithRem_ensign</defName>
		<label>Sith ensign</label>
		<combatPower>40</combatPower>
		<minGenerationAge>16</minGenerationAge>
		<maxGenerationAge>30</maxGenerationAge>
		<itemQuality>Normal</itemQuality>
		
		<apparelMoney>1500~5500</apparelMoney>
		<apparelAllowHeadgearChance>1</apparelAllowHeadgearChance>
		<apparelTags>
		  <li>KotOREquipment_basic</li>
		  <li>SE_apparel_ensign</li>
		</apparelTags>
		<apparelRequired>
			<li>guy762_SithUniform_ensign</li>
		</apparelRequired>
		<biocodeWeaponChance>0.5</biocodeWeaponChance>
		<weaponMoney>100~140</weaponMoney>
		<weaponTags>
		  <li>SE_ensign</li>
		</weaponTags>
		
		<skills>
			<li>
				<skill>Shooting</skill>
				<range>4~8</range>
			</li>
			<li>
				<skill>Melee</skill>
				<range>4~8</range>
			</li>
			<li>
				<skill>Social</skill>
				<range>5~10</range>
			</li>
			<li>
				<skill>Intellectual</skill>
				<range>5~10</range>
			</li>
		</skills>
		
		<inventoryOptions>
			<skipChance>0.25</skipChance>
			<subOptionsChooseOne>
				<li>
					<thingDef>guy762_medpac</thingDef>
					<countRange>1~3</countRange>
				</li>
			</subOptionsChooseOne>
		</inventoryOptions>
		
		<disallowedTraitsWithDegree>
			<li>
				<PsychicSensitivity>1~2</PsychicSensitivity>
			</li>
		</disallowedTraitsWithDegree>
		<initialWillRange>0.5~2</initialWillRange>
		<initialResistanceRange>5~10</initialResistanceRange>
		<isFighter>true</isFighter>
		<apparelIgnoreSeasons>true</apparelIgnoreSeasons>
	  </PawnKindDef>
	  
	  
	  
	  <PawnKindDef Name="SithRem_engineer" ParentName="KotORSithRem_Base">
		<defName>SithRem_engineer</defName>
		<label>Sith engineer</label>
		<combatPower>40</combatPower>
		<minGenerationAge>16</minGenerationAge>
		<maxGenerationAge>55</maxGenerationAge>
		<itemQuality>Normal</itemQuality>
		
		<apparelMoney>2500~7500</apparelMoney>
		<apparelAllowHeadgearChance>0.5</apparelAllowHeadgearChance>
		<apparelTags>
		  <li>KotORUtility_engi</li>
		</apparelTags>
		<apparelRequired>
			<li>guy762_UniformCap</li>
			<li>guy762_Bodysuit_Dyeable</li>
		</apparelRequired>
		<specificApparelRequirements>
			<li>
				<apparelLayer>Overhead</apparelLayer>
				<color>(50,50,50)</color>
			</li>
			<li>
				<apparelLayer>OnSkin</apparelLayer>
				<color>(170,170,190)</color>
			</li>
		</specificApparelRequirements>
		<biocodeWeaponChance>0.75</biocodeWeaponChance>
		<weaponMoney>110~2000</weaponMoney>
		<weaponTags>
		  <li>SE_engineer</li>
		  <li>PM_closerange</li>
		</weaponTags>
		
		<skills>
			<li>
				<skill>Shooting</skill>
				<range>4~8</range>
			</li>
			<li>
				<skill>Construction</skill>
				<range>8~14</range>
			</li>
			<li>
				<skill>Crafting</skill>
				<range>6~12</range>
			</li>
			<li>
				<skill>Intellectual</skill>
				<range>4~8</range>
			</li>
		</skills>
		
		<inventoryOptions>
			<skipChance>0.25</skipChance>
			<subOptionsChooseOne>
				<li>
					<thingDef>guy762_medpac</thingDef>
					<countRange>1~3</countRange>
				</li>
			</subOptionsChooseOne>
		</inventoryOptions>

		<disallowedTraitsWithDegree>
			<li>
				<PsychicSensitivity>1~2</PsychicSensitivity>
			</li>
		</disallowedTraitsWithDegree>
		<initialWillRange>0.5~2</initialWillRange>
		<initialResistanceRange>5~10</initialResistanceRange>
		<apparelIgnoreSeasons>true</apparelIgnoreSeasons>
	  </PawnKindDef>
	  
	  
	  
	  <PawnKindDef Name="SithRem_lieutenant" ParentName="KotORSithRem_Base">
		<defName>SithRem_lieutenant</defName>
		<label>Sith lieutenant</label>
		<combatPower>125</combatPower>
		<maxPerGroup>2</maxPerGroup>
		<minGenerationAge>24</minGenerationAge>
		<maxGenerationAge>40</maxGenerationAge>
		<itemQuality>Good</itemQuality>
		
		<apparelMoney>5000~10000</apparelMoney>
		<apparelAllowHeadgearChance>1</apparelAllowHeadgearChance>
		<apparelTags>
		  <li>KotOREquipment_officer</li>
		  <li>KotORHeadband_fieldofficer</li>
		  <!--li>KotORArmor_combatsuit</li-->
		</apparelTags>
		<apparelRequired>
			<li>guy762_SithHat_officer</li>
			<li>guy762_SithUniform_officer</li>
			<li>guy762_energyshield_sith</li>
		</apparelRequired>
		<!--specificApparelRequirements>
			<li>
				<apparelLayer>Middle</apparelLayer>
				<stuff>KOTOR_FabricArmorweave</stuff>
			</li>
		</specificApparelRequirements-->
		<biocodeWeaponChance>0.85</biocodeWeaponChance>
		<weaponMoney>300~2000</weaponMoney>
		<weaponTags>
		  <li>SE_officer</li>
		  <li>SE_lieutenant</li>
		</weaponTags>
		<techHediffsChance>0.5</techHediffsChance>
		<techHediffsMoney>
			<min>2400</min>
			<max>4800</max>
		</techHediffsMoney>
		<skills>
			<li>
				<skill>Shooting</skill>
				<range>6~12</range>
			</li>
			<li>
				<skill>Melee</skill>
				<range>4~8</range>
			</li>
			<li>
				<skill>Social</skill>
				<range>8~14</range>
			</li>
			<li>
				<skill>Intellectual</skill>
				<range>6~12</range>
			</li>
		</skills>
		
		<inventoryOptions>
			<skipChance>0.25</skipChance>
			<subOptionsChooseOne>
				<li>
					<thingDef>guy762_medpac_adv</thingDef>
					<countRange>1~3</countRange>
				</li>
			</subOptionsChooseOne>
		</inventoryOptions>
		
		<disallowedTraitsWithDegree>
			<li>
				<PsychicSensitivity>1~2</PsychicSensitivity>
			</li>
		</disallowedTraitsWithDegree>
		<initialWillRange>0.5~2</initialWillRange>
		<initialResistanceRange>5~10</initialResistanceRange>
		<isFighter>true</isFighter>
		<apparelIgnoreSeasons>true</apparelIgnoreSeasons>
		<abilities>
			<li>MarksmanCommand</li>
		</abilities>
	  </PawnKindDef>
	  
	  
	  
	  <PawnKindDef Name="SithRem_captain" ParentName="KotORSithRem_Base">
		<defName>SithRem_captain</defName>
		<label>Sith captain</label>
		<combatPower>200</combatPower>
		<maxPerGroup>1</maxPerGroup>
		<minGenerationAge>30</minGenerationAge>
		<maxGenerationAge>60</maxGenerationAge>
		<itemQuality>Excellent</itemQuality>
		
		<apparelMoney>12500~17500</apparelMoney>
		<apparelAllowHeadgearChance>1</apparelAllowHeadgearChance>
		<apparelTags>
		  <li>KotOREquipment_officer</li>
		</apparelTags>
		<apparelRequired>
			<li>guy762_SithHat_officer</li>
			<li>guy762_SithUniform_officer</li>
			<li>guy762_energyshield_sith</li>
		</apparelRequired>
		<biocodeWeaponChance>0.85</biocodeWeaponChance>
		<weaponMoney>400~24000</weaponMoney>
		<weaponTags>
		  <li>SE_officer</li>
		</weaponTags>
		<techHediffsChance>0.5</techHediffsChance>
		<techHediffsMoney>
			<min>2400</min>
			<max>4800</max>
		</techHediffsMoney>
		<skills>
			<li>
				<skill>Shooting</skill>
				<range>4~8</range>
			</li>
			<li>
				<skill>Melee</skill>
				<range>4~8</range>
			</li>
			<li>
				<skill>Social</skill>
				<range>10~16</range>
			</li>
			<li>
				<skill>Intellectual</skill>
				<range>10~16</range>
			</li>
		</skills>
		
		<inventoryOptions>
			<skipChance>0.25</skipChance>
			<subOptionsChooseOne>
				<li>
					<thingDef>guy762_medpac_life</thingDef>
					<countRange>1~3</countRange>
				</li>
			</subOptionsChooseOne>
		</inventoryOptions>
		
		<disallowedTraitsWithDegree>
			<li>
				<PsychicSensitivity>1~2</PsychicSensitivity>
			</li>
		</disallowedTraitsWithDegree>
		<initialWillRange>0.5~2</initialWillRange>
		<initialResistanceRange>5~10</initialResistanceRange>
		<isFighter>true</isFighter>
		<apparelIgnoreSeasons>true</apparelIgnoreSeasons>
		<abilities>
			<li>WorkDrive</li>
			<!--li>ProductionCommand</li>
			<li>CombatCommand</li-->
		</abilities>
	  </PawnKindDef>
	  
	  
	  
	  
	    <!--troopers-->
		  
		  
	<PawnKindDef Name="SithRem_trooper" ParentName="KotORSithRem_Base">
		<defName>SithRem_trooper</defName>
		<label>Sith trooper</label>
		<combatPower>75</combatPower>
		<minGenerationAge>18</minGenerationAge>
		<maxGenerationAge>40</maxGenerationAge>
		<itemQuality>Normal</itemQuality>
		
		<apparelMoney>1500~5500</apparelMoney>
		<apparelAllowHeadgearChance>1</apparelAllowHeadgearChance>
		<apparelTags>
		  <li>KotORUtility_weakgrenade</li>
		  <li>KotORShield_sith</li>
		</apparelTags>
		<apparelRequired>
			<li>guy762_SithHelmet_trooper</li>
			<li>guy762_SithArmor_trooper</li>
			<li>guy762_Bodysuit_Dyeable</li>
		</apparelRequired>
		<specificApparelRequirements>
			<li>
				<apparelLayer>OnSkin</apparelLayer>
				<color>(50,50,50)</color>
			</li>
		</specificApparelRequirements>
		<biocodeWeaponChance>0.75</biocodeWeaponChance>
		<weaponMoney>1000~2500</weaponMoney>
		<weaponTags>
		  <li>SE_trooper</li>
		</weaponTags>
		
		<techHediffsChance>0.25</techHediffsChance>
		<techHediffsMoney>
			<min>1200</min>
			<max>2400</max>
		</techHediffsMoney>
		
		<skills>
			<li>
				<skill>Shooting</skill>
				<range>6~13</range>
			</li>
			<li>
				<skill>Melee</skill>
				<range>4~7</range>
			</li>
		</skills>
		
		<inventoryOptions>
			<skipChance>0.25</skipChance>
			<subOptionsChooseOne>
				<li>
					<thingDef>guy762_medpac</thingDef>
					<countRange>1~3</countRange>
				</li>
				<li>
				  <thingDef>guy762_stim_battle</thingDef>
				  <countRange>0~1</countRange>
				</li>
			</subOptionsChooseOne>
		</inventoryOptions>
		
		<disallowedTraits>
		  <li>Brawler</li>
		</disallowedTraits>
		<disallowedTraitsWithDegree>
			<li>
				<PsychicSensitivity>1~2</PsychicSensitivity>
			</li>
		</disallowedTraitsWithDegree>
		<initialWillRange>0.5~2</initialWillRange>
		<initialResistanceRange>5~10</initialResistanceRange>
		<isFighter>true</isFighter>
		<apparelIgnoreSeasons>true</apparelIgnoreSeasons>
	  </PawnKindDef>
	  
	  
	  
	  
	  <PawnKindDef Name="SithRem_troopermelee" ParentName="KotORSithRem_Base">
		<defName>SithRem_troopermelee</defName>
		<label>Sith trooper</label>
		<combatPower>75</combatPower>
		<minGenerationAge>18</minGenerationAge>
		<maxGenerationAge>40</maxGenerationAge>
		<itemQuality>Normal</itemQuality>
		
		<apparelMoney>1500~5500</apparelMoney>
		<apparelAllowHeadgearChance>1</apparelAllowHeadgearChance>
		<apparelTags>
		  <li>KotOREquipment_sith</li>
		  <li>KotORShield_sith</li>
		</apparelTags>
		<apparelRequired>
			<li>guy762_SithHelmet_trooper</li>
			<li>guy762_SithArmor_trooper</li>
			<li>guy762_Bodysuit_Dyeable</li>
		</apparelRequired>
		<specificApparelRequirements>
			<li>
				<apparelLayer>OnSkin</apparelLayer>
				<color>(50,50,50)</color>
			</li>
		</specificApparelRequirements>
		<biocodeWeaponChance>0.75</biocodeWeaponChance>
		<weaponMoney>1750~2500</weaponMoney>
		<weaponTags>
		  <li>SE_melee</li>
		</weaponTags>
		
		<techHediffsChance>0.25</techHediffsChance>
		<techHediffsMoney>
			<min>1200</min>
			<max>2400</max>
		</techHediffsMoney>
		
		<skills>
			<li>
				<skill>Shooting</skill>
				<range>4~7</range>
			</li>
			<li>
				<skill>Melee</skill>
				<range>6~13</range>
			</li>
		</skills>
		
		<inventoryOptions>
			<skipChance>0.25</skipChance>
			<subOptionsChooseOne>
				<li>
				  <thingDef>guy762_stim_str</thingDef>
				  <countRange>0~1</countRange>
				</li>
				<li>
				  <thingDef>guy762_stim_con</thingDef>
				  <countRange>0~1</countRange>
				</li>
				<li>
				  <thingDef>guy762_stim_dex</thingDef>
				  <countRange>0~1</countRange>
				</li>
			</subOptionsChooseOne>
		</inventoryOptions>

		<disallowedTraitsWithDegree>
			<li>
				<PsychicSensitivity>1~2</PsychicSensitivity>
			</li>
			<li>
				<ShootingAccuracy>-1~1</ShootingAccuracy>
			  </li>
		</disallowedTraitsWithDegree>
		<initialWillRange>0.5~2</initialWillRange>
		<initialResistanceRange>5~10</initialResistanceRange>
		<isFighter>true</isFighter>
		<apparelIgnoreSeasons>true</apparelIgnoreSeasons>
	  </PawnKindDef>
	  
	  
	  
	  
	  <PawnKindDef Name="SithRem_hvytrooper" ParentName="KotORSithRem_Base">
		<defName>SithRem_hvytrooper</defName>
		<label>heavy Sith trooper</label>
		<combatPower>100</combatPower>
		<maxPerGroup>10</maxPerGroup>
		<minGenerationAge>23</minGenerationAge>
		<maxGenerationAge>45</maxGenerationAge>
		<itemQuality>Normal</itemQuality>
		
		<apparelMoney>1500~5500</apparelMoney>
		<apparelAllowHeadgearChance>1</apparelAllowHeadgearChance>
		<apparelTags>
		  <li>KotORUtility_utilitygrenade</li>
		  <li>KotORUtility_stronggrenade</li>
		  <li>KotORShield_sith</li>
		  <li>guy762PatchedTag_Bandolier</li>
		</apparelTags>
		<apparelRequired>
			<li>guy762_SithHelmet_colortrooper</li>
			<li>guy762_SithArmor_colortrooper</li>
			<li>guy762_Bodysuit_Dyeable</li>
		</apparelRequired>
		<specificApparelRequirements>
			<li>
				<apparelLayer>Overhead</apparelLayer>
				<color>(120,0,0)</color>
			</li>
			<li>
				<apparelLayer>Shell</apparelLayer>
				<stuff>KOTOR_FabricArmorweave</stuff>
				<color>(250,250,250)</color>
			</li>
			<li>
				<apparelLayer>Middle</apparelLayer>
				<color>(120,0,0)</color>
			</li>
			<li>
				<apparelLayer>OnSkin</apparelLayer>
				<color>(50,50,50)</color>
			</li>
		</specificApparelRequirements>
		<biocodeWeaponChance>0.75</biocodeWeaponChance>
		<weaponMoney>1600~7000</weaponMoney>
		<weaponTags>
		  <li>SE_heavy</li>
		  <li>GunSingleUse</li>
		</weaponTags>
		
		<techHediffsChance>0.5</techHediffsChance>
		<techHediffsMoney>
			<min>2400</min>
			<max>4800</max>
		</techHediffsMoney>
		
		<skills>
			<li>
				<skill>Shooting</skill>
				<range>6~13</range>
			</li>
			<li>
				<skill>Melee</skill>
				<range>4~7</range>
			</li>
		</skills>
		
		<inventoryOptions>
			<skipChance>0.1</skipChance>
			<subOptionsChooseOne>
				<li>
				  <thingDef>guy762_stim_battle</thingDef>
				  <countRange>0~1</countRange>
				</li>
				<li>
					<thingDef>guy762_medpac</thingDef>
					<countRange>1~3</countRange>
				</li>
			</subOptionsChooseOne>
		</inventoryOptions>
		
		<disallowedTraits>
		  <li>Brawler</li>
		</disallowedTraits>
		<disallowedTraitsWithDegree>
			<li>
				<PsychicSensitivity>1~2</PsychicSensitivity>
			</li>
		</disallowedTraitsWithDegree>
		<initialWillRange>0.5~2</initialWillRange>
		<initialResistanceRange>5~10</initialResistanceRange>
		<isFighter>true</isFighter>
		<apparelIgnoreSeasons>true</apparelIgnoreSeasons>
		<modExtensions>
			<li Class="BodyTypeForPawnKind.ModExtension_BodyTypesOfPawnKind">
			  <whitelist>
				<li>Hulk</li>
			  </whitelist>
			  <blacklist>
			  </blacklist>
			  <priority>
				<!--When violates the black/whitelist, selected from these-->
				<li>Hulk</li>
			  </priority>
			  <!--Align body gender to pawn's gender (default: True)-->
			  <checkGender>False</checkGender>
			</li>
		</modExtensions>
	  </PawnKindDef>
	  
	  
	  
	  
	  
			<!--elite trooper-->
	  
	  
	  
	  
	  <PawnKindDef Name="SithRem_elite" ParentName="KotORSithRem_Base">
		<defName>SithRem_elite</defName>
		<label>elite Sith trooper</label>
		<combatPower>125</combatPower>
		<minGenerationAge>23</minGenerationAge>
		<maxGenerationAge>45</maxGenerationAge>
		<itemQuality>Good</itemQuality>
		
		<apparelMoney>1500~5500</apparelMoney>
		<apparelAllowHeadgearChance>1</apparelAllowHeadgearChance>
		<apparelTags>
		  <li>KotORUtility_stronggrenade</li>
		  <li>KotORShield_sith</li>
		  <li>KotOREquipment_sith</li>
		</apparelTags>
		<apparelRequired>
			<li>guy762_SithHelmet_colortrooper</li>
			<li>guy762_SithArmor_colortrooper</li>
			<li>guy762_Bodysuit_Dyeable</li>
		</apparelRequired>
		<specificApparelRequirements>
			<li>
				<apparelLayer>Overhead</apparelLayer>
				<color>(120,0,0)</color>
			</li>
			<li>
				<apparelLayer>Middle</apparelLayer>
				<color>(120,0,0)</color>
			</li>
			<li>
				<apparelLayer>OnSkin</apparelLayer>
				<color>(50,50,50)</color>
			</li>
		</specificApparelRequirements>
		<biocodeWeaponChance>0.75</biocodeWeaponChance>
		<weaponMoney>1600~7000</weaponMoney>
		<weaponTags>
		  <li>SE_elitetrooper</li>
		</weaponTags>
		
		<techHediffsChance>0.5</techHediffsChance>
		<techHediffsMoney>
			<min>2400</min>
			<max>4800</max>
		</techHediffsMoney>
		
		<skills>
			<li>
				<skill>Shooting</skill>
				<range>10~16</range>
			</li>
			<li>
				<skill>Melee</skill>
				<range>6~13</range>
			</li>
		</skills>
		
		<inventoryOptions>
			<skipChance>0.1</skipChance>
			<subOptionsChooseOne>
				<li>
				  <thingDef>guy762_stim_hyperbattle</thingDef>
				  <countRange>0~1</countRange>
				</li>
				<li>
					<thingDef>guy762_medpac_adv</thingDef>
					<countRange>1~3</countRange>
				</li>
			</subOptionsChooseOne>
		</inventoryOptions>
		
		<disallowedTraits>
		  <li>Brawler</li>
		</disallowedTraits>
		<disallowedTraitsWithDegree>
			<li>
				<PsychicSensitivity>1~2</PsychicSensitivity>
			</li>
		</disallowedTraitsWithDegree>
		<initialWillRange>0.5~2</initialWillRange>
		<initialResistanceRange>5~10</initialResistanceRange>
		<isFighter>true</isFighter>
		<apparelIgnoreSeasons>true</apparelIgnoreSeasons>
	  </PawnKindDef>
	  
	  
	  
	  <PawnKindDef Name="SithRem_elitemelee" ParentName="KotORSithRem_Base">
		<defName>SithRem_elitemelee</defName>
		<label>elite Sith trooper</label>
		<combatPower>125</combatPower>
		<minGenerationAge>23</minGenerationAge>
		<maxGenerationAge>45</maxGenerationAge>
		<itemQuality>Good</itemQuality>
		
		<apparelMoney>1500~5500</apparelMoney>
		<apparelAllowHeadgearChance>1</apparelAllowHeadgearChance>
		<apparelTags>
		  <li>KotORShield_sith</li>
		  <li>KotOREquipment_sith</li>
		</apparelTags>
		<apparelRequired>
			<li>guy762_SithHelmet_colortrooper</li>
			<li>guy762_SithArmor_colortrooper</li>
			<li>guy762_Bodysuit_Dyeable</li>
			<li>guy762_glove_sith</li>
		</apparelRequired>
		<specificApparelRequirements>
			<li>
				<apparelLayer>Overhead</apparelLayer>
				<color>(120,0,0)</color>
			</li>
			<li>
				<apparelLayer>Middle</apparelLayer>
				<color>(120,0,0)</color>
			</li>
			<li>
				<apparelLayer>OnSkin</apparelLayer>
				<color>(50,50,50)</color>
			</li>
		</specificApparelRequirements>
		<biocodeWeaponChance>0.75</biocodeWeaponChance>
		<weaponMoney>5000~10000</weaponMoney>
		<weaponTags>
		  <li>SE_elitemelee</li>
		</weaponTags>
		
		<techHediffsChance>0.5</techHediffsChance>
		<techHediffsMoney>
			<min>2400</min>
			<max>4800</max>
		</techHediffsMoney>
		
		<skills>
			<li>
				<skill>Shooting</skill>
				<range>6~13</range>
			</li>
			<li>
				<skill>Melee</skill>
				<range>10~16</range>
			</li>
		</skills>
		
		<inventoryOptions>
			<skipChance>0.1</skipChance>
			<subOptionsChooseOne>
				<li>
				  <thingDef>guy762_stim_hyperstr</thingDef>
				  <countRange>0~1</countRange>
				</li>
				<li>
				  <thingDef>guy762_stim_hypercon</thingDef>
				  <countRange>0~1</countRange>
				</li>
				<li>
				  <thingDef>guy762_stim_hyperdex</thingDef>
				  <countRange>0~1</countRange>
				</li>
			</subOptionsChooseOne>
		</inventoryOptions>
		
		<disallowedTraitsWithDegree>
			<li>
				<ShootingAccuracy>-1~1</ShootingAccuracy>
			  </li>
			<li>
				<PsychicSensitivity>1~2</PsychicSensitivity>
			</li>
		</disallowedTraitsWithDegree>
		<initialWillRange>0.5~2</initialWillRange>
		<initialResistanceRange>5~10</initialResistanceRange>
		<isFighter>true</isFighter>
		<apparelIgnoreSeasons>true</apparelIgnoreSeasons>
	  </PawnKindDef>
	  
	  
	  
	  <PawnKindDef Name="SithRem_operative" ParentName="KotORSithRem_Base">
		<defName>SithRem_operative</defName>
		<label>Sith operative</label>
		<combatPower>100</combatPower>
		<minGenerationAge>18</minGenerationAge>
		<maxGenerationAge>40</maxGenerationAge>
		<itemQuality>Good</itemQuality>
		
		<canBeSapper>true</canBeSapper>
		<isGoodBreacher>true</isGoodBreacher>
		
		<apparelMoney>1500~5500</apparelMoney>
		<apparelAllowHeadgearChance>1</apparelAllowHeadgearChance>
		<apparelTags>
		  <li>KotORShield_sith</li>
		  <li>KotORGloves_tech</li>
		</apparelTags>
		<apparelRequired>
			<li>guy762_SithHelmet_colortrooper</li>
			<li>guy762_SithArmor_colortrooper</li>
			<li>guy762_Bodysuit</li>
			<li>guy762_stealthbelt_eriadu</li>
		</apparelRequired>
		<specificApparelRequirements>
			<li>
				<apparelLayer>Overhead</apparelLayer>
				<color>(100,100,100)</color>
			</li>
			<li>
				<apparelLayer>Middle</apparelLayer>
				<color>(100,100,100)</color>
			</li>
			<li>
				<apparelLayer>OnSkin</apparelLayer>
				<color>(100,100,100)</color>
			</li>
		</specificApparelRequirements>
		<biocodeWeaponChance>0.75</biocodeWeaponChance>
		<weaponMoney>300~2000</weaponMoney>
		<weaponTags>
		  <li>SE_operative</li>
		</weaponTags>
		
		<techHediffsChance>0.5</techHediffsChance>
		<techHediffsMoney>
			<min>2400</min>
			<max>4800</max>
		</techHediffsMoney>
		
		<skills>
			<li>
				<skill>Shooting</skill>
				<range>10~16</range>
			</li>
			<li>
				<skill>Melee</skill>
				<range>4~8</range>
			</li>
			<li>
				<skill>Intellectual</skill>
				<range>8~14</range>
			</li>
		</skills>
		
		<inventoryOptions>
			<skipChance>0</skipChance>
			<subOptionsChooseOne>
				<li>
				  <thingDef>guy762_stim_hyperdex</thingDef>
				  <countRange>1~2</countRange>
				</li>
				<li>
				  <thingDef>guy762_stim_hyperbattle</thingDef>
				  <countRange>1~2</countRange>
				</li>
				<li>
					<thingDef>guy762_medpac_adv</thingDef>
					<countRange>1~3</countRange>
				</li>
			</subOptionsChooseOne>
		</inventoryOptions>
		
		<disallowedTraits>
		  <li>Brawler</li>
		</disallowedTraits>
		<disallowedTraitsWithDegree>
			<li>
				<PsychicSensitivity>1~2</PsychicSensitivity>
			</li>
			<li>
				<ShootingAccuracy>-1</ShootingAccuracy>
			</li>
		</disallowedTraitsWithDegree>
		<initialWillRange>0.5~2</initialWillRange>
		<initialResistanceRange>5~10</initialResistanceRange>
		<isFighter>true</isFighter>
		<apparelIgnoreSeasons>true</apparelIgnoreSeasons>
	  </PawnKindDef>
          
		
		
		
		
		
		
		<!--force users-->  
   
   
   <PawnKindDef Name="SithRem_acolyte" ParentName="KotORSithRem_Base">
      <defName>SithRem_acolyte</defName>
      <label>Sith acolyte</label>
      <combatPower>100</combatPower>
	  <minGenerationAge>15</minGenerationAge>
	  <maxGenerationAge>25</maxGenerationAge>
	  <itemQuality>Normal</itemQuality>
	  <backstoryFiltersOverride Inherit="False">
		  <li>
			<categories>
			  <li>Sith</li>
			</categories>
		  </li>
	  </backstoryFiltersOverride>
	  <apparelMoney>1000~5000</apparelMoney>
	  <apparelTags>
		<li>KotORShield_sith</li>
		<li>KotOREquipment_sith</li>
	  </apparelTags>
	  <apparelRequired>
		<li>guy762_SithHood_masked</li>
		<li>guy762_SithTunic_apprentice</li>
	  </apparelRequired>
	  
	  <weaponMoney>99999</weaponMoney>
      <weaponTags>
         <li>SE_sithsaber_apprentice</li>
		 <li>KotORWeapon_SithAsnPistol</li>
      </weaponTags>
	  <biocodeWeaponChance>999</biocodeWeaponChance>
	  
	  <skills>
		<li>
			<skill>Melee</skill>
			<range>8~12</range>
		</li>
	  </skills>

	  <disallowedTraitsWithDegree>
		  <li>
			<PsychicSensitivity>-1~-2</PsychicSensitivity>
		  </li>
		</disallowedTraitsWithDegree>
	  
      <initialWillRange>10~12</initialWillRange>
      <initialResistanceRange>50~72</initialResistanceRange>
      
	  <modExtensions>
         <li Class="VanillaPsycastsExpanded.PawnKindAbilityExtension_Psycasts">
            <implantDef>VPE_PsycastAbilityImplant</implantDef>
            <initialLevel>1</initialLevel>
            <statUpgradePoints>0</statUpgradePoints>
            <unlockedPaths>
               <VPE_Darkside>1~2|1~2</VPE_Darkside>
               <VPE_Force>1~2|1~2</VPE_Force>			   
            </unlockedPaths>
         </li>
		 <li Class="AddGeneForPK.PKAdditionalGenes">
          <geneSets>
            <li>
              <isXenogene>true</isXenogene>
              <chance>1</chance>
              <geneDefs>
                <li>VPE_ForceW_Corruption</li>
              </geneDefs>
            </li>
          </geneSets>
		</li>
		<li Class="AthenaFramework.HediffGiverExtension">
		  <bodypartPairs>
			<li>
			  <hediffDef>Force_Darkside</hediffDef>
			</li>
		  </bodypartPairs>
		</li>
      </modExtensions>
   </PawnKindDef>
   
   
   
   <PawnKindDef Name="SithRem_assassin" ParentName="KotORSithRem_Base">
      <defName>SithRem_assassin</defName>
      <label>Sith Assassin</label>
      <combatPower>200</combatPower>
	  <minGenerationAge>16</minGenerationAge>
	  <maxGenerationAge>35</maxGenerationAge>
	  <itemQuality>Good</itemQuality>
	  <backstoryFiltersOverride Inherit="False">
		  <li>
			<categories>
			  <li>SithChildhood</li>
			  <li>SithAssassin</li>
			</categories>
		  </li>
	  </backstoryFiltersOverride>
	  <apparelMoney>1000~5000</apparelMoney>
	  <apparelTags>
		<li>KotORShield_sith</li>
		<li>KotOREquipment_sith</li>
	  </apparelTags>
	  <apparelRequired>
		<li>guy762_SithMask_assassin</li>
		<li>guy762_SithTunic_assassin</li>
		<li>guy762_stealthbelt_eriadu</li>
	  </apparelRequired>
	  <ignoreFactionApparelStuffRequirements>true</ignoreFactionApparelStuffRequirements>
	  
	  <weaponMoney>99999</weaponMoney>
      <weaponTags>
         <li>SE_assassin</li>
		 <li>SE_sithsaber_assassin</li>
      </weaponTags>
	  <biocodeWeaponChance>999</biocodeWeaponChance>
	  <techHediffsMoney>1000~4000</techHediffsMoney>
	  
	  <skills>
		<li>
			<skill>Shooting</skill>
			<range>10~14</range>
		</li>
		<li>
			<skill>Melee</skill>
			<range>10~14</range>
		</li>
	  </skills>

	  <disallowedTraitsWithDegree>
		  <li>
			<PsychicSensitivity>-1~-2</PsychicSensitivity>
		  </li>
		  <li>
			<ShootingAccuracy>-1</ShootingAccuracy>
		  </li>
	  </disallowedTraitsWithDegree>
	  
      <initialWillRange>10~12</initialWillRange>
      <initialResistanceRange>50~72</initialResistanceRange>
      
	  <modExtensions>
         <li Class="VanillaPsycastsExpanded.PawnKindAbilityExtension_Psycasts">
            <implantDef>VPE_PsycastAbilityImplant</implantDef>
            <initialLevel>4</initialLevel>
            <statUpgradePoints>1</statUpgradePoints>
            <unlockedPaths>
				<VPE_Darkside>1~2|1~2</VPE_Darkside>
				<VPE_Force>1~2|1~2</VPE_Force>		
				<VPE_Telekinesis>1~2|1~1</VPE_Telekinesis>
            </unlockedPaths>
         </li>
		  <li Class="AddGeneForPK.PKAdditionalGenes">
          <geneSets>
            <li>
              <isXenogene>true</isXenogene>
              <chance>1</chance>
              <geneDefs>
                <li>VPE_ForceN_Corruption</li>
              </geneDefs>
            </li>
          </geneSets>
		</li>
		<li Class="AthenaFramework.HediffGiverExtension">
		  <bodypartPairs>
			<li>
			  <hediffDef>Force_Darkside</hediffDef>
			</li>
		  </bodypartPairs>
		</li>
      </modExtensions>
   </PawnKindDef>
   
   
   
   
   
   <PawnKindDef Name="SithRem_warrior" ParentName="KotORSithRem_Base">
      <defName>SithRem_warrior</defName>
      <label>Sith Warrior</label>
      <combatPower>200</combatPower>
	  <minGenerationAge>18</minGenerationAge>
	  <maxGenerationAge>45</maxGenerationAge>
	  <itemQuality>Good</itemQuality>
	  <backstoryFiltersOverride Inherit="False">
		  <li>
			<categories>
			  <li>SithChildhood</li>
			  <li>SithWarrior</li>
			</categories>
		  </li>
	  </backstoryFiltersOverride>
	  <apparelMoney>1000~5000</apparelMoney>
	  <apparelTags>
		<li>KotORShield_sith</li>
		<li>KotOREquipment_sith</li>
	  </apparelTags>
	  <apparelRequired>
		<li>guy762_SithMask_warrior</li>
		<li>guy762_SithTunic_warrior</li>
	  </apparelRequired>
	  <ignoreFactionApparelStuffRequirements>true</ignoreFactionApparelStuffRequirements>
	  
	  <weaponMoney>99999</weaponMoney>
      <weaponTags>
         <li>SE_sithwarrior</li>
      </weaponTags>
	  <biocodeWeaponChance>999</biocodeWeaponChance>
	  <techHediffsMoney>4000~6000</techHediffsMoney>
	  
	  <skills>
		<li>
			<skill>Melee</skill>
			<range>12~14</range>
		</li>
	  </skills>

	  <disallowedTraitsWithDegree>
		  <li>
			<PsychicSensitivity>-1~-2</PsychicSensitivity>
		  </li>
	  </disallowedTraitsWithDegree>
	  
      <initialWillRange>10~12</initialWillRange>
      <initialResistanceRange>50~72</initialResistanceRange>
      
	  <modExtensions>
         <li Class="VanillaPsycastsExpanded.PawnKindAbilityExtension_Psycasts">
            <implantDef>VPE_PsycastAbilityImplant</implantDef>
            <initialLevel>4</initialLevel>
            <statUpgradePoints>1</statUpgradePoints>
            <unlockedPaths>
				<VPE_Darkside>1~2|1~2</VPE_Darkside>
				<VPE_Force>1~3|1~3</VPE_Force>
				<VPE_Telekinesis>1~2|1~1</VPE_Telekinesis>
            </unlockedPaths>
         </li>
		  <li Class="AddGeneForPK.PKAdditionalGenes">
          <geneSets>
            <li>
              <isXenogene>true</isXenogene>
              <chance>1</chance>
              <geneDefs>
                <li>VPE_ForceN_Corruption</li>
              </geneDefs>
            </li>
          </geneSets>
		</li>
		<li Class="AthenaFramework.HediffGiverExtension">
		  <bodypartPairs>
			<li>
			  <hediffDef>Force_Darkside</hediffDef>
			</li>
		  </bodypartPairs>
		</li>
      </modExtensions>
   </PawnKindDef>
   
</Defs>
