﻿<?xml version="1.0" encoding="utf-8" ?>

<Defs>
	
	<PawnKindDef Name="Czerka_Base" Abstract="True">
		<race>Human</race>
		<defaultFactionType>guy762_KotORFaction_Czerka</defaultFactionType>
		<chemicalAddictionChance>0.125</chemicalAddictionChance>
		<backstoryCryptosleepCommonality>0.05</backstoryCryptosleepCommonality>
		<invNutrition>1</invNutrition>
		<biocodeWeaponChance>0.75</biocodeWeaponChance>
		<backstoryFilters>
		  <li>
			<categories>
			  <li>Offworld</li>
			</categories>
		  </li>
		</backstoryFilters>
		<!--apparelTags>
		  <li>KotORHeadband_gasmask</li>
		</apparelTags-->
		<combatEnhancingDrugsChance>0.05</combatEnhancingDrugsChance>
		<combatEnhancingDrugsCount>
		  <min>0</min>
		  <max>1</max>
		</combatEnhancingDrugsCount>
		<allowOldAgeInjuries>false</allowOldAgeInjuries>
		<requiredWorkTags>
		  <li>Violent</li>
		</requiredWorkTags>
		
		<techHediffsTags>
		  <li>Spacer</li>
		  <li>Advanced</li>
		  <li>AdvancedWeapon</li>
		</techHediffsTags>
		
		<inventoryOptions>
		  <subOptionsChooseOne>
			<li>
				<thingDef>guy762_KotORcredits</thingDef>
				<countRange>0~100</countRange>
			</li>
		  </subOptionsChooseOne>
		</inventoryOptions>
	  </PawnKindDef>
	  
	  
	  <PawnKindDef Name="CzerkaSlave_Base" Abstract="True">
		<race>Human</race>
		<defaultFactionType>guy762_KotORFaction_Czerka</defaultFactionType>
		<chemicalAddictionChance>0.05</chemicalAddictionChance>
		<backstoryCryptosleepCommonality>0.05</backstoryCryptosleepCommonality>
		<backstoryFilters>
		  <li>
			<categories>
			  <li>Offworld</li>
			  <li>Outlander</li>
			  <li>Outsider</li>
			</categories>
		  </li>
		</backstoryFilters>
		<apparelIgnoreSeasons>true</apparelIgnoreSeasons>
		<apparelIgnorePollution MayRequire="Ludeon.RimWorld.Biotech">true</apparelIgnorePollution>
		<allowOldAgeInjuries>true</allowOldAgeInjuries>
		<techHediffsTags>
		  <li>Poor</li>
		</techHediffsTags>
		<invNutrition>1</invNutrition>
		<invFoodDef>Pemmican</invFoodDef>
		<initialWillRange>0~0</initialWillRange>
		<initialResistanceRange>10~17</initialResistanceRange>
	  </PawnKindDef>
	  
	  
	  
	  <PawnKindDef Name="CzerkaSlave_AlienList" ParentName="CzerkaSlave_Base" Abstract="True">
		<xenotypeSet>
		  <xenotypeChances>
			<guy762_xenotype_aqualish MayRequire="guy762.StarWarsXenotypes">0.02</guy762_xenotype_aqualish>
			<guy762_xenotype_bith MayRequire="guy762.StarWarsXenotypes">0.02</guy762_xenotype_bith>
			<guy762_xenotype_cathar MayRequire="guy762.StarWarsXenotypes">0.08</guy762_xenotype_cathar>
			<guy762_xenotype_chadrafan MayRequire="guy762.StarWarsXenotypes">0.03</guy762_xenotype_chadrafan>
			<guy762_xenotype_devaronian MayRequire="guy762.StarWarsXenotypes">0.01</guy762_xenotype_devaronian>
			<guy762_xenotype_duros MayRequire="guy762.StarWarsXenotypes">0.01</guy762_xenotype_duros>
			<guy762_xenotype_klatoonian MayRequire="guy762.StarWarsXenotypes">0.01</guy762_xenotype_klatoonian> <!--1.00-->
			<guy762_xenotype_kubaz MayRequire="guy762.StarWarsXenotypes">0.01</guy762_xenotype_kubaz>
			<guy762_xenotype_mimbanese MayRequire="guy762.StarWarsXenotypes">0.05</guy762_xenotype_mimbanese>
			<guy762_xenotype_nautolan MayRequire="guy762.StarWarsXenotypes">0.02</guy762_xenotype_nautolan>
			<guy762_xenotype_nikto MayRequire="guy762.StarWarsXenotypes">0.01</guy762_xenotype_nikto>
			<guy762_xenotype_quarren MayRequire="guy762.StarWarsXenotypes">0.10</guy762_xenotype_quarren>
			<guy762_xenotype_rodian MayRequire="guy762.StarWarsXenotypes">0.15</guy762_xenotype_rodian>
			<guy762_xenotype_snivvian MayRequire="guy762.StarWarsXenotypes">0.05</guy762_xenotype_snivvian>
			<guy762_xenotype_sullustan MayRequire="guy762.StarWarsXenotypes">0.08</guy762_xenotype_sullustan>
			<guy762_xenotype_togruta MayRequire="guy762.StarWarsXenotypes">0.12</guy762_xenotype_togruta>
			<guy762_xenotype_twilek MayRequire="guy762.StarWarsXenotypes">0.15</guy762_xenotype_twilek>
			<guy762_xenotype_weequay MayRequire="guy762.StarWarsXenotypes">0.02</guy762_xenotype_weequay>
			<guy762_xenotype_zabrak MayRequire="guy762.StarWarsXenotypes">0.05</guy762_xenotype_zabrak>
			<guy762_xenotype_zeltron MayRequire="guy762.StarWarsXenotypes">0.01</guy762_xenotype_zeltron>
		  </xenotypeChances>
		</xenotypeSet>
		<useFactionXenotypes>false</useFactionXenotypes>
	  </PawnKindDef>








	  
	  
	  
	  
	  
	  
	  
	  <PawnKindDef Name="CZ_employee" ParentName="KotORCivilian_Base">
		<defName>CZ_employee</defName>
		<label>Czerka employee</label>
		<defaultFactionType>guy762_KotORFaction_Czerka</defaultFactionType>
		<combatPower>25</combatPower>
		<itemQuality>Normal</itemQuality>
		<isFighter>false</isFighter>
		<apparelMoney>1000~2000</apparelMoney>
		<apparelTags Inherit="False">
		  <li>KotOREquipment_czerkatech</li>
		</apparelTags>
		<apparelRequired>
		   <li>guy762_Clothing_czerka</li>
		</apparelRequired>
		
		<!--weaponMoney>60~120</weaponMoney>
		<weaponTags>
		  <li>KotORWeapon_civilian</li>
		</weaponTags-->
		
		<techHediffsChance>0.06</techHediffsChance>
		<techHediffsMoney>50~600</techHediffsMoney>
		<techHediffsTags>
		  <li>Spacer</li>
		  <li>Simple</li>
		  <li>ImplantEmpireCommon</li>
		</techHediffsTags>
		
		<initialWillRange>0~1</initialWillRange>
		<initialResistanceRange>10~17</initialResistanceRange>
	  </PawnKindDef>
	  
	  <PawnKindDef Name="CZ_officer" ParentName="KotORCivilian_Base">
		<defName>CZ_officer</defName>
		<label>Czerka official</label>
		<defaultFactionType>guy762_KotORFaction_Czerka</defaultFactionType>
		<combatPower>50</combatPower>
		<maxPerGroup>3</maxPerGroup>
		<trader>true</trader>
		<factionLeader>true</factionLeader>
		<minGenerationAge>25</minGenerationAge>
		<maxGenerationAge>70</maxGenerationAge>
		<itemQuality>Excellent</itemQuality>
		<isFighter>false</isFighter>
		<apparelMoney>10000~25000</apparelMoney>
		<apparelTags Inherit="False">
		  <li>KotOREquipment_czerkatech</li>
		  <li>KotOREquipment_officer</li>
		  <li>KotORShield_strong</li>
		</apparelTags>
		<apparelRequired>
		   <li>guy762_Clothing_czerkaofficer</li>
		   <li>Apparel_AuthorityCap</li>
		</apparelRequired>
		<specificApparelRequirements>
			<li>
				<apparelLayer>Overhead</apparelLayer>
				<stuff>Synthread</stuff>
				<color>(75,115,90)</color>
			</li>
		</specificApparelRequirements>
		
		<weaponMoney>250~1000</weaponMoney>
		<weaponTags>
		  <li>CZ_officer</li>
		</weaponTags>
		
		<techHediffsChance>0.06</techHediffsChance>
		<techHediffsMoney>5000~10000</techHediffsMoney>
		<techHediffsTags>
		  <li>Spacer</li>
		  <li>ImplantEmpireCommon</li>
		</techHediffsTags>
		
		<skills>
			<li>
				<skill>Social</skill>
				<range>9~14</range>
			</li>
			<li>
				<skill>Intellectual</skill>
				<range>7~12</range>
			</li>
		</skills>
		<disallowedTraits>
		  <li>Kind</li>
		</disallowedTraits>
		<abilities>
			<li>WorkDrive</li>
			<!--li>MiningCommand</li>
			<li>FarmingCommand</li-->
		</abilities>
		
		<initialWillRange>0~1</initialWillRange>
		<initialResistanceRange>10~17</initialResistanceRange>
	  </PawnKindDef>
	  
	  
	
	  
	  <PawnKindDef Name="CZ_trooper" ParentName="Czerka_Base">
		<defName>CZ_trooper</defName>
		<label>Czerka enforcer</label>
		<combatPower>100</combatPower>
		<minGenerationAge>18</minGenerationAge>
		<maxGenerationAge>45</maxGenerationAge>
		<itemQuality>Good</itemQuality>
		<apparelMoney>5000~7500</apparelMoney>
		<apparelTags>
		  <li>BeltDefensePop</li>
		  <li>KotORShield_basic</li>
		  <li>KotORUtility_weakgrenade</li>
		  <li>KotOREquipment_basic</li>
		</apparelTags>
		<apparelRequired>
		   <li>guy762_glove_defense</li>
		   <li>guy762_LgtBattleArmor_TSL</li>
		   <li>guy762_HelmetLgtBattle_TSL</li>
		</apparelRequired>
		<apparelAllowHeadgearChance>1</apparelAllowHeadgearChance>
		<weaponMoney>800~2800</weaponMoney>
		<weaponTags>
		  <li>CZ_trooper</li>
		</weaponTags>
		<skills>
			<li>
				<skill>Shooting</skill>
				<range>6~14</range>
			</li>
			<li>
				<skill>Melee</skill>
				<range>4~8</range>
			</li>
		</skills>
		<inventoryOptions>
			<skipChance>0.25</skipChance>
			<subOptionsChooseOne>
				<li>
					<thingDef>guy762_medpac</thingDef>
					<countRange>1~3</countRange>
				</li>
				<li>
				  <thingDef>guy762_stim_battle</thingDef>
				  <countRange>0~1</countRange>
				</li>
				<!--li>
					<thingDef>credits</thingDef>
					<countRange>10~300</countRange>
				</li-->
			</subOptionsChooseOne>
		</inventoryOptions>
		
		<techHediffsChance>0.25</techHediffsChance>
		<techHediffsMoney>
			<min>1200</min>
			<max>2400</max>
		</techHediffsMoney>
		
		<initialWillRange>0.5~2</initialWillRange>
		<initialResistanceRange>5~10</initialResistanceRange>
		<disallowedTraits>
		  <li>Brawler</li>
		</disallowedTraits>
		<isFighter>true</isFighter>
		<apparelIgnoreSeasons>false</apparelIgnoreSeasons>
	  </PawnKindDef>
	  
	  
	  
	  
	  
	  <PawnKindDef Name="CZ_enforcer" ParentName="Czerka_Base">
		<defName>CZ_enforcer</defName>
		<label>Czerka enforcer</label>
		<combatPower>100</combatPower>
		<minGenerationAge>18</minGenerationAge>
		<maxGenerationAge>45</maxGenerationAge>
		<itemQuality>Good</itemQuality>
		<apparelMoney>5000~7500</apparelMoney>
		<apparelTags>
		  <li>KotORShield_basic</li>
		  <li>KotOREquipment_basic</li>
		</apparelTags>
		<apparelRequired>
		   <li>guy762_glove_defense</li>
		   <li>guy762_LgtBattleArmor_TSL</li>
		   <li>guy762_HelmetLgtBattle_TSL</li>
		</apparelRequired>
		<apparelAllowHeadgearChance>1</apparelAllowHeadgearChance>
		<weaponMoney>120~2000</weaponMoney>
		<weaponTags>
		  <li>CZ_enforcer</li>
		</weaponTags>
		<skills>
			<li>
				<skill>Shooting</skill>
				<range>4~8</range>
			</li>
			<li>
				<skill>Melee</skill>
				<range>6~14</range>
			</li>
		</skills>
		<inventoryOptions>
			<skipChance>0.1</skipChance>
			<subOptionsChooseOne>
				<li>
				  <thingDef>guy762_stim_str</thingDef>
				  <countRange>0~1</countRange>
				</li>
				<li>
				  <thingDef>guy762_stim_con</thingDef>
				  <countRange>0~1</countRange>
				</li>
				<li>
				  <thingDef>guy762_stim_dex</thingDef>
				  <countRange>0~1</countRange>
				</li>
			</subOptionsChooseOne>
		</inventoryOptions>
		
		<techHediffsChance>0.25</techHediffsChance>
		<techHediffsMoney>
			<min>1200</min>
			<max>2400</max>
		</techHediffsMoney>
		
		<disallowedTraits>
		  <li>ShootingAccuracy</li>
		</disallowedTraits>
		
		<initialWillRange>0.5~2</initialWillRange>
		<initialResistanceRange>5~10</initialResistanceRange>
		<isFighter>true</isFighter>
		<apparelIgnoreSeasons>false</apparelIgnoreSeasons>
	  </PawnKindDef>
	  
	  
	  <PawnKindDef Name="CZ_elitemerc" ParentName="KotORMerc_elite">
		<defName>CZ_elitemerc</defName>
		<defaultFactionType>guy762_KotORFaction_Czerka</defaultFactionType>
	  </PawnKindDef>
	  
	  
	  
	  <!--war droids-->  
	  
	  
	  
	  <PawnKindDef Name="CZ_droid_SentWD" ParentName="KotORDroidBad_SentWD" MayRequire="guy762.KotORDroids">
		<defName>CZ_droid_SentWD</defName>
		<defaultFactionType>guy762_KotORFaction_Czerka</defaultFactionType>
		<specificApparelRequirements Inherit="False" />
		<itemQuality>Good</itemQuality>
	  </PawnKindDef>
	  
	  <PawnKindDef Name="CZ_droid_ADMkI" ParentName="KotORDroidBad_ADMkI" MayRequire="guy762.KotORDroids">
		<defName>CZ_droid_ADMkI</defName>
		<defaultFactionType>guy762_KotORFaction_Czerka</defaultFactionType>
		<specificApparelRequirements Inherit="False" />
		<itemQuality>Good</itemQuality>
	  </PawnKindDef>
	  
	  <PawnKindDef Name="CZ_droid_ADMkIV" ParentName="KotORDroidBad_ADMkIV" MayRequire="guy762.KotORDroids">
		<defName>CZ_droid_ADMkIV</defName>
		<defaultFactionType>guy762_KotORFaction_Czerka</defaultFactionType>
		<label>heavy assault droid</label>
		<race>guy762_DroidRace_ADMkIV_sith</race>
		<specificApparelRequirements Inherit="False" />
		<itemQuality>Good</itemQuality>
		<apparelTags>
		  <li>KotORDroidWeapon_wardroid</li>
		  <li>KotORLgtCannon_flame</li>
		</apparelTags>
	  </PawnKindDef>
	  
	  
	  <!--civilian droids-->
	  
	  
	  <PawnKindDef Name="CZ_protocoldroid_GE3PD" ParentName="KotORDroidGood_GE3PD" MayRequire="guy762.KotORDroids">
		<defName>CZ_protocoldroid_GE3PD</defName>
		<defaultFactionType>guy762_KotORFaction_Czerka</defaultFactionType>
		<trader>true</trader>
		<skinColorOverride>(220,175,80)</skinColorOverride>
	  </PawnKindDef>
	  
	  <PawnKindDef Name="CZ_utilitydroid_3C" ParentName="KotORDroidGood_3C" MayRequire="guy762.KotORDroids">
		<defName>CZ_utilitydroid_3C</defName>
		<defaultFactionType>guy762_KotORFaction_Czerka</defaultFactionType>
	  </PawnKindDef>
	  
	  <PawnKindDef Name="CZ_utilitydroid_R8009" ParentName="KotORDroidGood_R8009" MayRequire="guy762.KotORDroids">
		<defName>CZ_utilitydroid_R8009</defName>
		<defaultFactionType>guy762_KotORFaction_Czerka</defaultFactionType>
	  </PawnKindDef>
	  
	  <PawnKindDef Name="CZ_miningdroid_KM1MD" ParentName="KotORDroidBad_KM1MD" MayRequire="guy762.KotORDroids">
		<defName>CZ_miningdroid_KM1MD</defName>
		<defaultFactionType>guy762_KotORFaction_Czerka</defaultFactionType>
	  </PawnKindDef>
	  
	  <PawnKindDef Name="CZ_miningdroid_KM1HMD" ParentName="KotORDroidBad_KM1HMD" MayRequire="guy762.KotORDroids">
		<defName>CZ_miningdroid_KM1HMD</defName>
		<defaultFactionType>guy762_KotORFaction_Czerka</defaultFactionType>
	  </PawnKindDef>
	  
	  <PawnKindDef Name="CZ_protocoldroid_GE3LD" ParentName="KotORDroidGood_GE3LD" MayRequire="guy762.KotORDroids">
		<defName>CZ_protocoldroid_GE3LD</defName>
		<defaultFactionType>guy762_KotORFaction_Czerka</defaultFactionType>
	  </PawnKindDef>
	  
	  
	  
	  
	  
	  
	  
	  
	  
	  
	  
	  
	  
	  <!--slaves-->	  
	  
	  
	  
	  <PawnKindDef Name="CZ_slave" ParentName="CzerkaSlave_AlienList">
		<defName>CZ_slave</defName>
		<label>indentured laborer</label>
		<combatPower>20</combatPower>
		<itemQuality>Awful</itemQuality>
		<gearHealthRange>0.2~0.8</gearHealthRange>
		<apparelMoney>0~0</apparelMoney>
		<apparelAllowHeadgearChance>1</apparelAllowHeadgearChance>
		<apparelTags>
			<li>czkera_slave</li>
		</apparelTags>
		<apparelRequired>
		   <li>Apparel_BodyStrap</li>	
		   <li>Apparel_Collar</li>
		   <li>guy762_Bodysuit_czerka</li>
		</apparelRequired>
		<specificApparelRequirements>
			<li>
				<apparelLayer>Shell</apparelLayer>
				<stuff>Synthread</stuff>
			</li>
			<li>
				<apparelLayer>Overhead</apparelLayer>
				<stuff>Steel</stuff>
			</li>
		</specificApparelRequirements>
		<requiredWorkTags>
		   <li>Firefighting</li>
		   <li>Hauling</li>
		</requiredWorkTags>
	  </PawnKindDef>
	  
	  
	  
	  
	  
	  

 </Defs>
