﻿<?xml version="1.0" encoding="utf-8" ?>

<Defs>

  <PawnKindDef Name="TrandoBase" Abstract="True">
    <race>Human</race>
	<defaultFactionType>guy762_KotORFaction_Trandoshans</defaultFactionType>
    <chemicalAddictionChance>0.35</chemicalAddictionChance>
    <backstoryCryptosleepCommonality>0.05</backstoryCryptosleepCommonality>
    <invNutrition>1</invNutrition>
    <biocodeWeaponChance>0.95</biocodeWeaponChance>
	<!--apparelTags>
	  <li>KotORHeadband_gasmask</li>
    </apparelTags-->
	<allowOldAgeInjuries>False</allowOldAgeInjuries>
    <requiredWorkTags>
      <li>Violent</li>
    </requiredWorkTags>

	<inventoryOptions>
      <subOptionsChooseOne>
        <li>
			<thingDef>guy762_KotORcredits</thingDef>
			<countRange>0~300</countRange>
		</li>
		<li>
			<thingDef>Pemmican</thingDef>
			<countRange>50~75</countRange>
		</li>
      </subOptionsChooseOne>
    </inventoryOptions>
	
  </PawnKindDef>
	
  
	<!--trandoshans-->

	<PawnKindDef Name="MercTrando_grunt" ParentName="TrandoBase">
		<defName>MercTrando_grunt</defName>
		<label>Trandoshan grunt</label>
		<combatPower>60</combatPower>
		<minGenerationAge>15</minGenerationAge>
		<maxGenerationAge>21</maxGenerationAge>
		<xenotypeSet>
			<xenotypeChances>
				<guy762_xenotype_trandoshan>999</guy762_xenotype_trandoshan>
			</xenotypeChances>
			<warnIfTotalAbove1>false</warnIfTotalAbove1>
		</xenotypeSet>
		<useFactionXenotypes>false</useFactionXenotypes>
		<gearHealthRange>0.7~1</gearHealthRange>
		<itemQuality>Poor</itemQuality>
		<apparelMoney>9999</apparelMoney>
		<apparelTags Inherit="False">
		  <li>KotORHeadband_gasmask</li>
		  <li>KotORUtility_weakgrenade</li>
		</apparelTags>
		<apparelRequired>
		   <li>guy762_Bodysuit_Dyeable</li>
		   <li>guy762_FlightVest</li>
		</apparelRequired>
		<specificApparelRequirements>
			<li>
				<apparelLayer>OnSkin</apparelLayer>
				<color>(205,205,100)</color>
			</li>
		</specificApparelRequirements>
		<skills>
		  <li>
			<skill>Shooting</skill>
			<range>5~10</range>
		  </li>
		  <li>
			<skill>Melee</skill>
			<range>5~10</range>
		  </li>
		</skills>
		<apparelAllowHeadgearChance>1</apparelAllowHeadgearChance>
		<weaponMoney>5000~23000</weaponMoney>
		<weaponTags>
		  <li>SaV_trando_grunt</li>
		</weaponTags>
		<inventoryOptions>
		  <skipChance>0.125</skipChance>
		  <subOptionsChooseOne>
			<li>
			  <thingDef>guy762_stim_battle</thingDef>
			  <countRange>0~1</countRange>
			</li>
			<li>
			  <thingDef>guy762_stim_con</thingDef>
			  <countRange>0~1</countRange>
			</li>
			<li>
			  <thingDef>guy762_stim_dex</thingDef>
			  <countRange>0~1</countRange>
			</li>
		  </subOptionsChooseOne>
		</inventoryOptions>
		<initialWillRange>0.5~2</initialWillRange>
		<initialResistanceRange>5~10</initialResistanceRange>
		<isFighter>true</isFighter>
		<apparelIgnoreSeasons>false</apparelIgnoreSeasons>
	</PawnKindDef>
	
	<PawnKindDef Name="MercTrando_slaver" ParentName="TrandoBase">
		<defName>MercTrando_slaver</defName>
		<label>Trandoshan slaver</label>
		<combatPower>80</combatPower>
		<minGenerationAge>18</minGenerationAge>
		<maxGenerationAge>55</maxGenerationAge>
		<xenotypeSet>
			<xenotypeChances>
				<guy762_xenotype_trandoshan>999</guy762_xenotype_trandoshan>
			</xenotypeChances>
			<warnIfTotalAbove1>false</warnIfTotalAbove1>
		</xenotypeSet>
		<useFactionXenotypes>false</useFactionXenotypes>
		<gearHealthRange>1.8~7</gearHealthRange>
		<itemQuality>Normal</itemQuality>
		<apparelMoney>9999</apparelMoney>
		<apparelTags Inherit="False">
		  <li>KotORHeadband_gasmask</li>
		  <li>KotORStealthBelt_basic</li>
		</apparelTags>
		<apparelRequired>
		   <li>guy762_CombatSuit_trando</li>
		   <li>guy762_Bodysuit</li>
		   <li>Apparel_Bandolier</li>
		</apparelRequired>
		<specificApparelRequirements>
			<li>
				<apparelLayer>OnSkin</apparelLayer>
				<color>(205,205,100)</color>
			</li>
			<li>
				<apparelLayer>Shell</apparelLayer>
				<stuff>KOTOR_FabricArmorweave</stuff>
				<color>(255,175,190)</color>
			</li>
		</specificApparelRequirements>
		<skills>
		  <li>
			<skill>Shooting</skill>
			<range>8~14</range>
		  </li>
		  <li>
			<skill>Melee</skill>
			<range>10~16</range>
		  </li>
		  <li>
			<skill>Animals</skill>
			<range>10~16</range>
		  </li>
		</skills>
		<apparelAllowHeadgearChance>1</apparelAllowHeadgearChance>
		<weaponMoney>5000~23000</weaponMoney>
		<weaponTags>
		  <li>SaV_trando_slaver</li>
		</weaponTags>
		<inventoryOptions>
		  <skipChance>0</skipChance>
		  <subOptionsChooseOne>
			<li>
			  <thingDef>guy762_stim_hyperbattle</thingDef>
			  <countRange>0~1</countRange>
			</li>
			<li>
			  <thingDef>guy762_stim_hypercon</thingDef>
			  <countRange>0~1</countRange>
			</li>
			<li>
			  <thingDef>guy762_stim_hyperdex</thingDef>
			  <countRange>0~1</countRange>
			</li>
			<li>
				<thingDef>guy762_medpac</thingDef>
				<countRange>1~3</countRange>
			</li>
		  </subOptionsChooseOne>
		</inventoryOptions>
		<initialWillRange>0.5~2</initialWillRange>
		<initialResistanceRange>5~10</initialResistanceRange>
		<isFighter>true</isFighter>
		<apparelIgnoreSeasons>false</apparelIgnoreSeasons>
		<disallowedTraits>
		  <li>Wimp</li>
		</disallowedTraits>
	</PawnKindDef>
	
	
	<PawnKindDef Name="MercTrando_merc" ParentName="TrandoBase">
		<defName>MercTrando_merc</defName>
		<label>Trandoshan merc</label>
		<combatPower>150</combatPower>
		<minGenerationAge>18</minGenerationAge>
		<maxGenerationAge>55</maxGenerationAge>
		<xenotypeSet>
			<xenotypeChances>
				<guy762_xenotype_trandoshan>999</guy762_xenotype_trandoshan>
			</xenotypeChances>
			<warnIfTotalAbove1>false</warnIfTotalAbove1>
		</xenotypeSet>
		<useFactionXenotypes>false</useFactionXenotypes>
		<gearHealthRange>1.8~7</gearHealthRange>
		<itemQuality>Normal</itemQuality>
		<apparelMoney>9999</apparelMoney>
		<apparelTags Inherit="False">
		  <li>KotORShield_basic</li>
		  <li>KotORHeadband_AdvGasmask</li>
		  <li>KotORUtility_utilitygrenade</li>
		  <li>KotOREquipment_basic</li>
		</apparelTags>
		<apparelRequired>
		   <li>guy762_MidBattleArmor_trando</li>
		   <li>guy762_Headband_bothan</li>
		   <li>Apparel_Slicecap</li>
		</apparelRequired>
		<specificApparelRequirements>
			<li>
				<apparelLayer>Overhead</apparelLayer>
				<stuff>Steel</stuff>
				<color>(175,90,50)</color>
			</li>
		</specificApparelRequirements>
		<skills>
		  <li>
			<skill>Shooting</skill>
			<range>10~15</range>
		  </li>
		  <li>
			<skill>Melee</skill>
			<range>8~14</range>
		  </li>
		</skills>
		<apparelAllowHeadgearChance>1</apparelAllowHeadgearChance>
		<weaponMoney>5000~23000</weaponMoney>
		<weaponTags>
		  <li>SaV_trando_merc</li>
		</weaponTags>
		<inventoryOptions>
		  <skipChance>0.125</skipChance>
		  <subOptionsChooseOne>
			<li>
			  <thingDef>guy762_stim_hyperbattle</thingDef>
			  <countRange>0~1</countRange>
			</li>
			<li>
			  <thingDef>guy762_stim_con</thingDef>
			  <countRange>0~1</countRange>
			</li>
			<li>
			  <thingDef>guy762_stim_dex</thingDef>
			  <countRange>0~1</countRange>
			</li>
			<li>
				<thingDef>guy762_medpac_adv</thingDef>
				<countRange>1~3</countRange>
			</li>
		  </subOptionsChooseOne>
		</inventoryOptions>
		<initialWillRange>0.5~2</initialWillRange>
		<initialResistanceRange>5~10</initialResistanceRange>
		<isFighter>true</isFighter>
		<apparelIgnoreSeasons>false</apparelIgnoreSeasons>
		<disallowedTraits>
		  <li>Wimp</li>
		</disallowedTraits>
	</PawnKindDef>
	
	<PawnKindDef Name="MercTrando_ham" ParentName="TrandoBase">
		<defName>MercTrando_ham</defName>
		<label>Trandoshan heavy assault merc</label>
		<combatPower>225</combatPower>
		<minGenerationAge>18</minGenerationAge>
		<maxGenerationAge>55</maxGenerationAge>
		<xenotypeSet>
			<xenotypeChances>
				<guy762_xenotype_trandoshan>999</guy762_xenotype_trandoshan>
			</xenotypeChances>
			<warnIfTotalAbove1>false</warnIfTotalAbove1>
		</xenotypeSet>
		<useFactionXenotypes>false</useFactionXenotypes>
		<gearHealthRange>1.8~7</gearHealthRange>
		<itemQuality>Normal</itemQuality>
		<apparelMoney>9999</apparelMoney>
		<apparelTags Inherit="False">
		  <li>KotORShield_strong</li>
		  <li>KotORHeadband_gasmask</li>
		  <li>KotORUtility_stronggrenade</li>
		  <li>KotOREquipment_adv</li>
		</apparelTags>
		<apparelRequired>
		   <li>guy762_Bodysuit</li>
		   <li>guy762_HvyArmor</li>
		   <li>Apparel_Bandolier</li>
		</apparelRequired>
		<specificApparelRequirements>
			<li>
				<apparelLayer>OnSkin</apparelLayer>
				<color>(115,125,120)</color>
			</li>
			<li>
				<apparelLayer>Middle</apparelLayer>
				<stuff>KOTOR_AlloyDurasteel</stuff>
			</li>
			<li>
				<apparelLayer>Shell</apparelLayer>
				<stuff>KOTOR_FabricArmorweave</stuff>
				<color>(255,175,190)</color>
			</li>
		</specificApparelRequirements>
		<skills>
		  <li>
			<skill>Shooting</skill>
			<range>12~16</range>
		  </li>
		  <li>
			<skill>Melee</skill>
			<range>12~16</range>
		  </li>
		</skills>
		<apparelAllowHeadgearChance>1</apparelAllowHeadgearChance>
		<weaponMoney>10000~23000</weaponMoney>
		<weaponTags>
		  <li>SaV_trando_ham</li>
		  <li>GunSingleUse</li>
		</weaponTags>
		<inventoryOptions>
		  <skipChance>0</skipChance>
		  <subOptionsChooseOne>
			<li>
			  <thingDef>guy762_stim_hyperstr</thingDef>
			  <countRange>1~2</countRange>
			</li>
			<li>
			  <thingDef>guy762_stim_hypercon</thingDef>
			  <countRange>1~2</countRange>
			</li>
			<li>
			  <thingDef>guy762_stim_hyperdex</thingDef>
			  <countRange>1~2</countRange>
			</li>
			<li>
				<thingDef>guy762_medpac_adv</thingDef>
				<countRange>1~3</countRange>
			</li>
		  </subOptionsChooseOne>
		</inventoryOptions>
		<initialWillRange>0.5~2</initialWillRange>
		<initialResistanceRange>5~10</initialResistanceRange>
		<isFighter>true</isFighter>
		<apparelIgnoreSeasons>false</apparelIgnoreSeasons>
		<disallowedTraits>
		  <li>Wimp</li>
		</disallowedTraits>
		<abilities>
			<li>BerserkTrance</li>
		</abilities>
		<modExtensions>
			<li Class="BodyTypeForPawnKind.ModExtension_BodyTypesOfPawnKind">
			  <whitelist>
				<li>Hulk</li>
			  </whitelist>
			  <blacklist>
			  </blacklist>
			  <priority>
				<!--When violates the black/whitelist, selected from these-->
				<li>Hulk</li>
			  </priority>
			  <!--Align body gender to pawn's gender (default: True)-->
			  <checkGender>False</checkGender>
			</li>
		</modExtensions>
	</PawnKindDef>
	
	
	
	
	
	
	<PawnKindDef Name="MercTrando_veteran" ParentName="TrandoBase">
		<defName>MercTrando_veteran</defName>
		<label>Trandoshan veteran</label>
		<combatPower>200</combatPower>
		<maxPerGroup>3</maxPerGroup>
		<factionLeader>true</factionLeader>
		<minGenerationAge>30</minGenerationAge>
		<maxGenerationAge>65</maxGenerationAge>
		<xenotypeSet>
			<xenotypeChances>
				<guy762_xenotype_trandoshan>999</guy762_xenotype_trandoshan>
			</xenotypeChances>
			<warnIfTotalAbove1>false</warnIfTotalAbove1>
		</xenotypeSet>
		<useFactionXenotypes>false</useFactionXenotypes>
		<gearHealthRange>1.8~7</gearHealthRange>
		<itemQuality>Excellent</itemQuality>
		<apparelMoney>99999</apparelMoney>
		<apparelTags Inherit="False">
		  <li>KotORShield_strong</li>
		  <li>KotORHeadband_AdvGasmask</li>
		  <li>KotORUtility_utilitygrenade</li>
		  <li>KotOREquipment_adv</li>
		  <li>KotORWristgun</li>
		</apparelTags>
		<apparelRequired>
		   <li>guy762_MidBattleArmor_powered</li>
		   <li>Apparel_Bandolier</li>
		</apparelRequired>
		<specificApparelRequirements>
			<li>
				<apparelLayer>Shell</apparelLayer>
				<stuff>KOTOR_FabricArmorweave</stuff>
				<color>(255,175,190)</color>
			</li>
		</specificApparelRequirements>
		<skills>
		  <li>
			<skill>Shooting</skill>
			<range>16~20</range>
		  </li>
		  <li>
			<skill>Melee</skill>
			<range>16~20</range>
		  </li>
		  <li>
			<skill>Animals</skill>
			<range>16~20</range>
		  </li>
		</skills>
		<apparelAllowHeadgearChance>1</apparelAllowHeadgearChance>
		<weaponMoney>5000~23000</weaponMoney>
		<weaponTags>
		  <li>SaV_trando_veteran</li>
		</weaponTags>
		<biocodeWeaponChance>1</biocodeWeaponChance>
		<inventoryOptions>
		  <skipChance>0.125</skipChance>
		  <subOptionsChooseOne>
			<li>
			  <thingDef>guy762_stim_battle</thingDef>
			  <countRange>0~1</countRange>
			</li>
			<li>
			  <thingDef>guy762_stim_con</thingDef>
			  <countRange>0~1</countRange>
			</li>
			<li>
			  <thingDef>guy762_stim_dex</thingDef>
			  <countRange>0~1</countRange>
			</li>
			<li>
				<thingDef>guy762_medpac_life</thingDef>
				<countRange>1~3</countRange>
			</li>
		  </subOptionsChooseOne>
		</inventoryOptions>
		<initialWillRange>0.5~2</initialWillRange>
		<initialResistanceRange>5~10</initialResistanceRange>
		<isFighter>true</isFighter>
		<apparelIgnoreSeasons>false</apparelIgnoreSeasons>
		<disallowedTraits>
		  <li>Wimp</li>
		</disallowedTraits>
		<abilities>
			<li>MarksmanCommand</li>
		</abilities>
	</PawnKindDef>
	
	
	
	


 </Defs>
