﻿<?xml version="1.0" encoding="utf-8" ?>

<Defs>
  
  
  
	<PawnKindDef Name="HuttCartelBase" Abstract="True">
		<race>Human</race>
		<defaultFactionType>guy762_KotORFaction_HuttCartel</defaultFactionType>
		<chemicalAddictionChance>0.35</chemicalAddictionChance>
		<backstoryCryptosleepCommonality>0.05</backstoryCryptosleepCommonality>
		<invNutrition>0.75</invNutrition>
		<biocodeWeaponChance>0.75</biocodeWeaponChance>
		<!--apparelTags>
		  <li>KotORHeadband_gasmask</li>
		</apparelTags-->
		<allowOldAgeInjuries>False</allowOldAgeInjuries>
		<requiredWorkTags>
		  <li>Violent</li>
		</requiredWorkTags>
		
		<inventoryOptions>
		  <subOptionsChooseOne>
			<li>
				<thingDef>guy762_KotORcredits</thingDef>
				<countRange>0~300</countRange>
			</li>
		  </subOptionsChooseOne>
		</inventoryOptions>
		
		<xenotypeSet>
		  <xenotypeChances>
			<Baseliner MayRequire="Ludeon.RimWorld.Biotech">0.05</Baseliner>
			<guy762_xenotype_aqualish MayRequire="guy762.StarWarsXenotypes">0.06</guy762_xenotype_aqualish> <!--1.00 total-->
			<guy762_xenotype_bith MayRequire="guy762.StarWarsXenotypes">0.02</guy762_xenotype_bith>
			<guy762_xenotype_bothan MayRequire="guy762.StarWarsXenotypes">0.02</guy762_xenotype_bothan>
			<guy762_xenotype_cathar MayRequire="guy762.StarWarsXenotypes">0.01</guy762_xenotype_cathar>
			<guy762_xenotype_devaronian MayRequire="guy762.StarWarsXenotypes">0.05</guy762_xenotype_devaronian>
			<guy762_xenotype_duros MayRequire="guy762.StarWarsXenotypes">0.04</guy762_xenotype_duros>
			<guy762_xenotype_falleen MayRequire="guy762.StarWarsXenotypes">0.01</guy762_xenotype_falleen>
			<guy762_xenotype_iridonian MayRequire="guy762.StarWarsXenotypes">0.02</guy762_xenotype_iridonian>
			<guy762_xenotype_klatoonian MayRequire="guy762.StarWarsXenotypes">0.10</guy762_xenotype_klatoonian>
			<guy762_xenotype_nautolan MayRequire="guy762.StarWarsXenotypes">0.01</guy762_xenotype_nautolan>
			<guy762_xenotype_nikto MayRequire="guy762.StarWarsXenotypes">0.10</guy762_xenotype_nikto>
			<guy762_xenotype_quarren MayRequire="guy762.StarWarsXenotypes">0.05</guy762_xenotype_quarren>
			<guy762_xenotype_rodian MayRequire="guy762.StarWarsXenotypes">0.10</guy762_xenotype_rodian>
			<guy762_xenotype_snivvian MayRequire="guy762.StarWarsXenotypes">0.01</guy762_xenotype_snivvian>
			<guy762_xenotype_sullustan MayRequire="guy762.StarWarsXenotypes">0.01</guy762_xenotype_sullustan>
			<guy762_xenotype_togruta MayRequire="guy762.StarWarsXenotypes">0.05</guy762_xenotype_togruta>
			<guy762_xenotype_trandoshan MayRequire="guy762.StarWarsXenotypes">0.05</guy762_xenotype_trandoshan>
			<guy762_xenotype_twilek MayRequire="guy762.StarWarsXenotypes">0.08</guy762_xenotype_twilek>
			<guy762_xenotype_weequay MayRequire="guy762.StarWarsXenotypes">0.10</guy762_xenotype_weequay>
			<guy762_xenotype_zabrak MayRequire="guy762.StarWarsXenotypes">0.05</guy762_xenotype_zabrak>
		  </xenotypeChances>
		</xenotypeSet>
	  </PawnKindDef>
	
	
	
  
		<!--gamorreans-->


	<PawnKindDef Name="HC_gamorrean_light" ParentName="HuttCartelBase">
		<defName>HC_gamorrean_light</defName>
		<label>Gamorrean warrior</label>
		<combatPower>90</combatPower>
		<minGenerationAge>18</minGenerationAge>
		<maxGenerationAge>55</maxGenerationAge>
		<xenotypeSet>
			<xenotypeChances>
				<guy762_xenotype_gamorrean>999</guy762_xenotype_gamorrean>
			</xenotypeChances>
			<warnIfTotalAbove1>false</warnIfTotalAbove1>
		</xenotypeSet>
		<useFactionXenotypes>false</useFactionXenotypes>
		<gearHealthRange>1.8~7</gearHealthRange>
		<itemQuality>Normal</itemQuality>
		<apparelMoney>500</apparelMoney>
		<apparelTags Inherit="False">
		  <li>Neolithic</li>
		  <li>KotORShield_basic</li>
		  <li>KotORGloves_gamorrean</li>
		</apparelTags>
		<apparelRequired>
			<li>guy762_Clothing_scumII</li>
			<li>Apparel_Broadwrap</li>
		</apparelRequired>
		<specificApparelRequirements>
			<li>
				<apparelLayer>Overhead</apparelLayer>
				<stuff>kotor_wool_bantha</stuff>
			</li>
			<li>
				<apparelLayer>Shell</apparelLayer>
				<stuff>Leather_Patch</stuff>
			</li>
			<li>
				<apparelLayer>OnSkin</apparelLayer>
				<colorGenerator Class="ColorGenerator_Options">
				  <options>
					<li>
						<only>(120,125,110)</only> <!-- drab green -->
					</li>
					<li>
						<only>(90,85,65)</only> <!-- grease green -->
					</li>
					<li>
						<only>(70,50,30)</only> <!-- brown -->
					</li>
				  </options>
				</colorGenerator>
			</li>
		</specificApparelRequirements>
		<apparelAllowHeadgearChance>1</apparelAllowHeadgearChance>
		<weaponMoney>750~2000</weaponMoney>
		<weaponTags>
		  <li>HC_gamorrean_melee</li>
		</weaponTags>
		<biocodeWeaponChance>0</biocodeWeaponChance>
		<initialWillRange>0.5~2</initialWillRange>
		<initialResistanceRange>5~10</initialResistanceRange>
		<isFighter>true</isFighter>
		<apparelIgnoreSeasons>false</apparelIgnoreSeasons>
	</PawnKindDef>
	
	<PawnKindDef Name="HC_gamorrean_heavy" ParentName="HuttCartelBase">
		<defName>HC_gamorrean_heavy</defName>
		<label>Gamorrean heavy</label>
		<combatPower>120</combatPower>
		<minGenerationAge>18</minGenerationAge>
		<maxGenerationAge>55</maxGenerationAge>
		<xenotypeSet>
			<xenotypeChances>
				<guy762_xenotype_gamorrean>999</guy762_xenotype_gamorrean>
			</xenotypeChances>
			<warnIfTotalAbove1>false</warnIfTotalAbove1>
		</xenotypeSet>
		<useFactionXenotypes>false</useFactionXenotypes>
		<gearHealthRange>1.8~7</gearHealthRange>
		<itemQuality>Good</itemQuality>
		<apparelMoney>750</apparelMoney>
		<apparelTags Inherit="False">
		  <li>Neolithic</li>
		  <li>KotORShield_mid</li>
		</apparelTags>
		<apparelRequired>
			<li>Apparel_PlateArmor</li>
			<li>Apparel_AdvancedHelmet</li>
			<li>guy762_glove_gamorrean</li>
			<li>guy762_Clothing_scumII</li>
		</apparelRequired>
		<specificApparelRequirements>
			<li>
				<apparelLayer>OnSkin</apparelLayer>
				<colorGenerator Class="ColorGenerator_Options">
				  <options>
					<li>
						<only>(120,125,110)</only> <!-- drab green -->
					</li>
					<li>
						<only>(90,85,65)</only> <!-- grease green -->
					</li>
					<li>
						<only>(70,50,30)</only> <!-- brown -->
					</li>
				  </options>
				</colorGenerator>
			</li>
		</specificApparelRequirements>
		<apparelAllowHeadgearChance>0.5</apparelAllowHeadgearChance>
		<weaponMoney>750</weaponMoney>
		<weaponTags>
		  <li>MedievalMeleeDecent</li>
		  <li>MedievalMeleeAdvanced</li>
		  <li>KotORRanged_basicrifle</li>
		  <li>KotORRanged_basicrepeater</li>
		  <li>SaV_heavy</li>
		</weaponTags>
		<skills>
			<li>
				<skill>Shooting</skill>
				<range>5~20</range>
			</li>
		</skills>
		<biocodeWeaponChance>0.2</biocodeWeaponChance>
		<initialWillRange>0.5~2</initialWillRange>
		<initialResistanceRange>5~10</initialResistanceRange>
		<isFighter>true</isFighter>
		<apparelIgnoreSeasons>false</apparelIgnoreSeasons>
	</PawnKindDef>

	
	
	
	
	
	
	
	
	
	
	
	<PawnKindDef Name="HC_trando_thug" ParentName="MercTrando_grunt">
		<defName>HC_trando_thug</defName>
		<label>Trandoshan thug</label>
		<defaultFactionType>guy762_KotORFaction_HuttCartel</defaultFactionType>
		<combatPower>50</combatPower>
		<minGenerationAge>18</minGenerationAge>
		<maxGenerationAge>55</maxGenerationAge>
	  </PawnKindDef>
	
	<PawnKindDef Name="HC_trando_vet" ParentName="MercTrando_veteran">
		<defName>HC_trando_vet</defName>
		<label>Trandoshan veteran</label>
		<defaultFactionType>guy762_KotORFaction_HuttCartel</defaultFactionType>
		<combatPower>350</combatPower>
		<factionLeader>false</factionLeader>
	  </PawnKindDef> 
	
	
	
	
	
	
	  <PawnKindDef Name="HC_bountyhunter_light" ParentName="Exchange_bountyhunter_light">
		<defName>HC_bountyhunter_light</defName>
		<defaultFactionType>guy762_KotORFaction_HuttCartel</defaultFactionType>
		<combatPower>80</combatPower>
	  </PawnKindDef>
	  
	  <PawnKindDef Name="HC_bountyhunter_mid" ParentName="Exchange_bountyhunter_mid">
		<defName>HC_bountyhunter_mid</defName>
		<defaultFactionType>guy762_KotORFaction_HuttCartel</defaultFactionType>
		<combatPower>110</combatPower>
	  </PawnKindDef>
	
	  <PawnKindDef Name="HC_bountyhunter_heavy" ParentName="Exchange_bountyhunter_heavy">
		<defName>HC_bountyhunter_heavy</defName>
		<defaultFactionType>guy762_KotORFaction_HuttCartel</defaultFactionType>
		<combatPower>140</combatPower>
	  </PawnKindDef>
	  
	  <PawnKindDef Name="HC_bountyhunter_star" ParentName="Exchange_bountyhunter_star">
		<defName>HC_bountyhunter_star</defName>
		<defaultFactionType>guy762_KotORFaction_HuttCartel</defaultFactionType>
		<!--combatPower>500</combatPower-->
	  </PawnKindDef>
	
	
	
	
	
	
	
	
	
	
	
	<PawnKindDef Name="HC_wardroid_weak_Dev" ParentName="KotORDroidBad_DevWD_weak" MayRequire="guy762.KotORDroids">
		<defName>HC_wardroid_weak_Dev</defName>
		<defaultFactionType>guy762_KotORFaction_HuttCartel</defaultFactionType>
	</PawnKindDef>
	
	<PawnKindDef Name="HC_wardroid_strong_Dev" ParentName="KotORDroidBad_DevWD_strong" MayRequire="guy762.KotORDroids">
		<defName>HC_wardroid_strong_Dev</defName>
		<defaultFactionType>guy762_KotORFaction_HuttCartel</defaultFactionType>
	</PawnKindDef>
	
	<PawnKindDef Name="HC_gladiator" ParentName="KotORDroidBase_bad">
		<defName>HC_gladiatordroid</defName>
		<defaultFactionType>guy762_KotORFaction_HuttCartel</defaultFactionType>
		<label>gladiator droid</label>
		<race>guy762_DroidRace_DevWD</race>
		<skinColorOverride>(130,120,110)</skinColorOverride>
		<combatPower>150</combatPower>
		<itemQuality>Normal</itemQuality>
		<apparelMoney>2500~7500</apparelMoney>
		<apparelTags>
		  <li>KotORDroidArmorT1_gladiator</li>
		  <li>KotORDroidUpgrade_combat</li>
		  <li>SaV_DroidShield_gladiator</li>
		</apparelTags>
		<apparelRequired>
		   <li>guy762_DroidArmorLte_impact</li>
		</apparelRequired>
		<specificApparelRequirements>
			<li>
				<apparelLayer>OnSkin</apparelLayer>
				<alternateTagChoices>
				  <li>
					<tag>KotORDroidArmorT1_gladiator</tag>
					<chance>0.45</chance>
				  </li>
				</alternateTagChoices>
			</li>
		</specificApparelRequirements>
		<weaponMoney>2500~7500</weaponMoney>
		<weaponTags>
		  <li>SaV_gladiator</li>
		</weaponTags>
	  </PawnKindDef>
	
	
	
	
	
	
	
	<!--enforcers-->


	<PawnKindDef Name="HC_soldier_light" ParentName="HuttCartelBase">
		<defName>HC_soldier_light</defName>
		<label>kajidic soldier</label>
		<combatPower>50</combatPower>
		<minGenerationAge>18</minGenerationAge>
		<maxGenerationAge>55</maxGenerationAge>
		<xenotypeSet Inherit="False">
			<xenotypeChances>
				<guy762_xenotype_nikto>0.40</guy762_xenotype_nikto>
				<guy762_xenotype_rodian>0.05</guy762_xenotype_rodian>
				<guy762_xenotype_klatoonian>0.40</guy762_xenotype_klatoonian>
				<guy762_xenotype_weequay>0.15</guy762_xenotype_weequay>
			</xenotypeChances>
			<warnIfTotalAbove1>false</warnIfTotalAbove1>
		</xenotypeSet>
		<useFactionXenotypes>false</useFactionXenotypes>
		<gearHealthRange>0.7~1</gearHealthRange>
		<itemQuality>Poor</itemQuality>
		<apparelMoney>9999</apparelMoney>
		<apparelTags Inherit="False">
		  <li>KotORUtility_weakgrenade</li>
		  <li>SaV_apparel_huttgoon</li>
		</apparelTags>
		<apparelRequired>
		   <li>guy762_HvySuit_hutt</li>
		   <li>guy762_Clothing_scum</li>
		</apparelRequired>
		<skills>
		  <li>
			<skill>Shooting</skill>
			<range>6~14</range>
		  </li>
		</skills>
		<apparelAllowHeadgearChance>0.5</apparelAllowHeadgearChance>
		<weaponMoney>750~1250</weaponMoney>
		<weaponTags>
		  <li>HC_soldier</li>
		</weaponTags>
		<initialWillRange>0.5~2</initialWillRange>
		<initialResistanceRange>5~10</initialResistanceRange>
		<isFighter>true</isFighter>
		<apparelIgnoreSeasons>false</apparelIgnoreSeasons>
	</PawnKindDef>
	
	
	
	<PawnKindDef Name="HC_soldier_mid" ParentName="HuttCartelBase">
		<defName>HC_soldier_mid</defName>
		<label>kajidic enforcer</label>
		<combatPower>80</combatPower>
		<minGenerationAge>18</minGenerationAge>
		<maxGenerationAge>45</maxGenerationAge>
		<xenotypeSet Inherit ="False">
			<xenotypeChances>
				<guy762_xenotype_nikto>0.40</guy762_xenotype_nikto>
				<guy762_xenotype_rodian>0.05</guy762_xenotype_rodian>
				<guy762_xenotype_klatoonian>0.40</guy762_xenotype_klatoonian>
				<guy762_xenotype_weequay>0.15</guy762_xenotype_weequay>
			</xenotypeChances>
			<warnIfTotalAbove1>false</warnIfTotalAbove1>
		</xenotypeSet>
		<useFactionXenotypes>false</useFactionXenotypes>
		<gearHealthRange>0.7~1</gearHealthRange>
		<itemQuality>Normal</itemQuality>
		<apparelMoney>9999</apparelMoney>
		<apparelTags Inherit="False">
		  <li>KotORUtility_weakgrenade</li>
		  <li>KotORShield_basic</li>
		  <li>KotOREquipment_basic</li>
		  <li>SaV_apparel_huttgoon_adv</li>
		</apparelTags>
		<apparelRequired>
		   <li>guy762_MilSuit_cinnagar</li>
		   <li>guy762_Clothing_scumII</li>
		</apparelRequired>
		<specificApparelRequirements>
			<li>
				<apparelLayer>OnSkin</apparelLayer>
				<color>(45,85,95)</color>
			</li>
		</specificApparelRequirements>
		<skills>
		  <li>
			<skill>Melee</skill>
			<range>8~16</range>
		  </li>
		</skills>
		<apparelAllowHeadgearChance>0.5</apparelAllowHeadgearChance>
		<weaponMoney>1000~2500</weaponMoney>
		<weaponTags>
		  <li>HC_enforcer</li>
		</weaponTags>
		<initialWillRange>0.5~2</initialWillRange>
		<initialResistanceRange>5~10</initialResistanceRange>
		<isFighter>true</isFighter>
		<apparelIgnoreSeasons>false</apparelIgnoreSeasons>
	</PawnKindDef>
	
	<PawnKindDef Name="HC_soldier_strong" ParentName="HuttCartelBase">
		<defName>HC_soldier_strong</defName>
		<label>kajidic executioner</label>
		<combatPower>140</combatPower>
		<minGenerationAge>18</minGenerationAge>
		<maxGenerationAge>45</maxGenerationAge>
		<xenotypeSet Inherit ="False">
			<xenotypeChances>
				<guy762_xenotype_nikto>0.40</guy762_xenotype_nikto>
				<guy762_xenotype_rodian>0.05</guy762_xenotype_rodian>
				<guy762_xenotype_klatoonian>0.40</guy762_xenotype_klatoonian>
				<guy762_xenotype_weequay>0.15</guy762_xenotype_weequay>
			</xenotypeChances>
			<warnIfTotalAbove1>false</warnIfTotalAbove1>
		</xenotypeSet>
		<useFactionXenotypes>false</useFactionXenotypes>
		<itemQuality>Excellent</itemQuality>
		<apparelMoney>10000~25000</apparelMoney>
		<apparelTags Inherit="False">
		  <li>KotORUtility_stronggrenade</li>
		  <li>KotORShield_strong</li>
		  <li>KotOREquipment_adv</li>
		  <li>SaV_apparel_huttgoon_adv</li>
		</apparelTags>
		<apparelRequired>
		   <li>guy762_MidBattleArmor_cinnagar</li>
		</apparelRequired>
		<skills>
		  <li>
			<skill>Shooting</skill>
			<range>14~18</range>
		  </li>
		  <li>
			<skill>Melee</skill>
			<range>8~14</range>
		  </li>
		</skills>
		<apparelAllowHeadgearChance>0.5</apparelAllowHeadgearChance>
		<weaponMoney>5000~10000</weaponMoney>
		<weaponTags>
		  <li>HC_elite</li>
		</weaponTags>
		<initialWillRange>0.5~2</initialWillRange>
		<initialResistanceRange>5~10</initialResistanceRange>
		<isFighter>true</isFighter>
		<apparelIgnoreSeasons>false</apparelIgnoreSeasons>
	</PawnKindDef>
	
	
	
	
	
	
	
	
	
	
	
	
	
	
	
	
	
	
	
	
	
	<PawnKindDef Name="HC_echaniguard" ParentName="Exchange_echani_heavy">
		<defName>HC_echaniguard</defName>
		<defaultFactionType>guy762_KotORFaction_HuttCartel</defaultFactionType>
		<minGenerationAge>18</minGenerationAge>
		<maxGenerationAge>26</maxGenerationAge>
		<fixedGender>Female</fixedGender>
		<apparelRequired Inherit="False">
		   <li>guy762_HvyArmor_echani</li>	
		</apparelRequired>
		<specificApparelRequirements Inherit="False" />
	  </PawnKindDef>
	
	
	<PawnKindDef Name="HC_protocoldroid_GE3" ParentName="KotORDroidGood_GE3PD" MayRequire="guy762.KotORDroids">
		<defName>HC_protocoldroid_GE3</defName>
		<label>interpreter droid</label>
		<defaultFactionType>guy762_KotORFaction_HuttCartel</defaultFactionType>
		<skinColorOverride>(220,175,80)</skinColorOverride>
	  </PawnKindDef>
	  
	  <PawnKindDef Name="HC_smuggler" ParentName="KotORCiv_smuggler" MayRequire="guy762.KotORDroids">
		<defName>HC_smuggler</defName>
		<defaultFactionType>guy762_KotORFaction_HuttCartel</defaultFactionType>
		<trader>true</trader>
	  </PawnKindDef>
	  
	  <PawnKindDef Name="HC_roguetrader" ParentName="HuttCartelBase">
		<defName>HC_roguetrader</defName>
		<label>merchant-lord</label>
		<trader>true</trader>
		<maxPerGroup>3</maxPerGroup>
		<nameMaker>guy762_PawnNamer_GlupShitto</nameMaker>
		<xenotypeSet Inherit ="False">
		  <xenotypeChances>
			<Baseliner MayRequire="Ludeon.RimWorld.Biotech">0.01</Baseliner>
			<guy762_xenotype_aqualish MayRequire="guy762.StarWarsXenotypes">0.10</guy762_xenotype_aqualish>
			<guy762_xenotype_bothan MayRequire="guy762.StarWarsXenotypes">0.02</guy762_xenotype_bothan>
			<guy762_xenotype_devaronian MayRequire="guy762.StarWarsXenotypes">0.10</guy762_xenotype_devaronian>
			<guy762_xenotype_duros MayRequire="guy762.StarWarsXenotypes">0.03</guy762_xenotype_duros>
			<guy762_xenotype_falleen MayRequire="Ludeon.RimWorld.Biotech">0.03</guy762_xenotype_falleen>
			<guy762_xenotype_kubaz MayRequire="Ludeon.RimWorld.Biotech">0.05</guy762_xenotype_kubaz>
			<guy762_xenotype_mirialan MayRequire="Ludeon.RimWorld.Biotech">0.05</guy762_xenotype_mirialan>
			<guy762_xenotype_nemoidian MayRequire="Ludeon.RimWorld.Biotech">0.10</guy762_xenotype_nemoidian>
			<guy762_xenotype_quarren MayRequire="guy762.StarWarsXenotypes">0.10</guy762_xenotype_quarren>
			<guy762_xenotype_rodian MayRequire="guy762.StarWarsXenotypes">0.02</guy762_xenotype_rodian>
			<guy762_xenotype_snivvian MayRequire="guy762.StarWarsXenotypes">0.10</guy762_xenotype_snivvian>
			<guy762_xenotype_sullustan MayRequire="guy762.StarWarsXenotypes">0.02</guy762_xenotype_sullustan>
			<guy762_xenotype_togruta MayRequire="guy762.StarWarsXenotypes">0.05</guy762_xenotype_togruta>
			<guy762_xenotype_twilek MayRequire="guy762.StarWarsXenotypes">0.05</guy762_xenotype_twilek>
			<guy762_xenotype_umbaran MayRequire="guy762.StarWarsXenotypes">0.01</guy762_xenotype_umbaran>
			<guy762_xenotype_weequay MayRequire="guy762.StarWarsXenotypes">0.05</guy762_xenotype_weequay>
			<guy762_xenotype_zeltron MayRequire="guy762.StarWarsXenotypes">0.05</guy762_xenotype_zeltron>
			<guy762_xenotype_zygerrian MayRequire="guy762.StarWarsXenotypes">0.05</guy762_xenotype_zygerrian> <!--1.00-->
		  </xenotypeChances>
		</xenotypeSet>
		<useFactionXenotypes>false</useFactionXenotypes>
		<combatPower>50</combatPower>
		<minGenerationAge>30</minGenerationAge>
		<maxGenerationAge>75</maxGenerationAge>
		<gearHealthRange>10</gearHealthRange>
		<itemQuality>Excellent</itemQuality>
		<apparelMoney>5000~15000</apparelMoney>
		<apparelTags>
		  <li>IndustrialMilitaryBasic</li>
		  <li>IndustrialMilitaryAdvanced</li>
		  <li>KotOREquipment_adv</li>
		  <li>SaV_apparel_roguetrader</li>
		  <li>KotORClothing_smuggler</li>
		  <li>Royal</li>
		  <li>KotORShield_mid</li>
		</apparelTags>
		<apparelAllowHeadgearChance>0.35</apparelAllowHeadgearChance>
		<specificApparelRequirements>
		  <li>
			<bodyPartGroup>UpperHead</bodyPartGroup>
			<requiredTag>RoyalTier2</requiredTag>
		  </li>
		</specificApparelRequirements>
		<weaponMoney>5000~14999</weaponMoney>
		<weaponTags>
		  <li>SaV_roguetrader</li>
		</weaponTags>
		<techHediffsChance>4</techHediffsChance>
		<techHediffsMoney>2000~4000</techHediffsMoney>
		<techHediffsTags>
		  <li>Advanced</li>
		  <li>ImplantEmpireRoyal</li>
		  <li>ImplantEmpireCommon</li>
		</techHediffsTags>
		<techHediffsDisallowTags>
		  <li>PainCauser</li>
		</techHediffsDisallowTags>
		<inventoryOptions  Inherit ="False">
		  <skipChance>0.05</skipChance>
		  <subOptionsChooseOne>
			<li>
			  <thingDef>guy762_stim_echani</thingDef>
			  <countRange>0~1</countRange>
			</li>
			<li>
			  <thingDef>guy762_stim_hypercon</thingDef>
			  <countRange>0~1</countRange>
			</li>
			<li>
			  <thingDef>guy762_stim_hyperdex</thingDef>
			  <countRange>0~1</countRange>
			</li>
			<li>
				<thingDef>guy762_medpac_life</thingDef>
				<countRange>2~4</countRange>
			</li>
			<li>
				<thingDef>guy762_KotORcredits</thingDef>
				<countRange>3600~8200</countRange>
			</li>
		  </subOptionsChooseOne>
		</inventoryOptions>
		<skills>
			<li>
				<skill>Social</skill>
				<range>12~16</range>
			</li>
		</skills>
		
		<initialWillRange>0.5~2</initialWillRange>
		<initialResistanceRange>5~10</initialResistanceRange>
		<allowOldAgeInjuries>True</allowOldAgeInjuries>
		<apparelIgnoreSeasons>false</apparelIgnoreSeasons>
	  </PawnKindDef>
	  
	  
	  <PawnKindDef Name="HC_hutt_trader" ParentName="HuttCartelBase">
		<defName>HC_hutt_trader</defName>
		<label>kajidic associate</label>
		<combatPower>80</combatPower>
		<trader>true</trader>
		<maxPerGroup>3</maxPerGroup>
		<minGenerationAge>300</minGenerationAge>
		<maxGenerationAge>750</maxGenerationAge>
		<xenotypeSet>
			<xenotypeChances>
				<guy762_xenotype_hutt>999</guy762_xenotype_hutt>
			</xenotypeChances>
			<warnIfTotalAbove1>false</warnIfTotalAbove1>
		</xenotypeSet>
		<useFactionXenotypes>false</useFactionXenotypes>
		<gearHealthRange>10</gearHealthRange>
		<itemQuality>Excellent</itemQuality>
		<apparelMoney>5000~15000</apparelMoney>
		<apparelTags Inherit="False">
		  <li>KotORShield_strong</li>
		  <li>KotOREquipment_rare</li>
		  <li>Apparel_Yttakin</li>
		</apparelTags>
		<apparelAllowHeadgearChance>0</apparelAllowHeadgearChance>
		<weaponMoney>12000~99999</weaponMoney>
		<weaponTags>
		  <li>SaV_gangboss</li>
		</weaponTags>
		<techHediffsChance>4</techHediffsChance>
		<techHediffsMoney>2000~4000</techHediffsMoney>
		<techHediffsTags>
		  <li>Advanced</li>
		  <li>ImplantEmpireRoyal</li>
		  <li>ImplantEmpireCommon</li>
		</techHediffsTags>
		<techHediffsDisallowTags>
		  <li>PainCauser</li>
		</techHediffsDisallowTags>
		<inventoryOptions>
		  <skipChance>0.05</skipChance>
		  <subOptionsChooseOne>
			<li>
				<thingDef>guy762_medpac_life</thingDef>
				<countRange>1~3</countRange>
			</li>
		  </subOptionsChooseOne>
		</inventoryOptions>
		<skills>
			<li>
				<skill>Social</skill>
				<range>12~18</range>
			</li>
		</skills>
		<disallowedTraits>
		  <li>Brawler</li>
		</disallowedTraits>
		
		<initialWillRange>0.5~2</initialWillRange>
		<initialResistanceRange>5~10</initialResistanceRange>
		<allowOldAgeInjuries>True</allowOldAgeInjuries>
		<apparelIgnoreSeasons>true</apparelIgnoreSeasons>
	</PawnKindDef>
	
	
	<PawnKindDef Name="HC_majordomo" ParentName="HuttCartelBase">
		<defName>HC_majordomo</defName>
		<label>majordomo</label>
		<maxPerGroup>1</maxPerGroup>
		<trader>true</trader>
		<xenotypeSet>
		  <xenotypeChances>
			<guy762_xenotype_bith MayRequire="guy762.StarWarsXenotypes">0.11</guy762_xenotype_bith>
			<guy762_xenotype_bothan MayRequire="guy762.StarWarsXenotypes">0.11</guy762_xenotype_bothan>
			<guy762_xenotype_devaronian MayRequire="guy762.StarWarsXenotypes">0.11</guy762_xenotype_devaronian>
			<guy762_xenotype_quarren MayRequire="guy762.StarWarsXenotypes">0.11</guy762_xenotype_quarren>
			<guy762_xenotype_rodian MayRequire="guy762.StarWarsXenotypes">0.11</guy762_xenotype_rodian>
			<guy762_xenotype_togruta MayRequire="guy762.StarWarsXenotypes">0.11</guy762_xenotype_togruta>
			<guy762_xenotype_twilek MayRequire="guy762.StarWarsXenotypes">0.11</guy762_xenotype_twilek>
			<guy762_xenotype_weequay MayRequire="guy762.StarWarsXenotypes">0.11</guy762_xenotype_weequay>
			<guy762_xenotype_zygerrian MayRequire="guy762.StarWarsXenotypes">0.11</guy762_xenotype_zygerrian>
		  </xenotypeChances>
		</xenotypeSet>
		<combatPower>50</combatPower>
		<minGenerationAge>30</minGenerationAge>
		<maxGenerationAge>75</maxGenerationAge>
		<gearHealthRange>10</gearHealthRange>
		<itemQuality>Excellent</itemQuality>
		<apparelMoney>5000~15000</apparelMoney>
		<apparelTags>
		  <li>IndustrialMilitaryBasic</li>
		  <li>IndustrialMilitaryAdvanced</li>
		  <li>KotOREquipment_rare</li>
		  <li>SaV_apparel_crimelord</li>
		  <li>Royal</li>
		  <li>KotORShield_strong</li>
		</apparelTags>
		<apparelAllowHeadgearChance>0</apparelAllowHeadgearChance>
		<weaponMoney>5000~99999</weaponMoney>
		<weaponTags>
		  <li>SaV_gangboss</li>
		</weaponTags>
		<techHediffsChance>4</techHediffsChance>
		<techHediffsMoney>2000~4000</techHediffsMoney>
		<techHediffsTags>
		  <li>Advanced</li>
		  <li>ImplantEmpireRoyal</li>
		  <li>ImplantEmpireCommon</li>
		</techHediffsTags>
		<techHediffsDisallowTags>
		  <li>PainCauser</li>
		</techHediffsDisallowTags>
		<inventoryOptions>
		  <skipChance>0.05</skipChance>
		  <subOptionsChooseOne>
			<li>
				<thingDef>guy762_medpac_life</thingDef>
				<countRange>1~3</countRange>
			</li>
		  </subOptionsChooseOne>
		</inventoryOptions>
		<skills>
			<li>
				<skill>Social</skill>
				<range>10~16</range>
			</li>
		</skills>
		
		<initialWillRange>0.5~2</initialWillRange>
		<initialResistanceRange>5~10</initialResistanceRange>
		<allowOldAgeInjuries>True</allowOldAgeInjuries>
		<apparelIgnoreSeasons>false</apparelIgnoreSeasons>
	  </PawnKindDef>
	
	<PawnKindDef Name="HC_hutt_lord" ParentName="HuttCartelBase">
		<defName>HC_hutt_lord</defName>
		<label>kajidic lord</label>
		<combatPower>500</combatPower>
		<factionLeader>true</factionLeader>
		<maxPerGroup>1</maxPerGroup>
		<minGenerationAge>300</minGenerationAge>
		<maxGenerationAge>950</maxGenerationAge>
		<xenotypeSet>
			<xenotypeChances>
				<guy762_xenotype_hutt>999</guy762_xenotype_hutt>
			</xenotypeChances>
			<warnIfTotalAbove1>false</warnIfTotalAbove1>
		</xenotypeSet>
		<useFactionXenotypes>false</useFactionXenotypes>
		<gearHealthRange>10</gearHealthRange>
		<itemQuality>Masterwork</itemQuality>
		<apparelMoney>5000~15000</apparelMoney>
		<apparelTags Inherit="False">
		  <li>KotORShield_strong</li>
		  <li>KotORShield_hapan</li>
		  <li>KotOREquipment_rare</li>
		</apparelTags>
		<apparelAllowHeadgearChance>0</apparelAllowHeadgearChance>
		<weaponMoney>12000~99999</weaponMoney>
		<weaponTags>
		  <li>SaV_crimelord</li>
		</weaponTags>
		<techHediffsChance>4</techHediffsChance>
		<techHediffsMoney>2000~4000</techHediffsMoney>
		<techHediffsTags>
		  <li>Advanced</li>
		  <li>ImplantEmpireRoyal</li>
		  <li>ImplantEmpireCommon</li>
		</techHediffsTags>
		<techHediffsDisallowTags>
		  <li>PainCauser</li>
		</techHediffsDisallowTags>
		<inventoryOptions>
		  <skipChance>0.05</skipChance>
		  <subOptionsChooseOne>
			<li>
				<thingDef>guy762_medpac_life</thingDef>
				<countRange>1~3</countRange>
			</li>
		  </subOptionsChooseOne>
		</inventoryOptions>
		<skills>
			<li>
				<skill>Social</skill>
				<range>14~20</range>
			</li>
			<li>
				<skill>Intellectual</skill>
				<range>12~18</range>
			</li>
		</skills>
		<disallowedTraits>
		  <li>Brawler</li>
		</disallowedTraits>
		
		<initialWillRange>0.5~2</initialWillRange>
		<initialResistanceRange>5~10</initialResistanceRange>
		<allowOldAgeInjuries>True</allowOldAgeInjuries>
		<apparelIgnoreSeasons>true</apparelIgnoreSeasons>
	</PawnKindDef>


 </Defs>
